file_name,x1,x2,y1,y2,label,filter
image_1_2,321,338,0,26,public_area,1
image_1_2,284,427,258,343,public_area,1
image_1_2,307,344,215,248,public_area,1
image_1_2,334,344,166,179,service,1
image_1_2,359,511,373,464,public_area,1
image_1_2,319,342,132,149,service,1
image_1_2,359,418,24,79,public_area,1
image_1_5,415,510,52,268,public_area,1
image_1_5,405,476,370,511,public_area,1
image_2_0,375,511,1,184,room,1
image_2_0,377,511,191,369,room,1
image_2_0,286,512,313,512,room,1
image_4_0,207,510,0,512,room,1
image_4_1,157,401,91,233,room,1
image_4_1,282,511,410,512,room,1
image_4_1,332,512,8,426,room,1
image_4_3,167,333,97,167,public_area,1
image_4_3,333,475,1,511,public_area,1
image_6_1,350,425,468,512,public_area,1
image_6_1,347,374,307,366,public_area,1
image_6_1,374,388,75,193,public_area,1
image_6_1,380,455,111,174,public_area,1
image_6_1,362,458,171,242,public_area,1
image_6_1,359,389,251,310,public_area,1
image_7_0,406,512,97,386,public_area,1
image_7_2,339,421,268,295,public_area,1
image_8_0,193,394,69,368,room,1
image_8_0,227,282,0,58,room,1
image_8_0,240,511,180,512,room,1
image_8_0,200,267,70,152,room,1
image_8_1,497,512,174,247,public_area,1
image_8_2,350,390,339,373,public_area,1
image_8_2,355,394,100,132,public_area,1
image_8_2,151,222,390,431,public_area,1
image_8_2,334,482,198,295,public_area,1
image_9_0,386,430,0,79,public_area,1
image_11_0,317,332,346,357,public_area,1
image_12_0,172,510,151,511,public_area,1
image_12_2,315,431,30,177,food,1
image_12_2,303,511,234,490,food,1
image_12_2,224,303,182,366,food,1
image_12_2,79,159,129,369,food,1
image_14_1,285,341,222,321,public_area,1
image_14_1,288,354,413,511,public_area,1
image_14_1,396,467,77,154,public_area,1
image_14_1,366,511,174,233,food,1
image_15_1,332,404,89,150,public_area,1
image_15_1,303,364,208,261,public_area,1
image_15_1,230,262,195,245,public_area,1
image_15_1,240,266,324,362,public_area,1
image_15_1,239,267,294,323,public_area,1
image_15_1,245,266,33,66,public_area,1
image_15_1,185,240,374,460,public_area,1
image_15_1,228,254,420,440,public_area,1
image_15_1,254,351,444,512,public_area,1
image_15_1,189,264,84,191,public_area,1
image_15_1,378,511,48,511,public_area,1
image_15_1,188,243,256,338,public_area,1
image_15_1,257,291,121,204,public_area,1
image_15_1,247,282,70,119,public_area,1
image_15_1,269,456,357,411,food,1
image_15_1,297,392,255,296,public_area,1
image_16_2,414,493,0,88,public_area,1
image_16_2,195,362,7,227,public_area,1
image_16_2,324,384,1,173,public_area,1
image_16_5,328,347,251,279,public_area,1
image_17_0,328,449,120,350,food,1
image_17_0,315,450,361,510,food,1
image_17_1,247,510,224,397,public_area,1
image_17_1,26,271,221,455,public_area,1
image_18_0,156,305,409,512,room,1
image_18_0,273,429,292,511,room,1
image_19_0,151,495,36,412,food,1
image_19_0,0,173,154,291,food,1
image_21_1,86,414,0,340,room,1
image_21_1,415,512,423,448,room,1
image_21_1,427,512,452,492,room,1
image_34_0,340,511,286,511,public_area,1
image_34_1,288,350,307,353,food,1
image_34_1,362,484,192,395,food,1
image_34_2,311,351,426,494,public_area,1
image_91_0,267,302,137,190,room,1
image_91_0,278,358,24,103,room,1
image_91_0,239,421,119,361,room,1
image_91_1,217,335,172,356,room,1
image_91_1,238,260,228,255,room,1
image_91_1,247,261,199,224,room,1
image_91_1,236,303,84,100,room,1
image_91_1,241,290,149,188,room,1
image_91_1,216,511,207,511,room,1
image_91_2,325,378,458,512,room,1
image_91_2,307,347,353,406,room,1
image_91_2,247,297,218,281,room,1
image_91_2,335,511,260,512,room,1
image_91_3,275,321,104,117,room,1
image_91_3,247,512,0,336,room,1
image_91_4,325,366,270,358,room,1
image_91_4,332,512,80,173,room,1
image_91_5,227,287,309,329,room,1
image_91_5,254,277,441,482,room,1
image_91_5,269,361,391,512,room,1
image_91_5,338,511,384,512,room,1
image_91_5,240,291,371,420,room,1
image_91_5,171,243,176,240,room,1
image_91_5,272,334,18,126,room,1
image_92_0,276,340,230,277,public_area,1
image_92_0,318,512,118,289,public_area,1
image_92_0,307,449,256,354,public_area,1
image_94_0,227,251,353,360,public_area,1
image_94_0,443,512,184,297,public_area,1
image_94_0,427,512,45,281,public_area,1
image_94_0,361,463,176,266,public_area,1
image_94_0,380,489,298,451,public_area,1
image_94_0,308,381,331,368,public_area,1
image_94_1,346,512,215,511,public_area,1
image_94_1,206,241,192,211,public_area,1
image_94_1,294,336,185,206,public_area,1
image_94_1,186,248,92,129,public_area,1
image_94_1,300,370,95,147,public_area,1
image_94_2,210,261,204,229,room,1
image_94_2,227,354,396,512,room,1
image_94_2,188,351,32,352,room,1
image_94_2,284,511,1,359,room,1
image_94_3,476,511,105,203,public_area,1
image_94_3,435,454,136,154,public_area,1
image_94_3,487,512,247,284,public_area,1
image_94_3,444,463,244,260,service,1
image_95_1,43,260,133,297,service,1
image_95_1,88,511,287,512,service,1
image_95_2,4,272,173,335,service,1
image_95_2,90,511,225,511,service,1
image_96_0,244,373,18,170,room,1
image_96_0,219,347,448,512,room,1
image_96_0,189,384,81,363,room,1
image_96_1,246,281,207,223,room,1
image_96_1,225,278,50,111,room,1
image_96_1,187,511,1,511,room,1
image_96_2,4,142,225,309,room,1
image_96_2,366,512,299,511,room,1
image_98_1,6,512,3,497,room,1
image_98_2,9,291,87,408,room,1
image_98_4,1,507,3,511,room,1
image_157_0,302,336,121,153,public_area,1
image_157_0,308,361,455,500,public_area,1
image_157_0,296,308,497,512,public_area,1
image_158_0,411,511,2,511,room,1
image_159_0,305,377,8,115,public_area,1
image_159_0,356,512,2,403,food,1
image_159_0,262,314,257,342,public_area,1
image_159_0,268,450,344,511,public_area,1
image_159_2,265,289,51,65,public_area,1
image_159_2,264,310,253,279,public_area,1
image_159_2,258,289,19,45,public_area,1
image_159_2,257,342,352,444,public_area,1
image_159_2,255,300,67,127,public_area,1
image_160_0,180,256,461,511,public_area,1
image_160_0,377,512,248,511,public_area,1
image_160_0,176,246,213,235,service,1
image_160_2,373,480,171,408,food,1
image_162_0,396,451,37,102,public_area,1
image_163_0,373,417,424,483,room,1
image_163_0,291,318,344,351,room,1
image_163_0,224,315,359,413,room,1
image_163_0,341,510,76,231,room,1
image_163_0,311,416,284,332,room,1
image_163_0,306,411,5,91,room,1
image_163_1,304,460,0,446,room,1
image_163_1,202,332,149,246,room,1
image_163_2,195,270,223,326,room,1
image_163_2,261,429,412,482,room,1
image_163_2,260,512,0,326,room,1
image_165_0,323,443,364,481,food,1
image_165_0,31,115,209,327,food,1
image_165_0,307,390,270,339,food,1
image_165_0,193,290,189,299,food,1
image_165_0,115,207,188,242,food,1
image_165_0,65,146,127,222,food,1
image_165_2,252,338,334,511,public_area,1
image_165_2,67,236,32,114,public_area,1
image_165_2,239,395,0,134,public_area,1
image_165_2,434,511,286,324,food,1
image_165_2,427,482,208,279,food,1
image_165_2,447,512,339,417,food,1
image_165_2,401,472,149,184,food,1
image_165_4,294,370,432,512,public_area,1
image_165_4,324,374,362,420,public_area,1
image_165_4,7,92,69,94,public_area,1
image_166_0,371,505,212,276,room,1
image_166_0,384,512,59,136,room,1
image_166_1,463,512,118,239,room,1
image_166_1,2,232,108,305,room,1
image_166_2,345,512,1,461,room,1
image_168_0,437,512,352,512,room,1
image_168_1,0,510,46,505,room,1
image_168_3,1,508,1,511,room,1
image_210_0,334,433,0,98,room,1
image_210_0,265,344,0,105,room,1
image_210_0,215,511,159,512,room,1
image_211_0,329,498,0,62,room,1
image_211_0,244,511,105,480,room,1
image_211_1,381,512,278,426,public_area,1
image_211_2,291,311,147,207,room,1
image_211_2,260,304,209,272,room,1
image_211_2,273,351,67,133,room,1
image_211_2,227,512,122,511,room,1
image_212_0,287,406,405,512,room,1
image_212_0,245,512,1,357,room,1
image_213_0,307,356,394,465,public_area,1
image_213_0,366,396,284,306,public_area,1
image_213_0,371,463,329,407,public_area,1
image_213_0,394,459,255,343,public_area,1
image_213_0,403,512,416,512,public_area,1
image_213_0,316,357,467,502,public_area,1
image_213_0,376,455,220,267,public_area,1
image_213_0,381,512,0,75,public_area,1
image_213_0,394,512,65,232,public_area,1
image_214_0,387,512,275,512,room,1
image_214_1,306,512,38,212,room,1
image_214_2,327,455,370,467,room,1
image_214_2,379,511,1,324,room,1
image_214_2,313,393,153,244,room,1
image_214_3,183,511,1,450,room,1
image_214_3,246,307,397,481,room,1
image_214_4,302,429,212,329,public_area,1
image_214_4,256,302,145,177,public_area,1
image_214_4,251,345,27,179,public_area,1
image_214_4,209,326,216,279,public_area,1
image_214_4,290,486,61,240,public_area,1
image_214_4,356,512,150,309,public_area,1
image_214_4,267,441,287,511,public_area,1
image_215_0,323,511,1,211,room,1
image_215_0,212,502,312,488,room,1
image_215_1,302,434,165,235,room,1
image_215_1,309,512,0,188,room,1
image_215_1,387,512,332,511,room,1
image_215_2,293,512,132,512,room,1
image_215_2,175,263,0,141,room,1
image_215_3,300,512,248,511,room,1
image_216_0,0,503,2,191,public_area,1
image_216_0,455,512,157,408,public_area,1
image_216_1,319,484,108,351,public_area,1
image_216_1,448,512,0,118,public_area,1
image_216_1,295,502,264,396,public_area,1
image_216_2,293,312,373,383,public_area,1
image_216_2,362,508,1,322,public_area,1
image_216_2,413,512,333,512,public_area,1
image_216_2,336,411,441,511,public_area,1
image_216_3,292,509,0,511,room,1
image_216_3,75,402,2,427,room,1
image_217_0,348,512,270,459,room,1
image_217_0,326,512,143,282,room,1
image_217_1,313,395,467,512,room,1
image_217_1,271,307,187,235,room,1
image_217_1,284,354,268,328,room,1
image_217_1,240,442,1,261,room,1
image_218_0,358,374,256,276,room,1
image_218_0,293,388,0,77,room,1
image_218_0,385,512,1,327,room,1
image_218_0,294,461,312,450,room,1
image_218_1,287,399,173,231,public_area,1
image_218_1,406,512,336,482,public_area,1
image_218_2,406,512,336,512,public_area,1
image_218_2,411,512,0,201,public_area,1
image_219_0,128,510,0,511,room,1
image_219_1,223,506,1,430,public_area,1
image_220_0,348,512,270,459,room,1
image_220_0,326,512,143,282,room,1
image_220_1,313,395,467,512,room,1
image_220_1,271,307,187,235,room,1
image_220_1,284,354,268,328,room,1
image_220_1,240,442,1,261,room,1
image_245_0,275,511,12,287,room,1
image_245_0,251,284,134,165,room,1
image_245_0,236,274,168,182,room,1
image_245_0,266,317,117,134,room,1
image_245_0,247,403,397,512,room,1
image_245_1,418,503,175,322,room,1
image_245_1,358,500,361,510,room,1
image_245_1,357,512,2,148,room,1
image_245_2,288,334,267,321,room,1
image_245_2,258,512,237,512,room,1
image_245_2,303,389,139,207,room,1
image_245_3,129,511,178,373,public_area,1
image_245_3,449,512,171,420,public_area,1
image_245_3,419,512,34,172,public_area,1
image_245_4,434,512,122,232,public_area,1
image_245_4,317,447,277,361,public_area,1
image_245_6,147,336,1,168,public_area,1
image_245_6,289,354,462,512,public_area,1
image_245_6,318,412,0,166,public_area,1
image_245_6,363,512,126,451,public_area,1
image_251_0,197,390,0,113,public_area,1
image_251_0,387,511,0,83,public_area,1
image_251_0,147,449,425,512,public_area,1
image_251_0,225,481,110,257,public_area,1
image_251_0,189,451,300,406,public_area,1
image_252_0,361,511,346,512,room,1
image_252_1,259,454,52,191,room,1
image_252_1,381,512,327,511,room,1
image_253_0,190,353,156,482,room,1
image_253_0,220,359,0,168,room,1
image_253_0,186,241,79,194,room,1
image_253_0,82,250,431,512,room,1
image_255_0,264,481,1,179,room,1
image_255_0,225,394,119,260,room,1
image_255_1,241,383,44,116,room,1
image_255_1,277,503,338,512,room,1
image_255_2,227,253,432,443,public_area,1
image_255_2,182,215,319,343,public_area,1
image_255_2,233,277,168,222,public_area,1
image_255_2,0,482,0,229,public_area,1
image_255_2,135,299,446,512,public_area,1
image_255_2,282,416,58,193,public_area,1
image_256_0,252,274,292,313,room,1
image_256_0,243,283,355,391,room,1
image_256_0,238,266,232,284,room,1
image_256_0,244,315,139,284,room,1
image_256_0,257,448,55,218,room,1
image_256_0,274,354,256,324,room,1
image_257_0,246,511,9,443,room,1
image_257_1,333,512,0,136,room,1
image_257_2,310,512,236,506,room,1
image_258_0,306,511,322,511,room,1
image_258_0,278,330,76,122,room,1
image_258_0,232,276,0,36,room,1
image_258_0,236,374,117,318,room,1
image_258_0,369,512,293,379,room,1
image_258_1,318,425,0,137,room,1
image_258_1,288,374,132,227,room,1
image_258_2,264,510,0,83,room,1
image_258_2,267,367,63,104,room,1
image_258_2,256,511,247,512,room,1
image_259_0,321,512,13,511,room,1
image_260_0,329,499,2,510,room,1
image_260_0,150,232,289,428,room,1
image_263_0,348,376,99,125,public_area,1
image_341_0,109,464,41,488,room,1
image_342_0,286,313,140,241,room,1
image_342_0,182,222,132,186,room,1
image_342_0,265,512,141,483,room,1
image_342_0,265,488,35,163,room,1
image_343_0,315,347,132,145,room,1
image_343_0,326,512,1,227,room,1
image_343_0,210,319,169,327,room,1
image_345_0,192,216,248,312,room,1
image_345_0,229,511,1,468,room,1
image_345_2,334,484,283,469,room,1
image_345_3,196,312,384,481,room,1
image_345_3,78,196,0,105,room,1
image_345_3,206,361,441,512,room,1
image_345_3,285,511,14,510,room,1
image_345_3,163,293,319,419,room,1
image_346_0,50,509,289,511,room,1
image_346_1,372,512,241,301,room,1
image_346_2,386,512,66,349,room,1
image_347_0,7,504,64,511,room,1
image_347_0,52,366,0,128,room,1
image_347_1,187,208,396,418,public_area,1
image_347_1,273,404,214,374,public_area,1
image_347_1,388,512,236,512,public_area,1
image_347_1,270,371,382,511,public_area,1
image_347_1,296,496,0,202,public_area,1
image_348_0,245,342,0,81,public_area,1
image_348_0,220,307,189,231,public_area,1
image_348_0,276,452,381,511,public_area,1
image_348_0,290,511,22,323,public_area,1
image_349_0,205,468,1,388,room,1
image_349_1,319,510,2,511,room,1
image_349_2,145,245,180,276,room,1
image_349_2,276,466,299,511,room,1
image_359_0,446,512,71,281,public_area,1
image_360_0,341,368,226,283,room,1
image_360_0,346,375,130,212,room,1
image_360_0,335,386,3,127,room,1
image_360_0,357,511,1,506,room,1
image_360_0,244,304,461,512,room,1
image_361_0,251,511,1,312,room,1
image_361_0,117,416,2,511,room,1
image_364_0,295,376,235,313,room,1
image_364_0,187,510,1,510,room,1
image_364_1,222,511,0,235,room,1
image_364_2,62,307,216,475,room,1
image_364_2,379,428,436,471,room,1
image_364_2,331,390,349,391,room,1
image_364_2,403,512,207,330,room,1
image_392_0,150,446,100,363,public_area,1
image_392_0,392,512,34,415,public_area,1
image_393_0,217,445,1,295,room,1
image_393_0,228,512,165,511,room,1
image_393_1,297,508,0,183,room,1
image_393_1,296,511,151,209,room,1
image_393_1,366,512,0,135,room,1
image_393_2,284,512,23,208,room,1
image_393_2,344,491,263,512,room,1
image_393_3,218,446,1,295,room,1
image_393_3,228,512,165,511,room,1
image_396_1,143,511,246,511,public_area,1
image_396_1,114,472,0,139,public_area,1
image_396_1,239,432,120,254,public_area,1
image_396_1,385,510,1,324,public_area,1
image_397_0,14,512,1,439,public_area,1
image_397_0,418,512,0,492,public_area,1
image_397_0,246,458,303,512,public_area,1
image_397_1,381,409,307,343,room,1
image_397_1,367,423,374,404,room,1
image_397_1,70,206,349,512,room,1
image_397_1,403,512,120,257,room,1
image_397_2,227,511,2,416,room,1
image_398_0,282,512,130,511,room,1
image_399_0,313,512,1,300,room,1
image_399_1,223,511,1,511,room,1
image_400_0,238,511,57,359,public_area,1
image_400_0,349,512,102,432,public_area,1
image_400_0,296,380,293,436,public_area,1
image_401_0,324,372,26,124,public_area,1
image_401_0,252,361,0,93,public_area,1
image_401_0,311,363,187,218,public_area,1
image_402_0,329,511,51,511,public_area,1
image_402_0,239,355,15,93,public_area,1
image_402_1,259,291,12,34,public_area,1
image_402_1,433,512,110,222,public_area,1
image_402_1,336,505,387,512,public_area,1
image_402_2,296,511,178,511,room,1
image_403_1,209,424,0,281,room,1
image_403_1,188,302,202,388,room,1
image_404_0,299,511,1,253,room,1
image_404_0,326,512,130,280,room,1
image_405_0,160,211,11,38,public_area,1
image_405_0,415,512,34,191,public_area,1
image_405_0,255,342,304,437,public_area,1
image_405_0,118,233,350,439,public_area,1
image_405_0,289,499,145,335,public_area,1
image_407_0,273,511,167,511,room,1
image_409_0,356,482,0,133,public_area,1
image_409_0,109,426,344,512,public_area,1
image_409_0,349,512,297,511,public_area,1
image_409_0,164,248,39,108,public_area,1
image_410_0,158,168,43,60,room,1
image_410_0,332,511,1,333,room,1
image_410_0,114,268,333,509,room,1
image_558_1,333,512,195,357,room,1
image_558_1,424,512,308,417,room,1
image_560_0,246,512,0,222,public_area,1
image_560_0,419,498,197,264,public_area,1
image_562_0,327,351,227,245,room,1
image_562_0,390,512,2,457,room,1
image_562_0,278,351,253,273,room,1
image_564_0,397,411,376,398,service,1
image_564_0,364,409,426,474,public_area,1
image_565_0,328,486,0,84,public_area,1
image_565_0,414,512,335,468,public_area,1
image_565_0,299,371,375,454,public_area,1
image_566_0,320,512,0,296,room,1
image_566_1,80,511,249,473,room,1
image_567_0,349,413,443,512,room,1
image_567_0,303,512,209,373,room,1
image_567_1,197,511,2,511,room,1
image_568_0,246,287,13,62,room,1
image_568_0,109,189,0,77,room,1
image_568_0,340,511,1,488,room,1
image_568_0,282,400,166,467,room,1
image_568_1,244,346,0,59,room,1
image_568_1,245,312,437,512,room,1
image_568_1,288,509,171,511,room,1
image_568_1,98,166,293,371,room,1
image_572_0,374,458,89,125,public_area,1
image_572_0,376,419,372,401,public_area,1
image_575_0,0,83,169,290,room,1
image_575_1,361,397,0,31,room,1
image_575_1,326,360,367,379,room,1
image_575_1,306,359,396,440,room,1
image_575_1,302,355,337,362,room,1
image_575_1,152,227,332,442,room,1
image_577_0,55,510,8,510,public_area,1
image_585_0,149,408,0,74,room,1
image_585_0,264,511,16,512,room,1
image_585_1,348,512,1,387,room,1
image_587_0,186,267,90,120,room,1
image_587_0,0,71,77,231,room,1
image_587_1,149,509,2,508,room,1
image_588_0,301,401,0,155,room,1
image_589_0,419,512,183,291,food,1
image_589_0,0,180,11,371,food,1
image_589_0,169,438,0,154,food,1
image_589_0,100,491,212,511,food,1
image_590_0,207,511,1,512,room,1
image_591_0,248,510,1,246,room,1
image_592_0,269,306,384,512,room,1
image_592_0,242,409,150,284,room,1
image_592_1,237,511,0,452,room,1
image_592_2,196,511,0,511,room,1
image_593_0,403,512,1,165,room,1
image_821_0,146,179,275,307,public_area,1
image_821_0,321,348,201,218,public_area,1
image_821_0,361,490,113,178,public_area,1
image_821_0,3,501,264,511,public_area,1
image_822_0,282,406,0,166,public_area,1
image_822_0,278,481,67,262,public_area,1
image_822_0,224,321,227,301,public_area,1
image_822_1,419,512,272,511,public_area,1
image_822_1,281,487,0,201,public_area,1
image_822_1,172,287,20,198,public_area,1
image_822_1,136,251,0,73,public_area,1
image_822_1,132,319,122,263,public_area,1
image_822_1,177,375,214,512,public_area,1
image_823_0,382,414,436,494,room,1
image_823_0,345,408,293,465,room,1
image_823_1,439,510,276,335,food,1
image_823_1,1,401,58,448,room,1
image_823_1,429,490,366,428,food,1
image_823_2,302,329,32,52,room,1
image_823_2,338,403,178,232,room,1
image_823_2,319,512,119,512,room,1
image_823_3,332,374,394,512,public_area,1
image_823_3,361,438,340,512,public_area,1
image_823_4,234,261,35,59,room,1
image_824_0,340,512,3,145,room,1
image_828_0,450,511,310,402,public_area,1
image_828_0,464,511,410,483,public_area,1
image_828_1,379,411,448,466,public_area,1
image_828_1,249,309,286,301,service,1
image_828_1,267,312,225,268,public_area,1
image_828_1,307,377,412,480,public_area,1
image_828_1,247,266,271,284,service,1
image_828_1,282,345,12,97,public_area,1
image_828_1,428,512,0,69,public_area,1
image_828_1,265,308,298,317,public_area,1
image_828_2,283,303,147,168,room,1
image_828_2,231,287,183,241,room,1
image_828_2,326,356,171,197,room,1
image_828_2,296,319,120,148,room,1
image_828_2,314,343,87,118,room,1
image_828_2,165,303,0,167,room,1
image_828_2,288,311,219,246,room,1
image_828_2,233,511,0,88,room,1
image_828_2,263,511,258,482,room,1
image_832_0,278,317,397,457,public_area,1
image_832_1,284,315,370,390,public_area,1
image_832_1,340,379,265,440,public_area,1
image_832_1,274,321,80,118,public_area,1
image_832_1,308,328,295,478,public_area,1
image_832_1,248,348,417,512,public_area,1
image_832_1,318,374,484,512,public_area,1
image_832_1,370,478,231,310,public_area,1
image_832_1,326,409,437,498,public_area,1
image_832_1,423,482,384,410,public_area,1
image_832_1,401,512,65,185,public_area,1
image_832_1,403,512,183,511,public_area,1
image_833_1,494,512,364,443,public_area,1
image_835_1,67,510,2,511,public_area,1
image_835_2,88,511,3,511,public_area,1
image_836_0,349,512,324,468,public_area,1
image_836_1,328,353,0,60,public_area,1
image_837_0,398,457,154,248,public_area,1
image_837_0,347,399,167,424,public_area,1
image_837_0,454,512,165,348,public_area,1
image_837_0,425,452,59,87,public_area,1
image_837_1,299,354,404,436,public_area,1
image_837_1,242,277,454,465,public_area,1
image_837_1,269,310,98,114,public_area,1
image_837_1,269,310,119,141,public_area,1
image_838_0,331,458,430,512,public_area,1
image_838_1,306,361,266,319,public_area,1
image_838_1,296,397,374,442,public_area,1
image_838_1,318,376,236,275,public_area,1
image_838_4,292,320,197,228,public_area,1
image_838_4,279,316,220,332,public_area,1
image_838_5,16,44,243,270,public_area,1
image_838_5,42,79,242,347,public_area,1
image_838_6,156,318,265,512,public_area,1
image_838_6,134,252,283,353,public_area,1
image_838_6,156,228,266,512,public_area,1
image_838_6,129,187,404,433,public_area,1
image_838_6,136,258,156,265,public_area,1
image_838_6,280,417,218,439,food,1
image_839_0,302,384,13,128,public_area,1
image_839_0,267,301,74,110,public_area,1
image_839_0,247,273,47,64,public_area,1
image_839_0,347,511,0,38,public_area,1
image_839_0,407,512,1,278,public_area,1
image_839_0,302,384,12,128,public_area,1
image_839_1,306,324,0,93,public_area,1
image_839_1,303,339,333,388,public_area,1
image_839_1,335,367,0,82,public_area,1
image_839_1,377,486,425,487,public_area,1
image_839_1,300,390,85,145,public_area,1
image_839_1,350,455,0,144,public_area,1
image_840_0,368,511,3,452,public_area,1
image_842_0,443,512,1,175,public_area,1
image_842_1,241,320,332,372,public_area,1
image_842_1,309,399,415,511,public_area,1
image_842_1,235,266,0,83,public_area,1
image_842_1,409,468,0,32,public_area,1
image_842_1,124,165,11,63,public_area,1
image_842_1,187,489,115,297,public_area,1
image_842_1,293,411,106,145,public_area,1
image_842_1,294,383,0,89,public_area,1
image_842_2,157,311,406,485,public_area,1
image_843_0,1,109,1,90,public_area,1
image_843_0,26,103,305,511,public_area,1
image_843_0,164,374,239,406,food,1
image_843_0,0,109,31,234,public_area,1
image_843_2,227,512,0,434,room,1
image_844_0,322,413,0,98,public_area,1
image_844_0,213,310,234,338,public_area,1
image_844_0,127,268,69,325,public_area,1
image_844_0,273,361,115,259,public_area,1
image_844_0,283,359,301,465,public_area,1
image_845_0,74,495,211,512,room,1
image_846_1,360,392,0,85,public_area,1
image_846_1,348,367,49,71,public_area,1
image_846_1,346,365,12,40,public_area,1
image_846_2,175,194,0,61,public_area,1
image_846_3,357,511,1,511,room,1
image_846_3,303,406,170,234,room,1
image_847_0,317,511,256,511,public_area,1
image_847_0,219,309,241,299,public_area,1
image_847_0,274,385,0,33,public_area,1
image_847_0,210,248,88,107,public_area,1
image_847_0,73,138,0,83,public_area,1
image_847_0,225,323,340,406,public_area,1
image_847_0,225,360,4,98,public_area,1
image_847_0,285,510,81,318,public_area,1
image_848_0,350,501,351,512,public_area,1
image_848_0,381,503,306,369,public_area,1
image_849_0,151,203,468,512,public_area,1
image_850_0,403,436,314,375,public_area,1
image_851_0,322,392,117,173,public_area,1
image_851_0,317,395,34,67,public_area,1
image_851_0,332,402,56,119,public_area,1
image_852_0,215,452,213,512,public_area,1
image_852_0,439,508,246,362,public_area,1
image_852_0,402,512,155,329,public_area,1
image_852_0,451,512,115,244,public_area,1
image_852_2,39,128,460,512,public_area,1
image_852_2,155,334,310,444,public_area,1
image_852_2,0,57,0,44,public_area,1
image_852_2,0,62,52,154,public_area,1
image_852_2,0,46,218,374,public_area,1
image_852_2,180,273,72,171,public_area,1
image_852_2,72,194,0,50,public_area,1
image_854_3,309,438,0,101,public_area,1
image_854_3,338,476,0,75,public_area,1
image_854_3,252,373,84,145,public_area,1
image_855_0,287,512,406,512,public_area,1
image_855_1,229,280,221,296,room,1
image_855_1,414,512,257,346,room,1
image_855_1,418,512,0,193,room,1
image_855_1,328,384,111,191,room,1
image_855_2,156,267,440,512,room,1
image_855_2,266,417,0,91,room,1
image_855_2,276,505,309,434,room,1
image_855_3,394,446,65,80,public_area,1
image_855_3,306,382,63,85,public_area,1
image_855_4,166,248,336,367,public_area,1
image_855_4,165,235,402,432,public_area,1
image_856_0,207,236,408,511,public_area,1
image_856_0,287,339,419,494,public_area,1
image_877_0,190,510,419,512,public_area,1
image_877_1,342,386,0,32,public_area,1
image_904_0,434,480,20,113,room,1
image_904_1,414,445,267,292,room,1
image_904_1,264,344,231,367,room,1
image_904_3,0,80,86,172,food,1
image_904_3,297,457,0,143,food,1
image_904_3,20,172,338,450,food,1
image_904_3,272,478,316,503,food,1
image_905_0,321,361,44,89,room,1
image_905_0,95,510,1,504,room,1
image_907_0,15,510,2,511,room,1
image_907_1,141,187,140,185,room,1
image_907_1,0,38,121,320,room,1
image_908_0,214,511,1,486,room,1
image_909_0,1,400,2,511,room,1
image_910_0,283,321,109,165,room,1
image_910_0,246,511,1,502,room,1
image_913_3,447,512,370,511,room,1
image_999_0,0,73,412,512,room,1
image_999_0,333,413,314,402,food,1
image_999_0,293,352,337,401,food,1
image_999_0,0,284,182,508,room,1
image_1001_0,343,512,161,511,room,1
image_1001_1,427,512,66,207,room,1
image_1001_1,415,512,13,124,room,1
image_1001_1,405,479,446,512,room,1
image_1001_1,328,511,122,361,room,1
image_1001_2,369,416,17,152,room,1
image_1001_2,424,511,243,287,room,1
image_1021_0,407,459,118,168,public_area,1
image_1021_0,372,427,41,95,public_area,1
image_1021_0,355,512,225,512,public_area,1
image_1021_0,226,336,263,510,public_area,1
image_1021_0,439,491,185,219,food,1
image_1021_0,426,465,0,57,food,1
image_1023_5,369,508,192,326,room,1
image_1023_5,303,512,364,512,room,1
image_1023_5,303,512,0,171,room,1
image_1026_0,434,512,186,351,food,1
image_1026_0,166,403,332,512,food,1
image_1026_0,239,287,77,122,food,1
image_1026_0,0,55,175,270,food,1
image_1026_0,0,116,249,379,food,1
image_1026_0,67,201,46,265,food,1
image_1027_6,385,512,285,419,public_area,1
image_1029_3,374,426,117,162,public_area,1
image_1030_1,223,331,0,142,public_area,1
image_1030_1,325,398,0,76,public_area,1
image_1030_1,119,202,39,258,public_area,1
image_1030_1,436,511,45,187,food,1
image_1030_1,390,422,105,153,food,1
image_1030_1,293,432,463,512,public_area,1
image_1030_1,318,369,270,299,food,1
image_1030_1,209,255,326,362,public_area,1
image_1030_1,206,294,130,194,public_area,1
image_1030_1,383,445,67,108,food,1
image_1030_1,358,405,339,399,food,1
image_1031_0,186,253,337,364,room,1
image_1031_0,204,256,310,332,room,1
image_1031_0,356,472,64,204,room,1
image_1031_0,342,452,386,512,room,1
image_1031_3,251,511,1,417,room,1
image_1031_4,237,304,90,151,room,1
image_1031_4,223,315,209,266,room,1
image_1031_4,239,510,202,512,room,1
image_1033_0,474,512,360,453,public_area,1
image_1033_0,466,508,44,93,public_area,1
image_1034_6,327,417,367,512,food,1
image_1034_6,223,277,255,357,food,1
image_1034_6,152,246,282,461,public_area,1
image_1034_6,284,389,209,279,food,1
image_1034_6,236,309,46,102,food,1
image_1034_6,334,505,218,451,food,1
image_1036_1,366,512,152,361,public_area,1
image_1038_1,368,450,399,467,public_area,1
image_1039_0,427,512,220,511,room,1
image_1039_0,295,512,14,232,room,1
image_1039_1,304,511,0,96,room,1
image_1039_1,377,512,173,511,room,1
image_1039_1,375,511,55,222,room,1
image_1039_1,369,438,107,154,room,1
image_1040_1,433,512,325,444,food,1
image_1040_1,432,512,142,252,food,1
image_1045_0,287,423,44,225,room,1
image_1045_0,257,286,309,359,room,1
image_1045_0,356,511,222,511,room,1
image_1049_1,257,511,1,187,public_area,1
image_1049_3,318,442,168,237,public_area,1
image_1049_3,212,384,0,89,public_area,1
image_1049_3,425,512,133,231,food,1
image_1049_3,364,436,283,379,food,1
image_1049_5,136,150,119,129,public_area,1
image_1049_6,2,511,4,497,public_area,1
image_1050_0,353,460,379,475,public_area,1
image_1050_0,297,505,299,363,public_area,1
image_1050_5,64,148,381,450,public_area,1
image_1050_5,93,166,0,68,public_area,1
image_1050_5,345,446,218,336,public_area,1
image_1050_5,83,138,246,300,public_area,1
image_1050_5,254,357,114,204,food,1
image_1050_5,270,374,361,465,food,1
image_1050_5,189,321,2,111,food,1
image_1050_5,65,154,312,401,public_area,1
image_1050_5,345,415,26,101,food,1
image_1050_5,95,137,74,130,public_area,1
image_1050_6,394,504,59,170,food,1
image_1050_6,0,181,205,408,food,1
image_1050_6,100,385,0,282,food,1
image_1050_6,0,107,21,132,food,1
image_1050_6,239,460,261,488,food,1
image_1051_0,459,512,0,112,public_area,1
image_1051_0,442,482,364,448,food,1
image_1051_0,364,387,378,401,food,1
image_1051_0,272,438,0,160,public_area,1
image_1051_2,303,318,338,361,public_area,1
image_1052_4,473,499,379,407,public_area,1
image_1055_0,240,307,341,422,public_area,1
image_1055_0,243,291,468,510,public_area,1
image_1055_0,216,274,0,47,public_area,1
image_1055_0,303,511,206,511,public_area,1
image_1055_0,268,466,117,282,public_area,1
image_1055_0,262,452,0,160,public_area,1
image_1151_1,246,324,483,512,public_area,1
image_1151_1,308,402,200,347,public_area,1
image_1151_1,299,446,396,511,public_area,1
image_1151_1,201,335,0,71,public_area,1
image_1151_1,284,334,59,131,public_area,1
image_1151_1,184,348,175,253,public_area,1
image_1151_1,146,331,263,369,public_area,1
image_1151_1,287,332,344,379,public_area,1
image_1151_1,277,316,170,202,public_area,1
image_1151_2,319,385,195,223,public_area,1
image_1151_2,211,383,218,342,public_area,1
image_1151_2,285,312,110,151,public_area,1
image_1151_2,254,469,357,509,public_area,1
image_1151_2,277,422,306,372,public_area,1
image_1151_2,304,471,17,211,public_area,1
image_1151_3,355,457,9,163,public_area,1
image_1151_3,353,482,306,495,public_area,1
image_1151_3,444,512,13,146,public_area,1
image_1151_3,437,512,159,285,public_area,1
image_1151_4,228,267,207,235,public_area,1
image_1151_4,122,231,29,76,public_area,1
image_1151_5,143,264,0,137,room,1
image_1151_5,339,511,55,511,room,1
image_1151_5,220,243,271,323,room,1
image_1154_1,116,511,287,512,public_area,1
image_1154_3,471,512,110,335,public_area,1
image_1154_4,255,506,93,416,room,1
image_1155_1,213,249,38,74,public_area,1
image_1155_1,165,291,402,511,public_area,1
image_1155_1,140,217,17,72,public_area,1
image_1155_1,222,292,362,400,public_area,1
image_1155_1,220,288,0,81,public_area,1
image_1155_1,213,263,105,137,public_area,1
image_1156_0,104,398,284,427,public_area,1
image_1156_0,284,303,205,232,public_area,1
image_1156_0,316,353,236,265,public_area,1
image_1156_0,182,368,42,156,public_area,1
image_1156_0,278,301,228,256,public_area,1
image_1156_0,348,512,244,512,public_area,1
image_1156_0,310,511,0,223,public_area,1
image_1175_0,363,511,82,300,room,1
image_1175_0,437,512,372,512,room,1
image_1176_0,324,354,36,72,public_area,1
image_1176_0,344,410,113,162,public_area,1
image_1176_0,241,462,385,462,public_area,1
image_1176_0,257,418,162,212,public_area,1
image_1176_0,376,474,463,512,public_area,1
image_1177_1,286,511,196,511,room,1
image_1178_0,408,512,31,128,room,1
image_1178_0,335,510,84,206,room,1
image_1178_0,319,336,214,230,room,1
image_1179_0,361,512,212,405,food,1
image_1180_0,280,511,1,341,room,1
image_1180_0,249,511,271,511,room,1
image_1183_0,375,512,324,440,room,1
image_1183_0,377,511,253,310,room,1
image_1183_0,340,512,53,167,room,1
image_1183_1,427,456,93,145,food,1
image_1183_1,451,512,50,148,food,1
image_1183_1,408,446,60,110,food,1
image_1183_1,285,378,166,344,food,1
image_1183_1,413,476,395,475,food,1
image_1219_2,304,327,425,442,public_area,1
image_1219_2,422,512,423,500,public_area,1
image_1219_2,447,512,382,431,public_area,1
image_1219_2,379,433,237,278,public_area,1
image_1219_3,367,512,83,137,public_area,1
image_1219_3,411,512,459,512,public_area,1
image_1221_0,187,219,421,475,public_area,1
image_1221_0,240,309,489,512,public_area,1
image_1221_0,279,336,382,448,public_area,1
image_1221_1,270,316,291,344,public_area,1
image_1221_2,124,448,1,342,room,1
image_1221_3,412,447,316,350,public_area,1
image_1221_4,199,227,385,427,public_area,1
image_1222_0,323,367,334,466,public_area,1
image_1222_0,319,359,106,270,public_area,1
image_1222_0,296,316,264,322,public_area,1
image_1222_0,370,456,290,458,public_area,1
image_1222_0,338,389,286,332,public_area,1
image_1222_1,287,511,134,433,room,1
image_1223_0,261,296,171,206,public_area,1
image_1223_0,417,512,50,175,public_area,1
image_1223_0,296,316,475,495,public_area,1
image_1223_0,292,317,140,158,public_area,1
image_1223_0,340,512,261,511,public_area,1
image_1223_0,284,302,157,171,public_area,1
image_1223_0,287,301,173,188,public_area,1
image_1223_0,273,316,244,259,public_area,1
image_1223_1,292,335,251,266,food,1
image_1223_1,340,376,193,247,food,1
image_1223_1,326,377,339,360,food,1
image_1223_1,311,339,223,247,public_area,1
image_1223_1,310,359,293,318,public_area,1
image_1223_1,308,372,271,295,food,1
image_1223_1,369,402,262,311,food,1
image_1225_0,311,405,0,55,public_area,1
image_1225_0,434,497,37,94,public_area,1
image_1225_0,323,454,189,354,public_area,1
image_1276_0,400,511,64,145,public_area,1
image_1276_0,282,393,320,388,public_area,1
image_1276_0,309,512,92,255,public_area,1
image_1277_0,158,355,434,512,public_area,1
image_1277_0,299,427,113,342,public_area,1
image_1277_0,243,365,216,420,public_area,1
image_1277_0,211,287,165,227,public_area,1
image_1277_0,306,483,346,507,public_area,1
image_1277_0,256,370,3,127,public_area,1
image_1278_0,429,455,62,127,food,1
image_1278_0,223,490,99,210,public_area,1
image_1278_0,275,511,172,512,public_area,1
image_1279_0,367,512,227,491,public_area,1
image_1279_0,358,475,136,300,public_area,1
image_1279_0,384,512,0,157,public_area,1
image_1279_0,153,225,292,339,public_area,1
image_1279_0,275,434,0,149,public_area,1
image_1279_2,387,402,255,296,food,1
image_1279_2,379,512,445,512,public_area,1
image_1279_2,357,396,183,217,public_area,1
image_1279_2,318,404,129,411,public_area,1
image_1279_2,381,509,116,416,public_area,1
image_1279_2,228,384,437,512,public_area,1
image_1279_2,381,511,0,81,public_area,1
image_1280_0,321,356,152,196,public_area,1
image_1280_0,301,351,329,384,public_area,1
image_1280_0,295,350,394,422,public_area,1
image_1281_0,351,512,15,292,public_area,1
image_1281_0,226,512,236,511,public_area,1
image_1282_0,328,512,0,202,public_area,1
image_1283_0,441,479,140,164,public_area,1
image_1283_0,436,512,308,466,public_area,1
image_1283_0,268,311,51,79,public_area,1
image_1283_0,151,216,408,436,public_area,1
image_1283_0,337,386,44,75,public_area,1
image_1283_0,268,301,409,443,public_area,1
image_1283_0,194,239,54,77,public_area,1
image_1283_0,329,391,408,451,public_area,1
image_1283_1,65,459,18,179,public_area,1
image_1284_0,493,512,0,52,food,1
image_1284_0,331,512,75,485,public_area,1
image_1285_0,406,474,80,122,public_area,1
image_1285_0,389,487,112,317,public_area,1
image_1285_0,335,512,326,484,public_area,1
image_1286_0,273,304,268,324,public_area,1
image_1286_0,212,511,385,512,public_area,1
image_1287_0,292,456,456,512,public_area,1
image_1287_0,285,447,122,398,public_area,1
image_1287_0,204,466,370,490,public_area,1
image_1288_0,363,445,26,88,public_area,1
image_1288_0,351,441,306,385,public_area,1
image_1289_0,177,491,0,119,room,1
image_1289_0,388,471,357,406,room,1
image_1289_0,432,472,301,358,room,1
image_1289_0,431,492,468,489,room,1
image_1290_0,276,511,5,413,room,1
image_1290_1,315,512,260,432,room,1
image_1290_1,352,512,373,512,room,1
image_1290_2,473,512,160,175,room,1
image_1290_2,312,354,301,326,room,1
image_1290_2,344,512,285,399,room,1
image_1290_3,258,511,1,405,room,1
image_1292_0,402,512,156,511,room,1
image_1294_0,403,512,200,263,public_area,1
image_1296_0,391,511,117,197,public_area,1
image_1296_0,456,512,194,242,public_area,1
image_1296_0,195,511,388,512,public_area,1
image_1296_2,378,445,187,276,food,1
image_1296_2,465,512,205,265,food,1
image_1296_2,409,454,105,192,food,1
image_1296_2,486,512,128,186,food,1
image_1298_0,149,211,371,511,room,1
image_1298_2,211,511,2,235,room,1
image_1298_5,406,455,372,416,room,1
image_1298_5,453,512,465,490,room,1
image_1298_5,398,512,317,364,room,1
image_1299_0,37,511,24,509,room,1
image_1300_0,400,511,64,145,public_area,1
image_1300_0,282,393,320,388,public_area,1
image_1300_0,309,512,92,255,public_area,1
image_1301_0,313,325,220,252,food,1
image_1301_0,158,355,434,512,public_area,1
image_1301_0,299,427,113,342,public_area,1
image_1301_0,243,365,216,420,public_area,1
image_1301_0,211,287,165,227,public_area,1
image_1301_0,306,483,346,507,public_area,1
image_1301_0,258,372,2,126,public_area,1
image_1303_0,321,356,152,196,public_area,1
image_1303_0,301,351,329,384,public_area,1
image_1303_0,295,350,394,422,public_area,1
image_1304_0,351,512,15,292,public_area,1
image_1304_0,226,512,236,511,public_area,1
image_1305_0,493,512,0,52,food,1
image_1305_0,461,512,0,100,public_area,1
image_1305_0,331,512,75,485,public_area,1
image_1306_0,179,511,24,511,room,1
image_1306_0,122,229,357,453,room,1
image_1307_0,284,333,231,263,public_area,1
image_1307_0,290,332,273,292,public_area,1
image_1307_0,199,346,331,402,public_area,1
image_1307_0,211,341,392,475,public_area,1
image_1307_0,297,346,359,390,public_area,1
image_1307_0,167,219,410,464,public_area,1
image_1308_0,207,240,118,151,room,1
image_1308_0,237,428,364,431,room,1
image_1308_0,263,512,31,321,room,1
image_1309_0,347,427,232,375,room,1
image_1309_1,389,425,479,507,room,1
image_1309_1,337,390,399,500,room,1
image_1309_1,192,229,259,291,room,1
image_1309_1,259,401,105,300,room,1
image_1310_0,201,272,261,300,room,1
image_1310_0,276,321,241,280,room,1
image_1310_0,260,499,196,512,room,1
image_1310_1,238,506,33,510,room,1
image_1310_1,271,372,14,90,room,1
image_1310_2,366,406,240,255,room,1
image_1310_2,359,409,316,342,room,1
image_1310_3,392,511,381,459,public_area,1
image_1310_4,204,294,123,163,public_area,1
image_1310_4,201,226,172,198,public_area,1
image_1310_4,246,302,20,84,public_area,1
image_1310_4,164,388,228,382,public_area,1
image_1311_0,422,512,366,512,room,1
image_1362_0,207,485,0,87,public_area,1
image_1372_0,165,366,417,512,room,1
image_1372_1,304,336,278,289,room,1
image_1372_1,333,406,286,330,room,1
image_1372_1,234,293,131,221,room,1
image_1372_1,389,511,156,471,room,1
image_1374_0,233,259,44,74,public_area,1
image_1374_0,250,301,69,97,public_area,1
image_1374_0,212,365,198,314,public_area,1
image_1374_0,253,301,0,75,public_area,1
image_1374_0,113,500,296,511,public_area,1
image_1375_0,346,510,2,510,room,1
image_1375_0,254,304,487,502,room,1
image_1375_0,141,226,234,362,room,1
image_1376_0,258,493,190,510,room,1
image_1376_1,394,404,230,247,room,1
image_1376_1,381,512,60,305,room,1
image_1376_1,342,392,267,283,room,1
image_1376_1,254,317,127,233,room,1
image_1376_1,388,512,149,235,room,1
image_1377_0,352,453,233,321,room,1
image_1377_0,308,477,278,393,room,1
image_1377_1,265,489,235,512,public_area,1
image_1377_1,137,511,0,337,public_area,1
image_1377_2,0,136,114,224,food,1
image_1377_2,0,169,194,342,food,1
image_1377_2,356,434,344,422,food,1
image_1377_2,249,316,364,439,food,1
image_1378_0,194,511,184,489,public_area,1
image_1378_2,461,490,447,465,public_area,1
image_1378_2,417,470,98,142,public_area,1
image_1378_2,426,488,356,409,public_area,1
image_1378_2,393,483,148,249,public_area,1
image_1381_0,153,230,359,454,public_area,1
image_1381_0,157,230,37,167,public_area,1
image_1381_0,89,230,151,254,public_area,1
image_1381_0,103,139,297,333,public_area,1
image_1381_0,127,230,0,77,public_area,1
image_1382_1,391,512,209,512,room,1
image_1382_2,409,512,124,311,room,1
image_1382_2,314,512,158,465,room,1
image_1382_3,334,512,220,482,public_area,1
image_1382_3,142,448,0,82,public_area,1
image_1382_3,291,512,130,314,public_area,1
image_1382_4,199,495,221,461,public_area,1
image_1382_4,281,340,196,225,public_area,1
image_1382_4,250,353,43,89,public_area,1
image_1382_4,294,316,233,254,public_area,1
image_1382_4,304,360,0,45,public_area,1
image_1382_4,291,330,118,162,public_area,1
image_1382_5,211,510,155,317,public_area,1
image_1382_5,179,403,285,372,public_area,1
image_1382_5,104,468,342,512,public_area,1
image_1382_6,324,504,69,467,public_area,1
image_1382_6,221,507,0,136,public_area,1
image_1382_6,102,476,383,512,public_area,1
image_1418_0,459,512,293,508,room,1
image_1418_0,446,504,129,165,room,1
image_1418_1,162,376,13,165,room,1
image_1418_1,310,482,145,475,room,1
image_1418_1,353,512,1,394,room,1
image_1419_0,292,512,328,509,public_area,1
image_1419_0,295,403,257,328,public_area,1
image_1419_0,216,314,138,194,public_area,1
image_1419_0,230,319,203,312,public_area,1
image_1419_0,259,511,0,148,public_area,1
image_1419_0,229,293,83,139,public_area,1
image_1419_0,180,235,45,73,public_area,1
image_1419_1,359,431,67,149,public_area,1
image_1419_1,288,374,311,381,public_area,1
image_1419_2,31,154,0,125,food,1
image_1419_2,39,226,186,410,food,1
image_1419_2,252,499,0,252,food,1
image_1419_2,85,236,5,186,food,1
image_1419_2,315,512,297,512,food,1
image_1420_0,164,276,351,512,room,1
image_1420_0,369,511,1,340,room,1
image_1422_0,272,321,179,206,public_area,1
image_1422_0,381,511,423,512,public_area,1
image_1422_0,383,511,43,135,public_area,1
image_1422_1,374,481,399,504,public_area,1
image_1422_1,384,511,28,119,public_area,1
image_1423_0,437,512,162,222,public_area,1
image_1423_0,428,506,344,365,public_area,1
image_1423_0,74,203,70,144,public_area,1
image_1424_0,186,511,0,163,public_area,1
image_1424_0,150,177,147,178,public_area,1
image_1424_0,152,274,315,483,public_area,1
image_1424_0,272,512,170,332,public_area,1
image_1425_0,293,420,351,385,public_area,1
image_1425_0,343,450,457,512,public_area,1
image_1425_0,324,512,189,270,public_area,1
image_1425_0,417,491,333,412,public_area,1
image_1425_0,376,420,30,91,public_area,1
image_1425_0,352,463,372,429,public_area,1
image_1425_0,349,420,70,143,public_area,1
image_1426_0,267,319,299,354,public_area,1
image_1426_0,283,365,446,512,public_area,1
image_1426_0,241,281,181,214,public_area,1
image_1426_0,246,296,16,62,public_area,1
image_1426_0,281,343,222,290,public_area,1
image_1426_0,374,511,1,487,public_area,1
image_1426_0,294,362,357,401,public_area,1
image_1428_0,296,338,370,511,public_area,1
image_1428_0,312,368,0,20,public_area,1
image_1428_0,410,509,154,228,public_area,1
image_1428_0,424,512,19,213,public_area,1
image_1428_0,392,512,281,409,public_area,1
image_1428_1,338,454,227,313,food,1
image_1428_1,308,380,184,241,food,1
image_1428_1,333,439,0,159,food,1
image_1428_1,346,461,339,460,food,1
image_1495_0,0,50,331,500,public_area,1
image_1495_0,41,312,0,160,food,1
image_1495_0,388,512,85,222,public_area,1
image_1495_0,180,244,471,512,food,1
image_1495_0,58,134,201,291,public_area,1
image_1495_0,46,138,347,418,food,1
image_1496_0,154,508,1,512,food,1
image_1496_0,219,415,204,512,public_area,1
image_1496_0,299,448,15,213,public_area,1
image_1500_1,75,99,334,357,public_area,1
image_1500_1,69,94,396,421,public_area,1
image_1500_1,237,279,94,128,public_area,1
image_1500_1,72,96,364,388,public_area,1
image_1500_1,63,88,465,492,public_area,1
image_1500_1,326,511,1,234,public_area,1
image_1500_1,65,91,429,455,public_area,1
image_1500_1,238,278,146,202,public_area,1
image_1500_1,293,347,152,194,public_area,1
image_1500_1,257,398,141,386,public_area,1
image_1500_1,227,353,0,94,public_area,1
image_1500_2,218,509,20,511,room,1
image_1501_0,227,511,35,511,room,1
image_1515_0,298,329,380,444,public_area,1
image_1515_0,285,335,349,390,public_area,1
image_1515_0,326,432,290,353,public_area,1
image_1515_0,223,331,248,354,public_area,1
image_1515_0,342,426,421,512,public_area,1
image_1515_0,349,511,1,142,public_area,1
image_1515_0,315,511,0,289,public_area,1
image_1515_0,332,512,317,512,public_area,1
image_1517_0,108,120,59,67,room,1
image_1517_0,183,233,225,407,room,1
image_1517_0,275,511,1,512,room,1
image_1517_0,137,283,36,91,room,1
image_1517_1,240,510,441,512,room,1
image_1517_2,225,510,452,511,room,1
image_1518_0,187,333,320,504,food,1
image_1518_0,193,511,1,284,public_area,1
image_1518_0,142,218,283,394,public_area,1
image_1518_0,72,215,423,511,public_area,1
image_1518_1,354,391,258,269,public_area,1
image_1518_1,230,253,208,228,public_area,1
image_1518_1,351,395,208,231,public_area,1
image_1518_1,378,412,0,15,public_area,1
image_1518_1,268,511,372,512,public_area,1
image_1518_1,346,397,39,57,public_area,1
image_1518_2,417,512,207,312,food,1
image_1518_2,322,416,478,512,public_area,1
image_1523_0,415,512,73,385,room,1
image_1523_2,232,487,13,350,public_area,1
image_1523_2,0,177,45,149,public_area,1
image_1523_2,142,293,241,429,public_area,1
image_1523_2,47,223,0,108,public_area,1
image_1523_2,221,319,177,211,public_area,1
image_1524_0,356,414,0,107,room,1
image_1524_2,196,237,281,321,public_area,1
image_1524_2,161,244,181,216,public_area,1
image_1524_2,194,260,200,274,food,1
image_1524_2,78,272,0,511,public_area,1
image_1524_2,235,334,387,474,food,1
image_1524_2,287,402,311,448,food,1
image_1524_2,306,418,66,319,food,1
image_1524_3,181,511,30,511,room,1
image_1525_1,400,512,318,502,public_area,1
image_1525_1,308,469,0,511,public_area,1
image_1526_1,326,511,40,502,room,1
image_1526_2,364,389,304,321,room,1
image_1526_2,370,393,286,303,room,1
image_1526_2,342,359,322,341,room,1
image_1526_2,409,512,19,52,room,1
image_1526_3,323,358,84,138,room,1
image_1526_3,350,512,314,369,room,1
image_1527_1,5,510,2,510,public_area,1
image_1538_0,368,511,128,243,public_area,1
image_1538_0,386,438,240,370,public_area,1
image_1538_0,416,512,312,512,public_area,1
image_1548_1,436,512,243,334,public_area,1
image_1548_1,411,510,346,437,public_area,1
image_1548_3,354,373,211,256,public_area,1
image_1548_4,211,258,223,252,public_area,1
image_1548_4,372,442,311,510,public_area,1
image_1548_4,143,248,306,374,public_area,1
image_1548_4,392,449,416,512,public_area,1
image_1548_4,438,512,343,489,public_area,1
image_1548_4,445,512,20,193,public_area,1
image_1549_3,204,258,476,512,public_area,1
image_1549_3,22,199,198,225,public_area,1
image_1549_4,330,512,122,391,room,1
image_1549_5,236,250,371,405,public_area,1
image_1553_0,441,512,138,182,public_area,1
image_1570_1,95,274,12,203,food,1
image_1570_1,100,308,271,479,food,1
image_1571_1,287,322,10,31,room,1
image_1571_1,298,481,111,190,room,1
image_1571_1,276,502,218,511,room,1
image_1595_0,342,386,301,318,public_area,1
image_1595_0,333,359,162,196,public_area,1
image_1598_1,361,512,258,410,public_area,1
image_1598_1,155,212,241,266,public_area,1
image_1598_1,161,218,194,246,public_area,1
image_1598_1,262,394,275,396,public_area,1
image_1598_1,171,233,297,344,public_area,1
image_1599_0,392,511,1,498,room,1
image_1600_0,339,511,55,511,room,1
image_1600_1,229,321,171,246,public_area,1
image_1601_0,279,511,87,511,room,1
image_1602_0,412,512,18,317,public_area,1
image_1603_3,414,512,1,224,public_area,1
image_1603_3,264,511,114,511,public_area,1
image_1606_0,257,272,240,256,public_area,1
image_1606_0,258,273,268,282,public_area,1
image_1606_1,231,409,303,389,room,1
image_1606_1,405,454,250,343,room,1
image_1606_1,350,435,291,325,room,1
image_1606_1,304,374,395,477,room,1
image_1606_1,400,435,272,294,room,1
image_1606_1,243,416,103,417,room,1
image_1606_2,430,480,1,232,public_area,1
image_1606_2,248,335,233,325,public_area,1
image_1607_0,339,441,72,145,room,1
image_1607_0,342,449,132,202,room,1
image_1607_0,342,512,182,511,room,1
image_1626_1,380,423,319,351,public_area,1
image_1626_2,465,512,0,97,room,1
image_1626_2,226,467,113,490,room,1
image_1626_3,262,303,58,98,room,1
image_1643_1,259,511,233,328,public_area,1
image_1643_1,385,512,329,511,public_area,1
image_1643_1,267,441,69,134,public_area,1
image_1643_2,273,293,410,424,public_area,1
image_1643_2,257,314,420,453,public_area,1
image_1643_2,255,305,187,328,public_area,1
image_1643_2,220,256,152,189,public_area,1
image_1643_2,189,242,103,137,public_area,1
image_1643_2,132,281,336,437,public_area,1
image_1643_2,236,384,434,512,public_area,1
image_1643_2,347,512,283,511,public_area,1
image_1643_2,150,327,0,107,public_area,1
image_1643_2,297,380,325,400,public_area,1
image_1643_3,122,444,240,393,public_area,1
image_1643_6,268,353,101,166,room,1
image_1645_0,242,426,203,364,public_area,1
image_1645_0,332,417,333,453,public_area,1
image_1645_0,268,422,81,195,public_area,1
image_1645_0,308,423,434,512,public_area,1
image_1648_1,413,512,1,160,room,1
image_1650_3,0,139,38,221,public_area,1
image_1650_3,165,512,98,446,food,1
image_1650_6,406,500,0,102,public_area,1
image_1652_0,362,500,187,271,food,1
image_1652_0,498,512,280,328,food,1
image_1652_0,387,490,263,339,food,1
image_1652_0,454,512,156,218,food,1
image_1653_0,327,361,195,216,public_area,1
image_1653_0,266,380,123,160,public_area,1
image_1654_0,208,306,185,341,room,1
image_1672_0,420,512,43,128,public_area,1
image_1672_0,312,498,312,414,public_area,1
image_1672_0,52,89,0,11,public_area,1
image_1672_0,75,115,35,71,public_area,1
image_1672_0,120,154,134,160,public_area,1
image_1672_0,101,137,89,119,public_area,1
image_1672_0,138,169,171,194,public_area,1
image_1672_0,361,511,369,512,public_area,1
image_1687_0,441,512,1,366,room,1
image_1687_0,377,507,156,220,room,1
image_1701_0,1,510,348,410,room,1
image_1701_0,278,288,123,165,room,1
image_1701_1,275,299,133,152,room,1
image_1701_1,257,276,246,255,room,1
image_1701_1,288,387,249,318,room,1
image_1701_1,157,239,85,193,room,1
image_1701_1,339,511,325,511,room,1
image_1701_2,0,25,244,337,room,1
image_1701_2,120,165,121,162,room,1
image_1701_3,260,310,40,71,room,1
image_1701_3,183,269,0,21,room,1
image_1701_3,304,404,105,153,room,1
image_1701_3,256,510,214,512,room,1
image_1701_4,233,511,73,408,room,1
image_1702_0,448,512,0,28,public_area,1
image_1702_0,435,490,30,90,public_area,1
image_1702_0,378,403,138,173,public_area,1
image_1702_0,379,403,251,283,public_area,1
image_1702_0,421,512,30,279,public_area,1
image_1702_0,458,512,410,492,public_area,1
image_1702_0,381,453,332,372,public_area,1
image_1702_0,367,404,161,199,service,1
image_1702_1,275,294,111,123,public_area,1
image_1702_1,289,390,40,147,public_area,1
image_1702_1,348,511,281,511,public_area,1
image_1702_1,322,454,3,105,public_area,1
image_1702_1,407,512,385,512,public_area,1
image_1702_1,360,512,231,362,public_area,1
image_1702_2,367,430,3,49,public_area,1
image_1702_2,297,390,466,512,public_area,1
image_1702_2,0,286,114,379,public_area,1
image_1702_2,313,497,136,266,public_area,1
image_1703_0,236,293,0,18,room,1
image_1703_0,276,358,60,97,room,1
image_1703_0,254,420,120,352,room,1
image_1705_0,165,349,262,511,public_area,1
image_1705_0,136,377,154,334,public_area,1
image_1706_0,290,309,389,399,public_area,1
image_1706_0,198,222,313,327,public_area,1
image_1706_0,341,384,301,385,public_area,1
image_1706_0,265,338,423,487,public_area,1
image_1706_0,305,376,360,450,public_area,1
image_1706_0,365,508,308,408,public_area,1
image_1706_0,171,203,2,39,public_area,1
image_1706_0,303,379,364,461,public_area,1
image_1706_0,438,502,475,512,public_area,1
image_1706_0,397,512,113,218,public_area,1
image_1706_0,455,512,399,511,public_area,1
image_1706_0,337,444,453,512,public_area,1
image_1707_0,262,293,131,342,public_area,1
image_1707_0,396,512,471,512,public_area,1
image_1707_0,238,263,61,230,public_area,1
image_1707_0,143,200,95,141,public_area,1
image_1707_0,262,380,131,353,public_area,1
image_1707_0,248,384,57,177,public_area,1
image_1707_0,263,420,258,367,public_area,1
image_1707_0,370,512,1,423,public_area,1
image_1707_1,405,491,165,337,public_area,1
image_1707_1,328,356,412,422,public_area,1
image_1707_1,411,512,110,415,public_area,1
image_1707_1,330,354,352,371,service,1
image_1707_1,367,408,248,298,public_area,1
image_1707_1,463,502,32,119,public_area,1
image_1707_1,281,466,0,132,public_area,1
image_1709_0,346,511,327,501,public_area,1
image_1709_0,368,425,128,367,public_area,1
image_1709_0,340,425,102,388,public_area,1
image_1709_0,405,512,29,378,public_area,1
image_1709_1,306,399,146,211,public_area,1
image_1709_1,135,162,201,237,public_area,1
image_1709_1,254,341,328,419,public_area,1
image_1709_1,297,420,40,330,public_area,1
image_1709_1,312,462,422,512,public_area,1
image_1709_1,346,512,0,191,public_area,1
image_1710_0,201,257,85,160,public_area,1
image_1710_0,209,236,0,74,public_area,1
image_1710_0,216,314,126,288,public_area,1
image_1710_0,232,357,192,296,public_area,1
image_1710_0,225,307,109,206,public_area,1
image_1710_0,266,469,212,408,public_area,1
image_1710_0,210,350,0,106,public_area,1
image_1710_0,302,511,155,307,public_area,1
image_1710_0,264,511,319,486,public_area,1
image_1711_0,414,512,418,512,room,1
image_1711_0,321,512,110,215,room,1
image_1770_0,172,249,331,434,public_area,1
image_1770_0,244,437,438,512,public_area,1
image_1770_0,230,271,101,176,public_area,1
image_1770_0,234,511,237,457,public_area,1
image_1815_0,401,452,294,320,public_area,1
image_1815_0,391,464,469,512,public_area,1
image_1815_0,385,412,268,287,public_area,1
image_1815_0,421,455,202,237,public_area,1
image_1816_1,251,348,0,155,public_area,1
image_1816_1,236,265,74,136,public_area,1
image_1816_1,105,176,0,89,public_area,1
image_1816_2,159,182,506,512,public_area,1
image_1816_2,353,398,150,218,public_area,1
image_1816_2,272,313,403,472,public_area,1
image_1816_2,278,318,388,407,service,1
image_1817_0,56,342,0,253,food,1
image_1817_0,0,74,414,512,food,1
image_1817_0,59,186,389,505,food,1
image_1817_0,187,495,202,511,food,1
image_1817_1,0,109,243,443,food,1
image_1817_1,0,125,45,244,food,1
image_1817_1,75,512,15,512,food,1
image_1818_0,415,442,189,202,room,1
image_1818_0,426,462,245,272,room,1
image_1820_0,407,511,431,512,public_area,1
image_1820_0,231,261,427,483,public_area,1
image_1820_0,299,340,417,460,public_area,1
image_1820_0,243,310,442,511,public_area,1
image_1820_0,333,512,0,193,public_area,1
image_1820_1,401,511,479,512,public_area,1
image_1820_1,426,512,0,29,public_area,1
image_1820_1,120,257,84,358,public_area,1
image_1820_2,340,512,0,187,public_area,1
image_1820_2,370,512,106,511,public_area,1
image_1820_4,409,428,83,104,food,1
image_1820_4,439,474,104,149,public_area,1
image_1820_4,320,447,66,189,public_area,1
image_1820_4,463,512,198,242,food,1
image_1820_4,419,450,242,276,food,1
image_1820_4,432,465,334,371,food,1
image_1820_4,421,453,278,315,food,1
image_1821_0,329,503,108,418,food,1
image_1822_1,174,212,420,480,public_area,1
image_1822_1,323,382,113,290,public_area,1
image_1822_1,483,512,410,459,public_area,1
image_1822_2,206,225,464,497,food,1
image_1822_2,322,395,180,303,food,1
image_1822_2,300,339,308,362,public_area,1
image_1822_2,422,471,181,235,food,1
image_1822_3,237,267,360,379,room,1
image_1822_3,323,341,101,179,room,1
image_1822_3,361,512,342,441,room,1
image_1846_0,162,203,335,390,public_area,1
image_1846_0,170,208,42,97,public_area,1
image_1846_0,185,200,384,421,public_area,1
image_1874_0,246,285,491,512,public_area,1
image_1874_0,246,274,0,70,public_area,1
image_1874_0,238,270,374,391,public_area,1
image_1874_0,191,281,73,196,public_area,1
image_1876_0,267,402,200,346,public_area,1
image_1876_0,309,438,469,512,public_area,1
image_1876_0,323,434,5,38,public_area,1
image_1876_0,327,428,410,459,public_area,1
image_1876_1,459,477,67,99,public_area,1
image_1876_2,434,475,165,191,public_area,1
image_1876_2,384,433,358,415,public_area,1
image_1876_2,359,401,196,254,public_area,1
image_1876_2,383,439,501,512,service,1
image_1876_2,430,512,51,177,public_area,1
image_1877_0,369,512,157,233,room,1
image_1877_0,423,511,216,355,room,1
image_1880_1,298,321,76,105,public_area,1
image_1880_1,300,327,302,326,public_area,1
image_1880_4,274,289,392,407,public_area,1
image_1880_4,280,303,425,444,public_area,1
image_1880_4,254,327,36,81,public_area,1
image_1880_4,278,300,108,132,public_area,1
image_1881_1,345,370,410,445,public_area,1
image_1881_1,341,361,394,426,public_area,1
image_1884_1,408,512,381,512,room,1
image_1884_1,313,390,0,175,room,1
image_1884_1,365,434,387,452,room,1
image_1884_1,324,510,64,212,room,1
image_1884_3,314,358,0,62,room,1
image_1884_3,389,512,313,452,room,1
image_1884_3,417,512,464,512,room,1
image_1884_3,344,414,323,383,room,1
image_1884_3,315,512,0,117,room,1
image_1892_0,386,511,43,510,room,1
image_1892_0,178,248,482,512,room,1
image_1893_0,321,333,331,376,public_area,1
image_1893_0,348,365,341,359,public_area,1
image_1897_0,284,307,292,322,public_area,1
image_1897_0,230,255,465,490,public_area,1
image_1897_0,281,431,425,512,public_area,1
image_1897_1,314,333,251,279,public_area,1
image_1897_1,389,431,273,346,public_area,1
image_1897_1,428,450,307,351,public_area,1
image_1946_0,185,491,281,512,public_area,1
image_1947_1,296,348,0,26,public_area,1
image_1949_0,65,510,62,511,public_area,1
image_1949_1,197,246,350,512,public_area,1
image_1949_5,342,401,217,241,public_area,1
image_1950_0,283,315,257,277,public_area,1
image_1950_0,372,471,226,294,public_area,1
image_1951_0,0,183,74,511,public_area,1
image_1951_1,394,512,14,301,public_area,1
image_1951_1,385,462,339,406,public_area,1
image_1951_1,332,414,236,290,public_area,1
image_1953_0,391,512,394,512,public_area,1
image_1953_0,390,512,281,376,public_area,1
image_1954_0,174,198,270,290,room,1
image_1954_0,343,385,23,48,room,1
image_1954_0,292,317,316,336,room,1
image_1954_0,286,332,359,378,room,1
image_1954_0,299,512,188,375,room,1
image_1954_1,369,511,0,49,room,1
image_1954_1,443,512,438,512,room,1
image_1954_1,243,512,124,511,room,1
image_1954_2,296,445,412,493,public_area,1
image_1954_2,289,464,320,432,public_area,1
image_1956_1,223,470,2,511,room,1
image_1956_1,317,357,340,380,room,1
image_1956_2,360,512,225,506,room,1
image_1956_2,321,512,82,248,room,1
image_1956_3,364,439,142,210,room,1
image_1956_3,257,376,148,259,room,1
image_1956_4,406,511,5,510,room,1
image_1956_5,375,448,436,497,public_area,1
image_1956_6,451,512,25,169,public_area,1
image_1956_6,257,512,149,268,public_area,1
image_1956_6,337,512,231,403,public_area,1
image_1957_0,454,512,430,493,public_area,1
image_1957_0,374,440,372,401,public_area,1
image_1957_0,416,455,405,442,public_area,1
image_1957_0,376,441,424,470,public_area,1
image_1957_0,203,300,100,173,public_area,1
image_1957_1,455,475,206,272,public_area,1
image_1957_2,196,252,193,220,public_area,1
image_1957_2,239,263,222,239,public_area,1
image_1957_2,374,440,297,363,public_area,1
image_1958_0,219,318,0,79,public_area,1
image_1965_0,377,512,45,203,public_area,1
image_1965_1,360,414,152,195,public_area,1
image_1965_1,294,334,428,469,public_area,1
image_1965_1,470,512,70,130,public_area,1
image_1965_1,315,394,74,140,public_area,1
image_1965_1,386,436,316,366,public_area,1
image_1965_2,284,319,457,487,public_area,1
image_1965_2,263,309,212,270,public_area,1
image_1965_2,365,511,40,511,public_area,1
image_1965_2,390,407,411,440,public_area,1
image_1965_2,343,418,0,27,public_area,1
image_1965_2,261,314,335,390,public_area,1
image_1967_1,51,397,420,512,public_area,1
image_1967_1,270,416,67,163,public_area,1
image_1967_1,113,511,0,91,public_area,1
image_1967_1,1,176,0,167,public_area,1
image_1968_0,228,457,2,511,public_area,1
image_1968_0,289,387,97,168,food,1
image_1968_0,278,378,182,256,food,1
image_1968_0,244,361,297,376,food,1
image_1993_1,404,511,107,228,food,1
image_2003_0,234,276,143,178,public_area,1
image_2003_0,0,247,273,511,public_area,1
image_2004_0,269,321,433,490,room,1
image_2004_0,349,511,397,511,room,1
image_2004_0,296,511,3,393,room,1
image_2004_1,314,491,361,510,public_area,1
image_2004_1,372,396,216,244,public_area,1
image_2004_1,386,461,314,374,public_area,1
image_2004_1,460,512,330,419,public_area,1
image_2004_1,401,498,269,340,public_area,1
image_2004_2,126,510,376,511,room,1
image_2004_2,63,509,1,170,room,1
image_2005_0,398,512,0,105,room,1
image_2005_0,243,298,267,314,room,1
image_2005_0,269,479,114,465,room,1
image_2005_1,250,512,69,509,room,1
image_2006_0,398,512,0,105,room,1
image_2006_0,243,298,267,314,room,1
image_2006_0,269,479,114,465,room,1
image_2006_1,250,512,69,509,room,1
image_2007_0,214,510,1,453,room,1
image_2039_0,95,470,1,383,room,1
image_2040_0,273,511,0,362,room,1
image_2075_0,328,511,2,363,room,1
image_2076_0,244,512,195,511,room,1
image_2078_1,1,510,2,179,room,1
image_2078_1,0,26,198,310,room,1
image_2099_1,205,228,444,483,public_area,1
image_2099_1,230,253,430,490,public_area,1
image_2099_1,205,266,354,435,public_area,1
image_2099_1,228,308,86,170,public_area,1
image_2099_1,204,274,132,194,public_area,1
image_2099_1,205,231,490,512,public_area,1
image_2099_1,221,291,233,274,public_area,1
image_2099_1,208,288,1,83,public_area,1
image_2099_1,245,275,418,508,public_area,1
image_2099_1,214,266,302,336,public_area,1
image_2099_1,315,416,354,512,public_area,1
image_2099_1,271,358,399,511,public_area,1
image_2099_1,355,512,295,512,public_area,1
image_2099_1,313,506,0,116,public_area,1
image_2101_0,190,323,285,327,public_area,1
image_2101_1,190,508,1,198,room,1
image_2101_2,275,301,8,22,room,1
image_2101_2,244,510,135,412,room,1
image_2102_0,165,511,0,435,room,1
image_2102_1,209,244,106,146,room,1
image_2102_1,233,262,86,129,room,1
image_2102_1,181,254,143,171,room,1
image_2103_0,135,228,5,98,public_area,1
image_2103_0,103,139,118,157,public_area,1
image_2103_0,105,144,214,252,public_area,1
image_2103_0,110,145,305,340,public_area,1
image_2103_0,107,145,261,297,public_area,1
image_2103_0,104,142,168,206,public_area,1
image_2103_0,396,512,0,43,public_area,1
image_2103_0,260,512,0,169,public_area,1
image_2137_1,0,447,169,511,room,1
image_2137_4,1,509,19,508,room,1
image_2138_0,67,108,286,337,public_area,1
image_2138_0,94,201,405,509,public_area,1
image_2138_0,155,209,388,456,food,1
image_2138_0,216,330,420,511,public_area,1
image_2138_0,188,267,270,380,food,1
image_2138_0,229,328,125,275,food,1
image_2138_0,419,505,94,184,food,1
image_2138_0,465,512,0,100,food,1
image_2138_0,381,459,175,259,food,1
image_2146_0,222,304,119,171,public_area,1
image_2146_0,220,294,191,244,public_area,1
image_2146_0,227,303,54,111,public_area,1
image_2147_1,150,208,131,228,public_area,1
image_2149_0,410,511,0,56,public_area,1
image_2149_0,432,506,413,503,public_area,1
image_2151_3,462,497,139,175,public_area,1
image_2151_3,464,500,125,150,public_area,1
image_2151_3,461,512,44,76,public_area,1
image_2151_4,300,348,474,495,public_area,1
image_2152_0,347,381,55,79,public_area,1
image_2152_0,318,352,190,219,public_area,1
image_2152_0,459,512,0,56,public_area,1
image_2152_0,274,327,411,484,public_area,1
image_2152_0,363,384,118,150,public_area,1
image_2152_0,299,314,301,333,public_area,1
image_2152_0,413,461,405,436,public_area,1
image_2152_0,461,510,233,264,public_area,1
image_2152_0,440,501,343,376,public_area,1
image_2152_0,444,479,303,346,public_area,1
image_2152_0,389,425,111,141,public_area,1
image_2152_0,376,408,151,173,public_area,1
image_2152_0,403,461,439,485,public_area,1
image_2152_0,497,512,296,322,public_area,1
image_2152_0,427,467,486,512,public_area,1
image_2152_0,309,345,317,340,public_area,1
image_2152_0,313,342,295,314,public_area,1
image_2153_0,447,481,341,391,public_area,1
image_2155_0,312,406,79,181,public_area,1
image_2155_0,384,451,0,83,public_area,1
image_2155_0,314,393,268,332,public_area,1
image_2155_0,324,386,446,512,public_area,1
image_2155_0,299,390,321,371,public_area,1
image_2155_0,344,441,399,451,food,1
image_2155_0,314,377,218,270,public_area,1
image_2155_0,434,512,0,82,food,1
image_2155_0,423,511,231,346,food,1
image_2156_0,365,512,23,155,room,1
image_2161_0,106,133,165,178,public_area,1
image_2161_0,0,31,28,65,public_area,1
image_2161_0,0,18,92,129,public_area,1
image_2161_0,130,150,20,51,service,1
image_2161_0,0,104,348,441,public_area,1
image_2161_0,74,143,85,157,service,1
image_2161_0,51,252,431,512,public_area,1
image_2162_0,176,198,186,214,service,1
image_2162_0,130,197,365,413,public_area,1
image_2162_0,79,110,265,283,public_area,1
image_2162_0,51,90,178,207,public_area,1
image_2162_0,67,102,227,248,public_area,1
image_2162_0,180,203,318,342,service,1
image_2162_0,32,75,123,155,public_area,1
image_2162_0,170,185,216,240,service,1
image_2162_0,7,57,48,92,public_area,1
image_2164_0,253,268,296,305,room,1
image_2164_0,243,272,319,327,room,1
image_2164_0,243,264,304,314,room,1
image_2164_0,238,264,330,340,room,1
image_2164_0,261,399,109,164,room,1
image_2164_0,262,308,324,433,room,1
image_2164_1,278,391,438,511,room,1
image_2164_1,75,122,329,373,room,1
image_2164_1,140,489,2,365,room,1
image_2164_2,136,171,166,200,room,1
image_2164_2,164,224,311,359,room,1
image_2164_2,284,511,1,293,room,1
image_2164_3,154,393,139,430,room,1
image_2165_0,434,511,1,511,room,1
image_2165_0,301,343,414,443,room,1
image_2165_0,292,455,174,297,room,1
image_2165_0,131,231,369,512,room,1
image_2165_1,346,511,1,450,room,1
image_2165_2,365,385,430,442,room,1
image_2165_2,382,469,407,512,room,1
image_2165_2,347,512,192,347,room,1
image_2166_0,1,510,3,510,room,1
image_2166_3,297,511,1,452,public_area,1
image_2166_4,175,291,449,512,public_area,1
image_2166_4,158,451,39,467,public_area,1
image_2166_5,0,98,174,291,room,1
image_2166_5,0,151,284,482,room,1
image_2166_5,49,226,72,222,room,1
image_2166_5,136,354,271,449,room,1
image_2181_0,412,454,87,113,public_area,1
image_2181_1,312,511,2,504,room,1
image_2181_1,393,512,340,484,room,1
image_2181_2,315,395,339,444,room,1
image_2181_2,243,321,396,445,room,1
image_2181_2,382,477,0,87,room,1
image_2181_2,368,511,97,418,room,1
image_2181_2,318,388,67,143,room,1
image_2181_3,345,453,402,511,public_area,1
image_2182_0,333,506,1,365,room,1
image_2182_0,354,377,37,76,room,1
image_2183_0,291,401,393,512,public_area,1
image_2183_0,189,288,272,388,public_area,1
image_2183_0,209,407,66,379,public_area,1
image_2183_1,198,221,386,459,public_area,1
image_2183_1,440,512,149,256,food,1
image_2183_1,373,469,138,207,food,1
image_2183_1,356,428,0,47,food,1
image_2183_1,435,512,244,370,food,1
image_2183_1,410,512,66,149,food,1
image_2184_0,224,255,261,319,food,1
image_2184_0,220,266,333,393,food,1
image_2184_0,154,262,416,512,food,1
image_2184_0,302,493,0,66,food,1
image_2184_2,424,511,1,510,room,1
image_2185_0,175,315,334,504,food,1
image_2185_0,139,293,173,332,food,1
image_2185_0,318,456,445,512,food,1
image_2185_0,10,85,272,356,food,1
image_2185_0,7,76,119,210,food,1
image_2185_0,283,493,217,447,food,1
image_2185_0,332,512,0,230,food,1
image_2186_0,411,511,2,511,room,1
image_2187_0,333,511,411,510,public_area,1
image_2187_1,284,356,1,178,room,1
image_2187_1,214,265,57,146,room,1
image_2187_1,338,511,1,287,room,1
image_2188_0,396,462,8,63,public_area,1
image_2188_0,386,511,0,215,public_area,1
image_2189_0,337,512,209,512,room,1
image_2189_1,373,410,0,171,public_area,1
image_2189_2,4,379,109,319,public_area,1
image_2189_2,443,512,83,192,public_area,1
image_2199_0,395,427,409,427,public_area,1
image_2200_1,417,512,359,512,public_area,1
image_2200_1,366,512,241,409,public_area,1
image_2201_0,338,398,196,277,public_area,1
image_2212_0,1,92,315,376,public_area,1
image_2212_0,187,375,21,298,public_area,1
image_2212_0,87,318,148,372,public_area,1
image_2212_0,255,448,0,207,public_area,1
image_2212_0,54,233,0,151,public_area,1
image_2212_0,173,442,382,512,public_area,1
image_2212_0,361,511,1,375,public_area,1
image_2215_0,105,168,107,166,public_area,1
image_2215_0,363,512,228,511,public_area,1
image_2215_0,382,426,36,100,public_area,1
image_2215_0,112,174,30,89,public_area,1
image_2215_0,406,512,10,94,public_area,1
image_2215_1,187,359,134,356,public_area,1
image_2216_1,219,384,2,333,public_area,1
image_2216_1,389,430,95,151,public_area,1
image_2216_1,407,473,0,65,public_area,1
image_2216_1,220,327,390,512,public_area,1
image_2216_1,209,369,339,450,public_area,1
image_2216_2,239,432,0,297,public_area,1
image_2216_2,424,491,2,64,public_area,1
image_2216_2,403,511,75,145,public_area,1
image_2216_2,244,436,345,512,public_area,1
image_2216_2,234,378,306,402,public_area,1
image_2216_3,395,512,1,447,public_area,1
image_2216_3,263,450,336,512,public_area,1
image_2216_3,255,366,211,321,public_area,1
image_2216_3,297,346,208,259,public_area,1
image_2217_0,315,477,108,167,public_area,1
image_2217_0,323,478,183,249,public_area,1
image_2217_0,347,480,395,511,public_area,1
image_2217_0,349,483,301,387,public_area,1
image_2220_0,470,512,67,100,public_area,1
image_2220_0,445,512,205,430,public_area,1
image_2220_0,284,321,12,46,public_area,1
image_2220_0,445,512,207,429,public_area,1
image_2220_0,451,484,96,140,public_area,1
image_2220_0,283,320,55,89,public_area,1
image_2220_0,280,318,99,134,public_area,1
image_2220_0,284,306,151,172,public_area,1
image_2220_4,353,469,483,512,public_area,1
image_2220_4,92,136,160,202,public_area,1
image_2220_4,421,512,61,120,public_area,1
image_2220_4,339,472,256,342,public_area,1
image_2220_4,289,389,175,211,public_area,1
image_2220_4,280,387,299,507,public_area,1
image_2220_4,377,512,329,481,public_area,1
image_2257_0,194,293,164,427,room,1
image_2257_0,313,335,0,70,room,1
image_2257_0,239,502,81,391,room,1
image_2257_1,414,512,94,254,room,1
image_2257_1,203,291,219,479,room,1
image_2257_1,311,362,24,128,room,1
image_2257_1,240,501,139,450,room,1
image_2258_0,294,395,0,78,public_area,1
image_2258_0,0,86,344,511,public_area,1
image_2258_0,392,511,111,366,public_area,1
image_2258_1,136,238,1,94,public_area,1
image_2258_1,72,169,28,233,public_area,1
image_2258_1,69,205,275,372,public_area,1
image_2260_0,252,502,0,511,room,1
image_2260_0,250,462,66,177,room,1
image_2262_0,297,326,300,327,room,1
image_2262_0,297,361,348,459,room,1
image_2263_0,76,205,389,465,public_area,1
image_2265_0,274,368,319,426,room,1
image_2265_0,432,512,1,304,room,1
image_2265_0,395,436,34,49,room,1
image_2307_0,228,361,179,323,room,1
image_2310_0,292,510,428,492,room,1
image_2311_0,315,387,44,102,room,1
image_2311_0,336,496,18,79,room,1
image_2311_0,243,456,291,343,room,1
image_2313_0,291,320,200,210,room,1
image_2313_0,268,329,54,183,room,1
image_2313_0,291,461,267,394,room,1
image_2313_0,230,323,205,272,room,1
image_2313_0,295,511,0,327,room,1
image_2313_1,315,351,124,141,room,1
image_2313_1,338,360,87,124,room,1
image_2313_1,326,500,183,308,room,1
image_2313_1,311,345,93,107,room,1
image_2313_1,232,344,93,184,room,1
image_2313_1,368,511,0,273,room,1
image_2325_0,148,224,74,188,food,1
image_2325_0,0,86,94,167,public_area,1
image_2325_0,352,469,0,87,food,1
image_2325_0,203,269,0,53,food,1
image_2325_0,0,80,393,488,public_area,1
image_2325_0,0,100,0,110,public_area,1
image_2325_0,75,137,356,442,food,1
image_2326_1,295,393,420,511,public_area,1
image_2326_2,378,512,406,512,public_area,1
image_2326_2,314,434,324,503,public_area,1
image_2326_2,266,381,50,154,public_area,1
image_2326_2,295,495,92,331,public_area,1
image_2326_4,129,182,236,297,public_area,1
image_2326_4,190,306,170,273,public_area,1
image_2326_4,217,338,168,257,public_area,1
image_2326_4,6,500,9,218,public_area,1
image_2326_5,96,192,317,367,public_area,1
image_2326_5,117,223,244,327,public_area,1
image_2326_5,328,512,332,512,public_area,1
image_2326_5,161,385,326,460,public_area,1
image_2326_6,125,240,207,249,public_area,1
image_2326_6,371,512,0,76,public_area,1
image_2326_6,181,238,237,282,public_area,1
image_2326_6,217,307,165,225,public_area,1
image_2326_6,195,389,54,169,public_area,1
image_2329_0,1,385,381,511,room,1
image_2329_1,250,275,367,379,room,1
image_2329_1,233,271,344,356,room,1
image_2329_1,231,256,283,302,room,1
image_2329_1,260,443,453,512,room,1
image_2329_1,111,200,217,350,room,1
image_2329_1,213,270,137,214,room,1
image_2329_1,264,396,99,204,room,1
image_2329_1,397,512,1,350,room,1
image_2329_2,202,491,233,481,room,1
image_2329_5,287,498,432,512,room,1
image_2330_0,48,428,59,437,public_area,1
image_2331_1,253,383,44,267,food,1
image_2331_1,279,512,276,399,food,1
image_2332_0,233,511,1,384,room,1
image_2335_0,168,202,0,13,public_area,1
image_2335_0,130,355,471,512,public_area,1
image_2335_0,242,337,301,364,public_area,1
image_2335_0,216,286,6,151,public_area,1
image_2376_0,353,512,1,320,room,1
image_2376_3,390,411,178,185,room,1
image_2376_3,274,491,328,510,room,1
image_2376_3,379,511,107,406,room,1
image_2376_5,395,511,66,511,room,1
image_2377_0,1,510,2,510,room,1
image_2385_0,177,268,432,476,public_area,1
image_2385_0,0,239,231,305,public_area,1
image_2385_0,125,247,350,446,public_area,1
image_2385_0,58,272,88,248,public_area,1
image_2385_1,238,413,1,98,room,1
image_2386_0,187,222,479,491,room,1
image_2386_0,230,263,235,243,room,1
image_2386_0,237,267,186,196,room,1
image_2386_0,209,511,106,511,room,1
image_2386_1,231,512,0,426,room,1
image_2387_0,172,511,0,359,room,1
image_2387_1,221,511,20,470,room,1
image_2387_2,380,512,0,106,room,1
image_2387_2,275,512,349,470,room,1
image_2388_0,257,386,332,422,food,1
image_2388_0,293,505,226,352,food,1
image_2388_0,1,148,177,509,room,1
image_2389_0,64,158,326,365,room,1
image_2389_0,83,164,279,309,room,1
image_2390_0,383,429,171,186,room,1
image_2390_0,368,512,1,160,room,1
image_2390_0,396,446,156,176,room,1
image_2390_0,411,483,438,461,room,1
image_2391_0,336,500,88,190,room,1
image_2393_0,351,440,29,142,room,1
image_2393_0,437,511,217,290,room,1
image_2394_0,357,483,0,29,room,1
image_2394_0,236,352,76,273,room,1
image_2394_0,357,511,283,511,room,1
image_2395_0,0,102,103,358,room,1
image_2396_1,226,482,153,257,public_area,1
image_2396_1,247,411,361,424,public_area,1
image_2397_0,443,512,258,511,room,1
image_2398_0,261,503,70,511,room,1
image_2506_0,347,512,306,455,room,1
image_2506_1,308,511,200,291,room,1
image_2507_4,342,437,203,284,public_area,1
image_2507_4,320,512,331,462,public_area,1
image_2507_4,316,346,222,264,public_area,1
image_2507_4,275,460,156,225,public_area,1
image_2508_1,309,511,467,512,room,1
image_2508_1,364,512,138,284,room,1
image_2508_2,351,388,236,277,public_area,1
image_2508_2,360,396,211,227,food,1
image_2508_2,279,332,233,276,public_area,1
image_2508_2,401,436,183,224,food,1
image_2508_2,338,511,332,511,public_area,1
image_2508_2,367,402,149,197,food,1
image_2508_2,324,511,0,172,public_area,1
image_2508_3,293,358,14,59,room,1
image_2508_3,257,510,1,490,room,1
image_2508_4,310,498,487,511,room,1
image_2508_4,390,409,175,191,room,1
image_2508_4,349,422,148,170,room,1
image_2508_4,306,411,103,226,room,1
image_2508_4,312,512,226,376,room,1
image_2510_1,342,511,2,511,public_area,1
image_2510_2,431,511,244,392,public_area,1
image_2511_1,400,512,230,320,public_area,1
image_2511_2,420,512,182,299,public_area,1
image_2511_3,324,482,3,143,public_area,1
image_2511_3,232,507,0,62,public_area,1
image_2511_3,469,511,402,440,food,1
image_2511_3,328,365,277,315,food,1
image_2511_3,266,336,53,118,public_area,1
image_2511_3,293,401,182,241,public_area,1
image_2511_4,376,512,185,366,public_area,1
image_2516_0,354,511,0,402,room,1
image_2516_0,135,433,113,404,room,1
image_2516_1,273,371,253,347,room,1
image_2516_1,286,417,339,473,room,1
image_2516_1,262,277,295,301,room,1
image_2516_1,336,511,0,209,room,1
image_2516_2,304,337,198,254,public_area,1
image_2516_2,335,356,194,243,public_area,1
image_2516_2,433,510,0,66,public_area,1
image_2516_2,306,378,413,512,public_area,1
image_2516_2,303,327,281,356,public_area,1
image_2516_2,366,410,396,509,public_area,1
image_2516_2,344,375,265,332,public_area,1
image_2528_4,327,350,116,143,public_area,1
image_2528_5,394,414,280,300,room,1
image_2528_5,356,396,279,296,room,1
image_2528_5,373,428,316,336,room,1
image_2528_5,355,512,162,387,room,1
image_2528_5,336,512,44,173,room,1
image_2530_0,418,441,194,220,public_area,1
image_2530_1,414,496,366,411,public_area,1
image_2530_1,468,510,264,291,public_area,1
image_2530_1,468,509,296,323,public_area,1
image_2531_0,270,328,67,111,room,1
image_2531_0,324,512,0,196,room,1
image_2531_0,318,344,153,193,room,1
image_2531_0,296,512,272,511,room,1
image_2533_0,290,511,73,297,public_area,1
image_2533_0,487,512,357,419,public_area,1
image_2545_1,306,511,1,380,room,1
image_2545_1,338,498,308,419,room,1
image_2545_2,310,442,173,334,food,1
image_2545_2,1,276,286,389,food,1
image_2546_0,236,511,1,354,room,1
image_2547_0,152,180,247,259,room,1
image_2547_0,176,195,228,257,room,1
image_2547_0,151,189,265,277,room,1
image_2547_0,6,132,118,296,room,1
image_2547_0,146,271,391,512,room,1
image_2547_0,245,511,225,511,room,1
image_2548_0,331,511,5,512,room,1
image_2548_0,204,221,415,438,room,1
image_2548_0,203,222,444,465,room,1
image_2548_0,0,145,320,512,room,1
image_2556_0,329,486,2,277,room,1
image_2556_0,369,414,235,249,room,1
image_2556_0,372,414,272,283,room,1
image_2556_0,371,411,256,268,room,1
image_2556_1,1,96,110,511,public_area,1
image_2556_1,234,344,409,511,public_area,1
image_2556_1,215,296,83,270,public_area,1
image_2556_1,210,264,35,85,public_area,1
image_2556_2,290,355,130,165,public_area,1
image_2556_2,275,319,477,504,public_area,1
image_2556_2,320,396,359,427,public_area,1
image_2556_2,65,303,93,510,public_area,1
image_2556_2,202,511,0,137,public_area,1
image_2556_2,368,511,285,439,public_area,1
image_2556_2,337,511,396,511,public_area,1
image_2556_2,326,378,303,320,public_area,1
image_2556_2,326,380,329,346,public_area,1
image_2556_2,347,512,148,335,public_area,1
image_2558_0,299,512,3,306,room,1
image_2558_2,99,210,175,291,room,1
image_2558_2,236,326,317,390,room,1
image_2558_2,351,376,245,280,room,1
image_2558_2,208,286,474,512,room,1
image_2558_2,264,285,456,464,room,1
image_2558_2,116,198,81,150,room,1
image_2558_2,342,419,0,27,room,1
image_2558_2,144,230,403,511,room,1
image_2558_3,169,256,363,512,public_area,1
image_2558_3,227,281,204,416,food,1
image_2558_3,389,512,331,511,food,1
image_2558_3,326,379,300,390,food,1
image_2558_3,368,440,35,132,food,1
image_2558_3,160,229,79,107,food,1
image_2558_3,0,222,83,191,public_area,1
image_2558_3,123,227,28,106,public_area,1
image_2558_3,275,303,245,306,public_area,1
image_2558_3,220,266,48,205,food,1
image_2558_3,202,238,203,266,public_area,1
image_2559_1,211,322,147,278,public_area,1
image_2559_1,363,487,160,238,public_area,1
image_2559_1,463,482,220,235,public_area,1
image_2559_1,273,315,348,367,public_area,1
image_2559_1,223,315,356,417,public_area,1
image_2560_0,171,227,119,145,room,1
image_2560_0,170,289,222,310,room,1
image_2560_0,402,496,63,175,room,1
image_2560_0,70,139,42,98,room,1
image_2561_0,336,414,207,274,room,1
image_2561_0,115,179,87,194,room,1
image_2561_0,359,410,269,302,room,1
image_2562_0,196,230,92,142,room,1
image_2562_0,270,286,229,255,room,1
image_2562_0,285,305,219,260,room,1
image_2562_0,232,438,77,170,room,1
image_2562_0,158,206,71,142,room,1
image_2562_0,247,286,166,217,room,1
image_2563_0,191,448,1,419,room,1
image_2563_0,1,208,1,188,room,1
image_2563_1,34,130,153,298,room,1
image_2564_0,266,314,0,115,public_area,1
image_2564_2,216,343,423,508,room,1
image_2564_2,296,340,399,420,room,1
image_2564_2,237,315,291,314,room,1
image_2564_2,336,414,0,76,room,1
image_2564_3,291,485,210,312,room,1
image_2565_0,119,172,36,110,room,1
image_2565_0,44,394,420,512,room,1
image_2565_0,132,251,159,238,room,1
image_2565_1,154,228,273,303,public_area,1
image_2565_1,121,223,175,252,public_area,1
image_2565_1,115,235,428,486,public_area,1
image_2565_2,289,418,320,380,room,1
image_2565_2,74,183,0,93,room,1
image_2565_2,102,418,60,215,room,1
image_2593_0,141,177,384,419,public_area,1
image_2593_0,167,503,283,511,public_area,1
image_2593_0,107,169,425,476,public_area,1
image_2612_0,444,486,52,71,room,1
image_2612_0,376,512,229,512,room,1
image_2612_0,271,383,377,443,room,1
image_2612_1,364,511,0,114,room,1
image_2612_1,384,511,341,487,room,1
image_2612_1,319,409,313,391,room,1
image_2613_0,238,265,303,312,room,1
image_2613_0,240,265,336,344,room,1
image_2613_0,213,247,278,316,room,1
image_2613_0,304,470,306,413,room,1
image_2620_0,385,512,18,132,room,1
image_2620_0,322,512,143,262,room,1
image_2620_0,382,511,267,511,room,1
image_2620_1,355,511,106,248,public_area,1
image_2621_0,443,490,138,176,public_area,1
image_2621_0,342,511,280,511,public_area,1
image_2631_0,219,312,0,69,room,1
image_2631_0,306,511,69,511,room,1
image_2631_1,303,510,12,362,room,1
image_2631_1,211,266,310,379,room,1
image_2631_2,299,506,0,110,public_area,1
image_2631_2,248,312,0,23,public_area,1
image_2631_2,334,512,160,348,public_area,1
image_2631_2,195,249,343,370,public_area,1
image_2631_2,242,307,368,445,public_area,1
image_2631_2,102,197,1,112,public_area,1
image_2631_2,289,512,274,512,public_area,1
image_2632_0,124,182,472,511,public_area,1
image_2632_0,109,154,292,313,public_area,1
image_2632_0,178,345,0,141,public_area,1
image_2632_0,219,287,188,220,public_area,1
image_2632_0,451,512,102,144,public_area,1
image_2632_0,341,418,181,224,public_area,1
image_2632_0,172,512,283,512,public_area,1
image_2632_0,124,211,414,475,public_area,1
image_2632_0,136,172,365,405,public_area,1
image_2632_0,60,134,51,136,public_area,1
image_2633_0,166,188,158,183,public_area,1
image_2633_0,120,175,325,360,public_area,1
image_2633_0,144,176,311,333,service,1
image_2633_0,105,153,215,275,public_area,1
image_2633_0,188,286,128,277,public_area,1
image_2649_0,423,507,111,242,public_area,1
image_2649_0,367,512,198,483,public_area,1
image_2649_0,355,455,102,222,public_area,1
image_2649_1,245,512,337,429,public_area,1
image_2649_1,335,405,204,304,public_area,1
image_2657_0,284,402,201,392,food,1
image_2657_0,137,304,36,209,public_area,1
image_2657_0,307,421,79,232,food,1
image_2657_2,114,511,275,458,public_area,1
image_2657_3,468,512,395,512,room,1
image_2657_4,99,481,142,228,public_area,1
image_2657_4,411,512,47,114,public_area,1
image_2658_0,339,492,71,249,public_area,1
image_2658_0,424,474,20,55,public_area,1
image_2658_0,303,512,315,512,public_area,1
image_2658_1,337,359,427,451,room,1
image_2659_0,344,380,108,148,room,1
image_2659_0,350,490,352,455,room,1
image_2659_1,292,358,216,289,room,1
image_2659_1,404,512,53,98,room,1
image_2659_1,345,457,235,409,room,1
image_2659_2,116,234,334,453,food,1
image_2659_2,159,445,69,360,food,1
image_2659_2,0,99,86,385,room,1
image_2659_3,369,384,437,451,public_area,1
image_2659_3,244,436,49,203,public_area,1
image_2659_3,338,380,309,325,public_area,1
image_2659_3,325,402,206,228,public_area,1
image_2659_3,350,394,331,349,public_area,1
image_2659_3,329,365,288,300,public_area,1
image_2659_4,358,512,267,378,food,1
image_2659_4,0,60,164,385,food,1
image_2659_4,408,512,130,272,food,1
image_2659_4,34,170,256,393,food,1
image_2659_5,428,512,202,365,room,1
image_2659_5,189,366,183,285,room,1
image_2659_5,295,442,214,297,room,1
image_2660_1,248,344,32,234,food,1
image_2660_1,308,484,75,222,food,1
image_2660_1,250,372,294,511,food,1
image_2660_1,349,492,247,429,food,1
image_2662_1,307,389,117,169,room,1
image_2662_1,251,511,139,511,room,1
image_2670_0,294,333,457,512,public_area,1
image_2670_0,1,161,1,511,public_area,1
image_2670_0,396,505,322,426,public_area,1
image_2670_0,403,512,0,109,public_area,1
image_2670_0,387,461,444,512,public_area,1
image_2670_1,348,405,396,507,public_area,1
image_2670_1,283,305,256,274,public_area,1
image_2670_1,274,305,222,263,public_area,1
image_2670_1,329,360,446,472,public_area,1
image_2670_1,278,332,187,215,public_area,1
image_2670_1,309,381,374,509,public_area,1
image_2670_1,230,373,322,404,public_area,1
image_2670_1,364,476,410,512,public_area,1
image_2670_1,333,512,0,137,public_area,1
image_2671_2,276,433,0,102,room,1
image_2671_2,276,352,254,362,room,1
image_2671_2,241,511,122,511,room,1
image_2684_1,212,511,1,381,room,1
image_2684_2,382,397,350,386,room,1
image_2684_2,369,469,282,473,room,1
image_2684_2,265,283,135,168,room,1
image_2684_2,286,414,237,368,room,1
image_2701_0,300,414,147,238,room,1
image_2701_0,297,450,341,390,room,1
image_2701_1,330,475,227,358,room,1
image_2701_1,265,511,344,512,room,1
image_2701_1,159,277,0,22,room,1
image_2701_1,381,512,262,353,room,1
image_2701_2,174,511,356,512,room,1
image_2701_2,319,469,90,229,room,1
image_2701_2,251,381,224,362,room,1
image_2701_2,371,512,121,217,room,1
image_2701_4,53,97,175,242,room,1
image_2701_4,270,370,199,266,room,1
image_2701_4,115,151,191,221,room,1
image_2701_4,227,511,0,209,room,1
image_2701_5,345,437,442,512,room,1
image_2701_5,350,438,375,512,room,1
image_2701_5,411,512,386,503,room,1
image_2701_5,159,289,92,212,room,1
image_2701_6,284,511,139,403,room,1
image_2703_0,232,246,111,122,room,1
image_2703_0,244,268,131,140,room,1
image_2703_0,295,385,309,350,room,1
image_2703_0,304,333,178,224,room,1
image_2703_0,422,512,133,511,room,1
image_2703_1,348,512,305,512,room,1
image_2704_0,484,512,155,407,public_area,1
image_2726_1,438,512,59,138,room,1
image_2726_1,449,507,352,367,room,1
image_2727_0,238,508,1,511,room,1
image_2729_0,412,445,269,285,room,1
image_2729_0,287,402,80,151,room,1
image_2729_0,453,512,464,503,room,1
image_2729_0,0,249,254,496,room,1
image_2731_0,130,393,332,505,public_area,1
image_2731_0,250,511,1,109,public_area,1
image_2732_0,267,325,423,512,public_area,1
image_2732_0,261,404,283,422,public_area,1
image_2732_1,243,380,0,108,public_area,1
image_2732_2,447,493,214,232,room,1
image_2732_3,279,294,277,293,public_area,1
image_2732_3,350,373,385,512,public_area,1
image_2732_3,304,396,273,376,public_area,1
image_2732_3,303,356,205,259,public_area,1
image_2732_3,213,455,0,66,public_area,1
image_2732_3,335,486,368,511,public_area,1
image_2733_0,308,377,259,418,public_area,1
image_2733_0,293,310,431,444,public_area,1
image_2733_0,308,365,331,393,public_area,1
image_2733_0,293,310,456,483,public_area,1
image_2733_0,290,310,497,512,public_area,1
image_2733_0,197,281,214,277,public_area,1
image_2733_0,226,274,96,135,service,1
image_2734_0,348,487,326,472,room,1
image_2735_0,200,403,383,512,public_area,1
image_2735_0,355,511,1,236,public_area,1
image_2735_0,236,422,0,190,public_area,1
image_2738_0,286,338,141,193,room,1
image_2738_0,313,427,0,89,room,1
image_2738_0,263,496,139,429,room,1
image_2739_0,303,350,314,350,room,1
image_2739_0,287,363,344,404,room,1
image_2739_0,276,326,277,315,room,1
image_2739_0,268,510,16,322,room,1
image_2739_1,282,353,266,318,room,1
image_2739_1,313,499,0,139,room,1
image_2739_1,279,347,159,206,room,1
image_2739_1,279,321,81,126,room,1
image_2739_1,165,254,353,398,room,1
image_2741_0,291,324,417,449,public_area,1
image_2741_0,375,512,411,512,public_area,1
image_2741_0,239,279,418,476,public_area,1
image_2741_0,257,316,342,415,public_area,1
image_2741_0,249,341,277,377,public_area,1
image_2741_0,220,285,97,147,public_area,1
image_2741_0,261,412,180,285,public_area,1
image_2742_0,327,418,85,154,room,1
image_2742_0,280,418,150,224,room,1
image_2742_0,295,450,0,86,room,1
image_2742_0,258,511,190,511,room,1
image_2742_1,321,415,344,430,room,1
image_2742_1,297,328,444,512,room,1
image_2742_1,217,509,1,146,room,1
image_2743_0,179,352,397,496,public_area,1
image_2743_0,111,423,79,210,public_area,1
image_2743_1,269,340,0,71,public_area,1
image_2743_1,250,370,274,388,public_area,1
image_2743_1,245,360,68,261,public_area,1
image_2743_1,193,225,487,500,public_area,1
image_2743_1,173,237,278,370,public_area,1
image_2743_1,239,344,391,464,public_area,1
image_2743_2,289,512,0,466,room,1
image_2744_0,218,240,281,292,public_area,1
image_2744_0,258,303,449,475,public_area,1
image_2744_0,192,237,178,207,public_area,1
image_2744_0,234,272,158,170,public_area,1
image_2744_0,233,435,0,148,public_area,1
image_2744_0,236,366,159,263,public_area,1
image_2744_1,208,511,4,506,room,1
image_2744_2,342,512,142,336,room,1
image_2744_3,314,341,311,323,room,1
image_2744_3,307,342,283,295,room,1
image_2840_0,79,511,10,511,public_area,1
image_2866_0,234,246,60,116,public_area,1
image_2866_0,267,297,297,509,public_area,1
image_2866_0,282,428,236,380,public_area,1
image_2866_0,256,405,0,86,public_area,1
image_2866_0,410,511,1,510,public_area,1
image_2866_0,108,233,339,456,public_area,1
image_2867_0,289,509,116,435,public_area,1
image_2867_0,285,307,441,459,public_area,1
image_2867_0,292,329,192,234,food,1
image_2867_0,102,237,171,305,public_area,1
image_2867_0,287,335,331,354,food,1
image_2867_0,291,309,152,191,food,1
image_2867_0,289,314,360,377,food,1
image_2867_0,330,512,221,466,public_area,1
image_2868_0,288,322,15,91,room,1
image_2868_0,237,511,1,325,room,1
image_2876_0,114,511,43,506,room,1
image_2880_0,326,377,152,174,public_area,1
image_2880_0,296,377,100,138,public_area,1
image_2881_0,435,511,3,511,room,1
image_2896_1,345,375,250,273,food,1
image_2896_2,176,286,39,159,public_area,1
image_2896_2,179,229,367,411,public_area,1
image_2896_2,275,511,0,320,public_area,1
image_2896_3,272,445,100,281,room,1
image_2896_5,345,360,390,440,public_area,1
image_2896_5,129,150,216,255,public_area,1
image_2896_5,287,296,456,480,public_area,1
image_2896_5,131,163,310,322,public_area,1
image_2896_5,290,316,255,300,public_area,1
image_2896_5,291,302,412,435,public_area,1
image_2896_5,293,316,71,108,public_area,1
image_2896_5,113,151,254,265,public_area,1
image_2896_5,138,176,339,387,public_area,1
image_2896_5,113,152,188,200,public_area,1
image_2896_5,130,167,139,150,public_area,1
image_2896_5,317,395,0,25,public_area,1
image_2896_5,362,511,449,512,public_area,1
image_2896_5,412,512,296,462,public_area,1
image_2897_1,185,277,7,204,public_area,1
image_2897_1,101,162,91,128,public_area,1
image_2897_1,108,159,42,93,public_area,1
image_2897_1,105,168,10,73,public_area,1
image_2897_1,258,405,117,270,food,1
image_2897_2,253,512,272,507,public_area,1
image_2897_2,431,512,178,319,public_area,1
image_2897_2,270,382,116,190,public_area,1
image_2897_4,275,288,347,388,public_area,1
image_2897_5,321,413,198,420,public_area,1
image_2897_6,214,506,77,493,room,1
image_2899_0,392,417,255,271,public_area,1
image_2899_0,396,422,184,210,public_area,1
image_2899_0,341,365,202,346,public_area,1
image_2899_0,391,412,306,328,public_area,1
image_2899_0,394,422,166,186,public_area,1
image_2899_0,370,427,244,259,service,1
image_2899_3,26,508,2,512,food,1
image_2899_4,301,487,180,363,room,1
image_2899_5,465,512,315,363,public_area,1
image_2899_6,382,405,85,196,public_area,1
image_2899_6,286,347,399,512,public_area,1
image_2900_0,312,335,9,128,public_area,1
image_2900_0,321,335,338,398,public_area,1
image_2900_0,321,399,143,285,public_area,1
image_2900_0,322,342,393,459,public_area,1
image_2901_0,8,262,0,70,public_area,1
image_2901_0,59,237,432,512,public_area,1
image_2901_0,217,398,56,457,food,1
image_2901_0,105,209,159,335,food,1
image_2901_1,118,290,0,66,public_area,1
image_2901_1,152,211,319,421,food,1
image_2901_1,0,239,411,512,public_area,1
image_2901_2,335,363,7,180,public_area,1
image_2901_2,53,96,44,143,food,1
image_2901_3,107,323,98,285,public_area,1
image_2901_3,1,272,0,145,service,1
image_2901_3,92,124,217,302,food,1
image_2901_3,338,512,108,449,public_area,1
image_2901_3,349,485,0,171,food,1
image_2901_3,95,182,277,375,food,1
image_2909_0,120,167,427,479,public_area,1
image_2909_0,143,182,285,320,public_area,1
image_2909_0,132,176,349,392,public_area,1
image_2909_0,152,189,228,258,public_area,1
image_2909_1,114,136,466,501,public_area,1
image_2909_1,41,69,339,380,public_area,1
image_2909_1,205,239,279,324,public_area,1
image_2909_1,116,167,101,172,public_area,1
image_2909_1,158,184,416,451,public_area,1
image_2909_2,338,436,176,297,room,1
image_2909_2,369,511,319,467,room,1
image_2909_2,307,511,1,419,room,1
image_2909_3,237,285,371,457,room,1
image_2909_3,207,511,0,512,room,1
image_2909_4,379,481,0,144,room,1
image_2909_4,359,512,163,333,room,1
image_2909_5,262,282,401,408,room,1
image_2909_5,159,215,348,431,room,1
image_2909_5,273,390,411,476,room,1
image_2909_5,394,510,177,511,room,1
image_2909_6,331,509,1,511,room,1
image_2909_6,224,338,243,301,room,1
image_2909_6,112,169,178,260,room,1
image_2909_6,286,407,387,512,room,1
image_2929_0,84,434,0,133,public_area,1
image_2929_0,107,141,476,506,public_area,1
image_2929_0,136,209,179,239,public_area,1
image_2929_0,174,226,147,195,public_area,1
image_2929_1,119,227,281,410,public_area,1
image_2929_1,0,226,150,446,public_area,1
image_2929_2,196,293,426,512,public_area,1
image_2929_2,227,341,0,53,public_area,1
image_2929_2,7,293,339,512,public_area,1
image_2929_2,0,29,117,223,public_area,1
image_2929_3,335,368,132,162,public_area,1
image_2929_3,411,432,240,265,public_area,1
image_2936_0,255,334,0,93,room,1
image_2936_0,313,511,10,511,room,1
image_2936_1,308,332,247,253,public_area,1
image_2936_1,365,392,242,250,public_area,1
image_2936_1,322,333,266,278,public_area,1
image_2936_1,383,498,292,413,public_area,1
image_2936_1,339,362,243,250,public_area,1
image_2936_1,324,334,282,291,public_area,1
image_2936_1,377,393,185,203,public_area,1
image_2936_1,368,396,97,114,public_area,1
image_2936_1,344,362,187,221,public_area,1
image_2936_1,333,361,101,118,public_area,1
image_2936_1,367,396,134,149,public_area,1
image_2936_1,334,362,144,154,public_area,1
image_2936_2,372,512,369,512,room,1
image_2936_2,354,512,47,140,room,1
image_2936_3,415,508,79,134,room,1
image_2936_3,293,352,237,329,room,1
image_2936_3,426,512,197,511,room,1
image_2937_0,303,349,212,263,public_area,1
image_2937_1,371,511,0,163,public_area,1
image_2937_1,376,512,1,163,public_area,1
image_2937_1,365,512,279,511,public_area,1
image_2938_0,425,512,24,359,public_area,1
image_2938_0,235,488,0,439,public_area,1
image_2938_1,378,511,1,321,public_area,1
image_2938_1,263,381,149,284,public_area,1
image_2938_1,120,399,24,125,public_area,1
image_2954_0,356,408,431,461,public_area,1
image_2954_0,411,441,432,512,public_area,1
image_2954_0,416,511,429,511,public_area,1
image_2954_1,177,205,395,409,public_area,1
image_2954_1,259,286,219,240,public_area,1
image_2954_1,171,200,423,451,public_area,1
image_2954_1,223,259,231,273,public_area,1
image_2954_1,163,194,466,497,public_area,1
image_2954_1,315,399,397,445,public_area,1
image_2961_0,347,449,293,449,food,1
image_2961_0,317,371,236,297,food,1
image_2961_0,404,512,61,270,food,1
image_2961_0,321,380,56,148,food,1
image_2961_0,311,379,172,220,food,1
image_2963_0,291,346,372,468,room,1
image_2963_0,333,511,268,511,room,1
image_2963_2,291,325,111,121,room,1
image_2963_2,304,319,77,107,room,1
image_2963_2,295,352,111,210,room,1
image_2963_3,244,274,436,446,room,1
image_2963_3,210,269,391,465,room,1
image_2963_3,299,511,1,249,room,1
image_2966_1,407,477,230,511,public_area,1
image_2967_1,320,369,205,233,public_area,1
image_2967_1,278,311,208,258,public_area,1
image_2967_1,232,273,165,224,public_area,1
image_2967_1,323,420,257,318,public_area,1
image_2967_1,380,512,352,472,public_area,1
image_3013_0,333,511,1,359,room,1
image_3014_1,343,372,202,213,room,1
image_3014_1,385,512,1,371,room,1
image_3033_0,0,169,3,126,public_area,1
image_3034_0,145,195,85,117,room,1
image_3034_0,305,508,1,511,room,1
image_3034_0,314,340,158,207,room,1
image_3040_0,320,386,0,40,public_area,1
image_3040_0,311,332,134,226,public_area,1
image_3040_0,30,428,0,189,public_area,1
image_3040_0,380,421,275,308,public_area,1
image_3040_0,294,324,70,102,public_area,1
image_3040_0,306,323,111,127,public_area,1
image_3040_0,275,317,23,40,public_area,1
image_3040_0,252,302,228,254,public_area,1
image_3040_0,457,512,104,176,public_area,1
image_3040_0,317,386,219,254,public_area,1
image_3040_0,405,512,163,261,public_area,1
image_3040_2,133,342,143,420,public_area,1
image_3040_3,335,405,174,258,public_area,1
image_3040_3,342,438,72,134,public_area,1
image_3040_3,329,512,24,102,public_area,1
image_3040_3,280,317,72,102,public_area,1
image_3040_4,354,385,54,73,public_area,1
image_3040_4,298,368,337,356,public_area,1
image_3040_5,413,455,170,199,public_area,1
image_3040_5,403,439,120,150,public_area,1
image_3040_6,284,341,97,155,public_area,1
image_3040_6,358,396,59,93,public_area,1
image_3041_0,139,292,91,171,public_area,1
image_3041_0,248,511,382,512,public_area,1
image_3041_0,229,334,7,49,public_area,1
image_3041_0,307,512,82,259,public_area,1
image_3041_0,0,138,211,318,public_area,1
image_3042_0,360,396,215,427,public_area,1
image_3042_0,284,337,154,189,public_area,1
image_3042_0,411,510,25,148,public_area,1
image_3042_0,432,512,450,504,public_area,1
image_3042_0,335,368,265,322,public_area,1
image_3042_0,210,388,0,35,public_area,1
image_3042_0,381,502,155,229,public_area,1
image_3042_0,401,505,220,440,public_area,1
image_3042_1,376,509,143,320,public_area,1
image_3042_2,379,512,100,254,public_area,1
image_3042_2,253,475,110,334,public_area,1
image_3042_3,222,261,452,481,public_area,1
image_3042_3,261,348,0,19,public_area,1
image_3042_3,243,405,383,512,public_area,1
image_3042_3,215,462,257,411,public_area,1
image_3042_3,225,270,82,162,public_area,1
image_3042_3,221,253,411,445,public_area,1
image_3042_3,180,441,0,156,public_area,1
image_3042_4,429,512,245,512,public_area,1
image_3042_4,300,378,114,191,public_area,1
image_3042_4,268,457,276,409,public_area,1
image_3042_4,321,482,194,338,public_area,1
image_3042_5,329,387,476,512,public_area,1
image_3042_5,356,476,362,492,public_area,1
image_3042_5,352,462,17,125,public_area,1
image_3042_5,345,367,414,433,public_area,1
image_3042_5,368,512,109,235,public_area,1
image_3042_5,383,512,258,358,public_area,1
image_3042_6,0,137,0,178,public_area,1
image_3042_6,55,78,260,270,public_area,1
image_3042_6,0,239,355,512,public_area,1
image_3042_6,56,79,236,245,public_area,1
image_3042_6,55,77,292,326,public_area,1
image_3042_6,134,290,0,169,public_area,1
image_3048_2,68,173,0,43,public_area,1
image_3048_2,132,184,12,62,public_area,1
image_3048_2,137,240,36,167,public_area,1
image_3048_2,0,37,0,109,public_area,1
image_3048_2,179,234,271,339,public_area,1
image_3048_2,183,316,347,460,public_area,1
image_3048_2,241,325,320,380,public_area,1
image_3048_2,244,330,247,305,public_area,1
image_3049_0,253,322,35,126,room,1
image_3049_0,304,400,147,250,room,1
image_3049_0,184,290,148,215,room,1
image_3049_0,261,381,442,512,room,1
image_3049_0,364,512,0,161,room,1
image_3049_0,292,497,240,420,room,1
image_3049_1,197,213,265,282,room,1
image_3049_1,360,395,417,484,room,1
image_3049_1,437,480,443,503,room,1
image_3049_1,199,212,346,358,room,1
image_3049_1,199,213,307,322,room,1
image_3049_1,289,297,114,148,room,1
image_3049_1,306,391,477,509,room,1
image_3049_1,273,301,382,407,room,1
image_3049_1,315,337,298,435,room,1
image_3049_1,185,212,371,393,room,1
image_3049_1,405,458,494,512,room,1
image_3049_1,159,212,399,446,room,1
image_3049_1,395,447,0,102,room,1
image_3049_2,71,421,422,512,room,1
image_3049_2,54,124,460,512,room,1
image_3050_0,183,218,289,346,public_area,1
image_3050_0,131,282,340,512,public_area,1
image_3050_1,284,322,268,315,public_area,1
image_3050_1,467,512,395,488,room,1
image_3050_1,215,290,346,468,public_area,1
image_3050_1,470,512,148,249,room,1
image_3050_1,235,333,172,274,public_area,1
image_3056_1,303,391,459,504,room,1
image_3056_1,445,484,145,177,room,1
image_3056_1,381,512,210,359,room,1
image_3056_2,1,65,0,68,room,1
image_3056_2,356,512,104,309,room,1
image_3057_0,340,466,69,210,public_area,1
image_3057_0,87,248,153,285,food,1
image_3057_0,199,332,319,412,food,1
image_3057_0,234,376,169,295,food,1
image_3057_0,198,333,59,157,food,1
image_3057_0,364,512,224,380,food,1
image_3069_0,327,380,140,180,public_area,1
image_3069_0,371,431,117,193,public_area,1
image_3069_0,308,511,213,511,public_area,1
image_3069_0,386,511,0,48,public_area,1
image_3069_0,383,488,51,157,public_area,1
image_3080_0,144,202,0,17,public_area,1
image_3080_0,35,509,163,372,public_area,1
image_3080_3,107,301,339,414,public_area,1
image_3081_1,356,411,352,388,public_area,1
image_3081_1,326,480,366,443,public_area,1
image_3081_1,430,462,345,378,public_area,1
image_3081_3,436,481,253,351,public_area,1
image_3081_3,411,488,348,423,public_area,1
image_3081_3,464,512,328,429,public_area,1
image_3082_0,444,511,21,227,public_area,1
image_3082_1,258,294,420,463,public_area,1
image_3082_2,272,511,315,453,public_area,1
image_3083_1,1,232,363,511,public_area,1
image_3083_1,99,242,90,309,public_area,1
image_3083_1,13,123,133,326,public_area,1
image_3083_1,160,354,29,512,public_area,1
image_3083_2,396,512,1,399,room,1
image_3083_2,249,512,381,512,room,1
image_3084_0,342,357,215,230,public_area,1
image_3084_0,204,228,132,140,public_area,1
image_3084_0,387,512,1,250,public_area,1
image_3084_1,231,349,241,309,room,1
image_3084_1,228,253,238,288,room,1
image_3084_1,273,415,354,423,room,1
image_3084_1,354,512,22,258,room,1
image_3084_1,219,287,381,451,room,1
image_3084_1,215,286,128,180,room,1
image_3084_1,295,330,127,165,room,1
image_3084_1,249,480,204,390,room,1
image_3084_1,266,342,30,128,room,1
image_3084_2,425,512,1,166,room,1
image_3084_2,296,381,38,65,room,1
image_3084_3,415,512,267,464,room,1
image_3084_3,223,446,257,378,room,1
image_3084_3,353,511,15,173,room,1
image_3084_3,365,512,418,504,room,1
image_3084_3,314,512,41,214,room,1
image_3084_3,328,512,184,300,room,1
image_3084_4,383,407,349,371,room,1
image_3084_4,149,511,0,162,room,1
image_3084_6,373,442,173,266,public_area,1
image_3084_6,338,509,0,120,public_area,1
image_3084_6,337,512,14,212,public_area,1
image_3084_6,155,403,90,192,public_area,1
image_3084_6,274,511,328,510,public_area,1
image_3084_6,379,512,230,421,public_area,1
image_3098_0,334,447,0,126,room,1
image_3098_0,306,492,293,367,room,1
image_3098_1,165,229,32,59,room,1
image_3098_1,226,335,146,307,room,1
image_3098_1,226,469,184,474,room,1
image_3118_0,96,296,410,512,public_area,1
image_3118_0,383,511,228,511,public_area,1
image_3118_0,396,475,71,139,public_area,1
image_3118_0,265,387,140,272,public_area,1
image_3118_0,1,499,50,226,public_area,1
image_3137_0,300,347,162,237,room,1
image_3137_1,320,399,247,356,room,1
image_3137_1,337,441,169,253,room,1
image_3137_2,289,320,177,206,room,1
image_3137_2,342,392,175,212,room,1
image_3137_2,298,511,130,512,room,1
image_3138_0,202,290,103,165,room,1
image_3138_0,366,484,64,164,room,1
image_3138_0,315,511,123,510,room,1
image_3138_1,334,511,157,511,room,1
image_3138_2,265,301,45,80,room,1
image_3138_2,191,300,130,304,room,1
image_3139_0,337,511,242,511,room,1
image_3139_1,167,448,23,190,public_area,1
image_3139_1,167,453,342,508,public_area,1
image_3139_1,234,435,158,397,public_area,1
image_3139_3,416,511,1,510,room,1
image_3140_0,294,504,66,300,room,1
image_3141_0,303,511,27,109,room,1
image_3141_0,455,511,196,342,food,1
image_3169_0,268,465,364,511,public_area,1
image_3169_0,279,310,230,276,public_area,1
image_3169_0,433,512,322,367,public_area,1
image_3169_0,366,413,287,317,public_area,1
image_3169_0,261,318,170,227,public_area,1
image_3169_0,451,512,233,279,public_area,1
image_3169_0,366,429,102,155,public_area,1
image_3169_0,273,309,108,163,public_area,1
image_3169_1,413,512,425,512,public_area,1
image_3169_1,369,512,161,250,public_area,1
image_3169_1,342,441,0,132,public_area,1
image_3169_2,300,402,0,227,room,1
image_3169_2,255,512,220,511,room,1
image_3169_3,374,512,188,511,room,1
image_3170_0,289,334,150,205,public_area,1
image_3171_0,256,298,10,39,public_area,1
image_3171_0,106,149,31,112,public_area,1
image_3171_0,183,309,57,141,public_area,1
image_3171_0,262,512,456,512,public_area,1
image_3171_0,291,453,0,67,public_area,1
image_3172_2,384,510,1,495,room,1
image_3172_3,249,300,140,182,room,1
image_3172_3,163,279,467,512,room,1
image_3172_3,369,512,310,466,room,1
image_3172_3,149,236,312,402,room,1
image_3172_3,0,97,381,511,room,1
image_3172_3,424,512,0,177,room,1
image_3172_4,258,322,263,317,room,1
image_3172_4,476,512,102,228,room,1
image_3172_4,464,512,0,82,room,1
image_3172_6,132,232,18,258,public_area,1
image_3172_6,310,511,402,511,public_area,1
image_3172_6,249,488,273,349,public_area,1
image_3172_6,205,340,0,92,public_area,1
image_3172_6,204,230,268,351,public_area,1
image_3172_6,282,511,0,290,public_area,1
image_3172_6,345,473,332,414,public_area,1
image_3175_0,350,387,367,403,public_area,1
image_3175_0,338,371,226,321,public_area,1
image_3175_0,295,374,138,180,public_area,1
image_3175_0,288,325,348,375,public_area,1
image_3175_0,435,512,235,315,public_area,1
image_3175_0,301,327,386,402,public_area,1
image_3175_0,359,507,255,453,public_area,1
image_3175_0,435,512,234,315,public_area,1
image_3175_0,260,484,404,512,public_area,1
image_3186_1,55,116,448,512,public_area,1
image_3186_1,179,241,49,74,service,1
image_3186_1,226,252,232,266,service,1
image_3186_2,394,512,309,428,public_area,1
image_3186_3,296,328,221,251,public_area,1
image_3186_3,292,330,235,263,public_area,1
image_3186_3,302,368,108,168,public_area,1
image_3186_3,246,293,285,381,public_area,1
image_3186_3,295,365,141,224,public_area,1
image_3186_3,307,497,0,85,public_area,1
image_3187_0,318,512,0,98,public_area,1
image_3187_0,357,512,176,491,public_area,1
image_3187_0,326,506,405,485,public_area,1
image_3188_0,234,286,192,265,public_area,1
image_3188_0,241,283,307,369,public_area,1
image_3194_0,160,214,311,374,public_area,1
image_3194_1,179,308,112,273,food,1
image_3194_1,38,199,225,307,food,1
image_3194_1,311,402,106,199,food,1
image_3194_1,20,209,96,175,food,1
image_3194_1,299,512,148,444,food,1
image_3194_1,186,354,0,94,food,1
image_3194_1,179,346,280,494,food,1
image_3194_2,336,512,256,445,public_area,1
image_3194_2,445,504,117,174,public_area,1
image_3194_2,471,512,13,247,public_area,1
image_3194_2,303,455,4,288,public_area,1
image_3194_3,88,138,133,164,public_area,1
image_3194_3,98,137,81,128,public_area,1
image_3197_0,364,512,32,476,room,1
image_3201_0,352,511,156,511,public_area,1
image_3201_0,104,136,422,461,public_area,1
image_3201_0,421,512,90,177,public_area,1
image_3203_0,121,201,262,322,room,1
image_3203_0,310,349,367,378,room,1
image_3203_0,317,353,336,351,room,1
image_3203_0,126,222,87,248,room,1
image_3203_1,308,358,241,269,room,1
image_3203_1,243,269,358,372,room,1
image_3203_1,352,393,112,244,room,1
image_3203_2,366,511,11,449,room,1
image_3203_3,383,512,308,463,room,1
image_3203_3,381,512,253,325,room,1
image_3209_0,391,448,460,484,room,1
image_3209_0,360,389,455,483,food,1
image_3209_0,417,471,405,438,food,1
image_3209_0,263,511,70,355,room,1
image_3209_1,134,221,384,418,room,1
image_3209_1,253,456,107,268,room,1
image_3209_2,232,511,151,511,room,1
image_3210_0,320,422,33,95,public_area,1
image_3210_0,430,465,332,351,public_area,1
image_3210_0,441,512,370,456,public_area,1
image_3210_0,335,375,100,165,public_area,1
image_3210_0,366,455,159,231,public_area,1
image_3211_0,476,512,2,323,room,1
image_3211_0,119,236,126,315,room,1
image_3212_0,274,510,2,512,room,1
image_3212_1,366,511,8,511,room,1
image_3214_0,361,416,50,72,room,1
image_3214_0,285,318,413,425,room,1
image_3214_0,152,234,484,512,room,1
image_3214_0,256,459,83,336,room,1
image_3216_0,0,41,311,458,room,1
image_3216_0,276,504,1,510,room,1
image_3216_0,134,173,435,479,room,1
image_3298_0,347,512,171,511,public_area,1
image_3298_0,369,512,0,158,public_area,1
image_3298_1,394,449,29,216,public_area,1
image_3298_1,382,418,83,96,public_area,1
image_3298_1,378,476,200,314,public_area,1
image_3298_1,362,460,0,47,public_area,1
image_3298_1,420,512,452,512,public_area,1
image_3298_1,403,511,305,420,public_area,1
image_3298_1,459,511,216,368,public_area,1
image_3298_1,416,511,59,207,public_area,1
image_3310_0,62,162,32,159,room,1
image_3310_0,323,511,147,510,room,1
image_3310_1,206,511,1,405,room,1
image_3311_0,462,512,135,173,public_area,1
image_3311_0,474,512,153,197,public_area,1
image_3311_0,473,511,177,231,public_area,1
image_3311_0,380,512,314,423,public_area,1
image_3311_0,349,512,91,163,public_area,1
image_3375_0,145,511,1,463,room,1
image_3386_0,101,378,7,507,public_area,1
image_3387_0,237,340,202,509,room,1
image_3387_0,281,511,1,510,room,1
image_3387_0,91,152,0,30,room,1
image_3388_0,445,512,193,511,room,1
image_3388_0,479,512,117,131,room,1
image_3388_1,0,55,60,119,room,1
image_3388_1,271,386,172,271,room,1
image_3388_1,357,511,1,394,room,1
image_3388_2,327,469,148,226,room,1
image_3388_2,228,375,0,142,room,1
image_3389_0,311,509,1,511,room,1
image_3389_0,69,170,439,512,room,1
image_3401_0,257,292,396,425,public_area,1
image_3401_0,239,430,381,512,public_area,1
image_3401_0,198,275,116,165,public_area,1
image_3401_0,237,263,331,354,public_area,1
image_3401_0,173,322,184,223,public_area,1
image_3401_0,204,409,422,512,public_area,1
image_3401_0,208,251,48,89,public_area,1
image_3401_0,365,476,0,102,public_area,1
image_3401_0,263,315,231,315,public_area,1
image_3401_1,272,291,335,359,public_area,1
image_3401_1,275,288,308,332,public_area,1
image_3401_1,229,400,402,510,public_area,1
image_3401_1,214,286,173,232,public_area,1
image_3401_1,266,304,228,255,public_area,1
image_3401_1,284,305,260,288,public_area,1
image_3401_1,280,304,160,195,public_area,1
image_3401_1,262,371,365,403,public_area,1
image_3401_1,277,359,78,134,public_area,1
image_3401_1,301,399,135,368,public_area,1
image_3401_1,316,503,0,118,public_area,1
image_3402_0,468,512,268,460,public_area,1
image_3402_0,355,431,336,376,public_area,1
image_3402_0,315,375,377,439,public_area,1
image_3402_0,350,369,450,476,public_area,1
image_3402_0,364,456,366,512,public_area,1
image_3402_0,370,512,57,352,public_area,1
image_3402_1,268,473,208,388,public_area,1
image_3402_1,369,466,173,249,public_area,1
image_3402_1,235,309,155,216,public_area,1
image_3402_1,30,512,411,512,public_area,1
image_3402_1,214,270,278,325,public_area,1
image_3402_2,310,368,362,386,public_area,1
image_3402_2,268,325,402,452,public_area,1
image_3402_2,155,458,125,194,public_area,1
image_3402_2,325,391,382,512,public_area,1
image_3402_2,325,441,203,370,public_area,1
image_3402_3,281,511,77,376,room,1
image_3402_3,358,464,403,477,room,1
image_3403_3,259,317,286,366,public_area,1
image_3403_3,92,319,56,265,public_area,1
image_3403_3,310,398,165,281,food,1
image_3403_5,254,512,110,427,public_area,1
image_3403_6,182,511,265,507,public_area,1
image_3403_6,106,500,138,321,public_area,1
image_3403_6,324,495,240,343,public_area,1
image_3403_6,346,511,267,465,public_area,1
image_3403_6,338,512,78,216,public_area,1
image_3404_0,191,335,1,349,public_area,1
image_3404_0,71,192,214,349,public_area,1
image_3406_0,211,290,18,75,public_area,1
image_3406_0,307,512,21,512,public_area,1
image_3407_0,261,311,141,180,public_area,1
image_3407_0,283,304,324,339,public_area,1
image_3407_0,233,303,353,417,public_area,1
image_3407_0,279,320,267,313,public_area,1
image_3407_0,273,319,84,130,public_area,1
image_3407_0,365,512,397,512,public_area,1
image_3407_0,276,307,470,504,public_area,1
image_3407_0,305,511,0,511,public_area,1
image_3407_1,376,512,99,232,public_area,1
image_3407_1,316,379,79,130,public_area,1
image_3407_1,236,276,170,212,public_area,1
image_3407_1,288,345,0,38,public_area,1
image_3407_1,209,274,228,287,public_area,1
image_3407_1,226,351,405,512,public_area,1
image_3407_2,154,240,290,364,public_area,1
image_3407_2,182,243,414,468,public_area,1
image_3407_2,210,385,265,418,public_area,1
image_3408_0,254,301,254,306,public_area,1
image_3408_0,246,511,0,363,public_area,1
image_3408_1,182,511,266,507,public_area,1
image_3408_1,109,500,138,321,public_area,1
image_3408_1,338,512,78,216,public_area,1
image_3408_2,119,316,22,101,room,1
image_3408_5,201,360,215,419,public_area,1
image_3408_5,336,406,284,362,public_area,1
image_3408_5,383,512,204,382,public_area,1
image_3408_5,245,512,112,382,public_area,1
image_3408_5,347,512,366,512,public_area,1
image_3408_6,101,403,121,401,public_area,1
image_3408_6,275,414,405,512,public_area,1
image_3408_6,385,508,211,345,public_area,1
image_3409_0,256,273,329,362,public_area,1
image_3409_0,263,314,220,241,public_area,1
image_3409_0,259,272,238,259,public_area,1
image_3409_0,373,511,372,511,public_area,1
image_3409_0,324,512,280,490,public_area,1
image_3409_0,257,280,295,322,public_area,1
image_3409_0,267,322,377,400,public_area,1
image_3409_0,221,265,244,304,public_area,1
image_3409_0,213,362,407,512,public_area,1
image_3409_0,275,334,240,385,public_area,1
image_3409_0,279,390,39,222,public_area,1
image_3410_0,240,369,357,511,public_area,1
image_3410_0,87,418,82,397,public_area,1
image_3410_1,203,317,153,253,public_area,1
image_3410_1,339,462,221,299,public_area,1
image_3410_2,235,274,419,448,public_area,1
image_3410_2,263,283,479,506,public_area,1
image_3410_2,201,256,462,512,public_area,1
image_3410_2,348,429,0,24,public_area,1
image_3410_2,262,281,452,473,public_area,1
image_3410_2,208,251,0,24,public_area,1
image_3410_2,275,327,392,512,public_area,1
image_3410_2,273,350,234,379,public_area,1
image_3410_3,182,511,0,511,room,1
image_3410_4,0,107,0,76,public_area,1
image_3410_4,229,296,488,512,public_area,1
image_3410_4,286,484,0,241,food,1
image_3410_4,37,303,0,82,public_area,1
image_3410_5,413,512,71,160,public_area,1
image_3410_5,309,409,0,166,public_area,1
image_3410_5,30,195,0,80,public_area,1
image_3410_5,403,512,288,397,public_area,1
image_3410_5,314,480,270,512,public_area,1
image_3410_6,219,309,461,512,public_area,1
image_3410_6,214,390,88,163,public_area,1
image_3410_6,186,241,248,308,public_area,1
image_3410_6,189,294,0,103,public_area,1
image_3410_6,339,494,0,91,public_area,1
image_3424_0,405,438,134,173,public_area,1
image_3424_0,292,366,393,437,public_area,1
image_3424_0,282,380,210,286,public_area,1
image_3424_0,294,336,470,511,public_area,1
image_3424_0,242,366,295,386,public_area,1
image_3432_1,86,173,0,119,room,1
image_3432_1,249,511,0,511,room,1
image_3432_1,174,256,270,418,room,1
image_3432_2,259,321,356,423,room,1
image_3432_2,332,448,0,88,room,1
image_3432_2,409,512,0,40,room,1
image_3432_2,285,477,33,403,room,1
image_3432_3,273,288,363,380,room,1
image_3432_3,328,359,263,272,room,1
image_3432_3,359,372,223,313,room,1
image_3432_3,435,512,15,103,room,1
image_3432_3,321,360,245,257,room,1
image_3432_3,314,360,166,220,room,1
image_3432_5,246,329,0,73,room,1
image_3432_5,278,319,150,224,room,1
image_3432_5,211,305,243,340,room,1
image_3432_5,294,384,225,363,room,1
image_3433_2,339,486,187,325,room,1
image_3433_2,284,358,221,295,room,1
image_3433_2,314,482,125,227,room,1
image_3436_0,191,240,307,382,public_area,1
image_3436_0,163,223,403,471,public_area,1
image_3436_0,315,435,182,374,public_area,1
image_3436_0,336,471,0,163,public_area,1
image_3438_0,417,512,0,111,public_area,1
image_3438_0,427,512,430,512,public_area,1
image_3438_0,416,512,232,341,public_area,1
image_3439_0,273,510,1,511,room,1
image_3439_1,389,402,138,149,public_area,1
image_3439_1,268,287,161,182,public_area,1
image_3439_1,387,397,68,82,public_area,1
image_3439_1,361,511,394,512,public_area,1
image_3439_1,327,370,459,512,public_area,1
image_3439_1,387,404,183,205,public_area,1
image_3440_0,310,511,1,511,room,1
image_3440_1,298,511,1,463,room,1
image_3480_0,265,331,216,262,room,1
image_3480_0,269,511,311,511,room,1
image_3480_0,245,277,431,475,room,1
image_3480_0,241,277,326,423,room,1
image_3480_0,238,282,2,47,room,1
image_3480_0,123,201,139,210,room,1
image_3480_1,208,253,135,352,room,1
image_3480_2,263,511,0,235,public_area,1
image_3480_4,370,512,345,511,public_area,1
image_3481_0,219,489,2,228,food,1
image_3482_1,249,511,1,503,room,1
image_3482_1,205,282,416,512,room,1
image_3493_0,372,430,421,456,room,1
image_3493_0,351,512,338,512,room,1
image_3493_0,313,512,157,366,room,1
image_3504_0,298,511,6,431,room,1
image_3508_0,258,512,17,512,room,1
image_3513_0,296,336,436,464,room,1
image_3513_0,190,511,1,384,room,1
image_3521_0,301,374,0,36,public_area,1
image_3521_0,285,392,443,512,public_area,1
image_3521_1,226,263,369,404,public_area,1
image_3522_1,241,265,110,136,public_area,1
image_3522_1,199,224,165,198,public_area,1
image_3522_1,188,227,0,17,public_area,1
image_3523_0,108,505,357,512,public_area,1
image_3547_0,487,512,300,405,food,1
image_3547_0,332,371,0,98,food,1
image_3547_0,99,235,123,252,public_area,1
image_3547_0,78,220,324,454,public_area,1
image_3547_0,328,384,93,152,food,1
image_3547_0,195,296,11,157,public_area,1
image_3547_0,259,322,372,428,food,1
image_3547_0,222,290,207,322,public_area,1
image_3547_0,297,337,0,101,public_area,1
image_3547_0,454,512,101,282,food,1
image_3547_0,310,368,140,239,food,1
image_3547_0,329,396,392,512,food,1
image_3547_0,216,304,337,504,public_area,1
image_3547_0,296,393,288,380,food,1
image_3547_1,297,371,108,196,room,1
image_3547_1,300,428,436,507,room,1
image_3547_1,284,371,164,250,room,1
image_3547_1,284,512,1,318,room,1
image_3547_2,73,300,268,390,room,1
image_3547_2,362,510,96,321,food,1
image_3547_2,0,187,174,390,room,1
image_3547_2,59,242,74,191,room,1
image_3561_0,443,512,12,162,room,1
image_3561_0,280,511,197,509,room,1
image_3561_1,209,409,465,512,room,1
image_3561_2,376,510,1,510,room,1
image_3562_1,332,447,106,188,public_area,1
image_3562_2,265,303,398,460,room,1
image_3562_2,319,512,15,197,room,1
image_3562_2,297,447,325,512,room,1
image_3562_3,336,442,139,220,public_area,1
image_3562_3,343,511,0,50,public_area,1
image_3562_3,345,512,19,164,public_area,1
image_3562_3,338,511,393,512,public_area,1
image_3562_3,337,444,331,416,public_area,1
image_3562_4,215,303,310,390,public_area,1
image_3562_4,332,511,1,97,public_area,1
image_3562_4,334,511,367,512,public_area,1
image_3562_5,297,371,409,511,public_area,1
image_3562_5,260,298,255,287,public_area,1
image_3562_5,297,325,409,511,public_area,1
image_3562_5,290,357,487,512,public_area,1
image_3562_5,285,350,397,442,public_area,1
image_3562_5,286,327,314,340,public_area,1
image_3562_5,308,363,0,99,public_area,1
image_3562_5,428,512,0,103,public_area,1
image_3562_5,364,510,0,142,public_area,1
image_3562_5,311,470,108,176,public_area,1
image_3563_0,306,380,315,368,public_area,1
image_3564_0,330,380,178,254,room,1
image_3564_0,313,416,252,281,room,1
image_3564_0,351,404,127,169,room,1
image_3564_0,353,505,423,512,room,1
image_3564_0,199,335,104,166,room,1
image_3564_1,285,512,96,494,room,1
image_3564_2,376,444,356,400,room,1
image_3564_2,441,512,324,401,room,1
image_3564_2,233,253,305,324,room,1
image_3564_3,153,511,0,425,room,1
image_3565_1,207,512,80,449,room,1
image_3565_2,2,510,2,481,room,1
image_3565_3,112,247,0,102,room,1
image_3565_3,193,314,421,511,room,1
image_3565_3,200,510,141,384,room,1
image_3565_4,165,511,279,512,room,1
image_3566_0,133,509,1,280,food,1
image_3566_0,2,162,155,342,food,1
image_3566_0,158,445,252,512,food,1
image_3567_0,137,162,237,288,public_area,1
image_3567_0,301,382,444,494,public_area,1
image_3568_0,36,116,0,61,room,1
image_3568_0,1,511,95,419,room,1
image_3568_1,0,112,433,512,room,1
image_3568_2,65,511,92,442,room,1
image_3591_0,452,486,325,353,public_area,1
image_3591_0,466,497,239,261,public_area,1
image_3599_0,127,138,282,305,food,1
image_3599_0,106,117,308,323,food,1
image_3599_0,134,155,344,403,food,1
image_3599_0,111,123,283,306,food,1
image_3599_0,206,511,233,474,food,1
image_3599_1,359,511,53,511,room,1
image_3599_2,245,309,448,492,public_area,1
image_3599_4,239,269,153,169,public_area,1
image_3599_4,388,407,44,74,public_area,1
image_3599_4,289,353,118,205,public_area,1
image_3599_4,375,512,263,368,public_area,1
image_3599_4,262,279,268,292,public_area,1
image_3599_4,372,512,0,105,public_area,1
image_3599_4,305,396,149,271,public_area,1
image_3599_4,334,509,221,411,public_area,1
image_3599_4,323,401,169,222,public_area,1
image_3599_4,302,358,130,167,public_area,1
image_3599_4,339,387,0,56,public_area,1
image_3599_4,443,512,0,75,public_area,1
image_3599_5,325,511,320,511,public_area,1
image_3599_5,167,284,365,512,public_area,1
image_3599_6,417,478,20,63,public_area,1
image_3599_6,378,478,43,107,public_area,1
image_3601_0,331,511,1,287,public_area,1
image_3601_0,197,258,423,492,public_area,1
image_3610_0,165,340,0,130,room,1
image_3610_0,76,511,1,512,room,1
image_3611_0,22,343,358,512,public_area,1
image_3611_0,127,352,0,102,public_area,1
image_3611_0,188,501,72,386,public_area,1
image_3611_1,120,217,194,252,room,1
image_3611_1,142,510,1,457,room,1
image_3611_2,262,512,285,473,room,1
image_3611_4,378,438,298,327,room,1
image_3611_4,211,348,0,40,room,1
image_3611_4,357,512,0,197,room,1
image_3611_6,0,83,385,439,public_area,1
image_3611_6,77,174,362,470,public_area,1
image_3622_0,201,246,446,512,public_area,1
image_3622_0,383,440,96,232,public_area,1
image_3622_1,215,512,101,412,food,1
image_3622_1,131,281,0,139,food,1
image_3622_2,2,512,153,511,public_area,1
image_3622_2,1,164,0,116,public_area,1
image_3622_3,287,415,189,311,food,1
image_3623_0,196,482,66,233,food,1
image_3623_0,203,493,291,461,food,1
image_3623_1,307,339,384,427,public_area,1
image_3623_1,59,147,275,506,public_area,1
image_3623_1,181,310,0,49,public_area,1
image_3623_1,192,265,46,120,public_area,1
image_3623_1,132,202,218,324,public_area,1
image_3623_1,132,207,444,507,public_area,1
image_3623_2,29,95,68,141,public_area,1
image_3623_2,137,274,329,427,public_area,1
image_3623_2,107,197,209,366,public_area,1
image_3623_2,103,181,40,150,public_area,1
image_3624_0,243,330,344,423,public_area,1
image_3624_0,323,512,196,512,food,1
image_3624_0,110,211,38,206,public_area,1
image_3624_0,204,241,47,189,public_area,1
image_3624_1,429,511,1,509,room,1
image_3624_2,340,512,46,510,public_area,1
image_3624_2,176,206,155,240,public_area,1
image_3624_2,350,512,0,99,public_area,1
image_3624_2,372,410,311,336,public_area,1
image_3624_2,325,388,88,138,public_area,1
image_3624_2,152,376,143,361,public_area,1
image_3624_2,362,391,273,309,public_area,1
image_3625_0,92,494,404,512,public_area,1
image_3625_1,323,457,0,48,public_area,1
image_3625_1,330,370,304,417,public_area,1
image_3625_1,223,334,201,370,public_area,1
image_3625_1,342,370,235,257,public_area,1
image_3625_1,426,512,0,125,public_area,1
image_3625_2,394,512,248,491,public_area,1
image_3625_2,219,334,152,316,public_area,1
image_3625_2,342,380,283,317,public_area,1
image_3625_2,344,375,170,190,public_area,1
image_3625_2,350,380,251,275,public_area,1
image_3625_2,382,510,322,511,public_area,1
image_3625_3,134,243,477,512,public_area,1
image_3625_3,183,234,173,223,public_area,1
image_3625_3,249,282,148,247,public_area,1
image_3625_3,233,320,378,465,public_area,1
image_3625_3,237,281,274,337,public_area,1
image_3625_3,222,283,462,512,public_area,1
image_3625_4,26,329,12,502,public_area,1
image_3625_4,267,495,286,449,food,1
image_3625_4,309,512,116,348,food,1
image_3625_5,278,512,48,384,room,1
image_3625_6,247,278,176,220,public_area,1
image_3625_6,240,344,367,460,public_area,1
image_3625_6,375,512,419,512,public_area,1
image_3625_6,313,492,0,68,public_area,1
image_3626_0,225,318,206,356,public_area,1
image_3626_0,298,329,227,274,public_area,1
image_3626_0,300,329,292,362,public_area,1
image_3626_0,295,331,7,30,public_area,1
image_3626_1,251,402,157,507,public_area,1
image_3626_1,393,511,1,510,public_area,1
image_3626_1,223,395,421,512,public_area,1
image_3626_3,237,297,360,406,public_area,1
image_3626_3,154,244,317,351,public_area,1
image_3626_3,274,363,437,512,public_area,1
image_3626_4,270,338,0,39,public_area,1
image_3626_4,291,380,79,158,public_area,1
image_3626_4,0,344,3,437,public_area,1
image_3626_4,280,300,78,113,public_area,1
image_3626_4,284,367,196,350,public_area,1
image_3626_5,320,461,0,120,public_area,1
image_3626_5,264,397,202,314,public_area,1
image_3626_6,0,85,235,343,public_area,1
image_3626_6,118,192,1,322,public_area,1
image_3626_6,158,271,360,511,public_area,1
image_3627_1,404,511,2,511,public_area,1
image_3627_1,82,506,275,512,public_area,1
image_3627_1,321,473,209,257,public_area,1
image_3627_1,410,502,299,366,public_area,1
image_3627_2,307,329,133,154,public_area,1
image_3627_2,299,321,99,119,public_area,1
image_3628_0,216,298,94,158,public_area,1
image_3628_0,381,511,31,239,public_area,1
image_3628_0,400,490,448,512,public_area,1
image_3628_1,400,492,0,47,public_area,1
image_3628_1,153,507,2,512,public_area,1
image_3628_2,25,178,307,512,public_area,1
image_3628_2,120,511,1,511,public_area,1
image_3628_3,259,286,464,492,public_area,1
image_3628_3,360,422,256,332,public_area,1
image_3628_3,233,265,322,358,public_area,1
image_3628_3,277,329,409,484,public_area,1
image_3628_3,265,307,318,367,public_area,1
image_3628_3,340,389,98,140,public_area,1
image_3628_3,362,416,138,184,public_area,1
image_3628_3,376,427,185,231,public_area,1
image_3634_0,383,508,200,312,room,1
image_3662_0,147,240,132,202,public_area,1
image_3662_0,308,429,176,272,public_area,1
image_3662_0,316,455,275,373,public_area,1
image_3662_0,153,405,62,161,public_area,1
image_3672_1,378,511,1,510,room,1
image_3672_1,330,374,487,503,room,1
image_3672_1,193,285,34,151,room,1
image_3684_1,100,239,57,98,room,1
image_3684_1,379,464,147,251,room,1
image_3684_1,454,512,1,412,room,1
image_3684_1,145,211,175,284,room,1
image_3684_1,363,466,57,145,room,1
image_3684_1,362,466,244,307,room,1
image_3685_2,411,444,335,359,public_area,1
image_3685_2,430,481,285,337,public_area,1
image_3686_0,306,512,1,231,public_area,1
image_3686_0,168,433,361,512,public_area,1
image_3686_0,214,508,161,414,public_area,1
image_3687_0,229,421,101,426,room,1
image_3687_0,249,511,0,295,room,1
image_3701_0,243,355,165,264,public_area,1
image_3702_1,277,511,1,333,room,1
image_3703_0,283,511,65,286,food,1
image_3703_0,34,237,0,189,public_area,1
image_3703_0,264,422,295,431,food,1
image_3703_1,408,511,353,511,public_area,1
image_3703_1,195,218,144,171,public_area,1
image_3703_1,370,511,388,512,public_area,1
image_3703_1,239,285,149,203,service,1
image_3703_1,186,244,418,471,public_area,1
image_3703_2,211,462,0,185,public_area,1
image_3703_2,430,512,91,168,public_area,1
image_3703_2,294,511,371,512,public_area,1
image_3703_2,90,157,77,419,public_area,1
image_3703_3,50,187,1,412,public_area,1
image_3703_3,385,512,1,236,public_area,1
image_3704_0,238,370,159,356,room,1
image_3704_0,244,511,0,268,room,1
image_3704_1,405,512,405,511,room,1
image_3704_1,237,511,1,380,room,1
image_3706_0,329,512,400,512,room,1
image_3706_0,148,344,365,512,room,1
image_3706_2,309,486,311,425,room,1
image_3706_2,279,511,1,391,room,1
image_3707_0,256,511,2,511,room,1
image_3708_0,92,319,347,460,room,1
image_3708_0,326,512,284,512,room,1
image_3708_0,225,405,331,512,room,1
image_3708_1,284,512,308,475,room,1
image_3708_2,177,377,205,397,room,1
image_3708_2,275,512,210,424,room,1
image_3783_0,70,101,362,383,public_area,1
image_3783_0,78,95,123,140,public_area,1
image_3783_0,40,62,242,263,public_area,1
image_3783_0,101,134,39,70,public_area,1
image_3783_0,100,133,445,479,public_area,1
image_3783_0,215,395,354,497,public_area,1
image_3783_0,252,372,84,161,public_area,1
image_3784_1,73,163,203,291,public_area,1
image_3784_1,63,278,428,512,public_area,1
image_3784_1,352,511,228,511,public_area,1
image_3784_1,296,494,0,270,public_area,1
image_3784_1,127,342,38,252,public_area,1
image_3784_2,341,511,0,176,public_area,1
image_3784_2,440,498,5,54,public_area,1
image_3784_2,346,511,275,511,public_area,1
image_3784_2,367,410,177,219,public_area,1
image_3784_2,437,494,198,254,public_area,1
image_3784_3,355,406,0,44,public_area,1
image_3784_3,361,379,325,332,public_area,1
image_3784_3,362,473,151,463,public_area,1
image_3784_3,364,405,50,84,public_area,1
image_3784_3,419,512,1,174,public_area,1
image_3784_3,400,419,145,191,public_area,1
image_3784_3,461,512,294,367,public_area,1
image_3784_3,305,375,296,327,service,1
image_3784_3,399,512,2,339,public_area,1
image_3785_1,362,485,291,438,public_area,1
image_3785_1,229,310,243,294,public_area,1
image_3785_4,33,510,7,391,public_area,1
image_3785_5,101,450,448,512,public_area,1
image_3785_5,36,97,271,331,public_area,1
image_3785_5,256,512,1,172,public_area,1
image_3800_0,356,396,490,512,public_area,1
image_3808_0,333,512,2,510,public_area,1
image_3808_0,363,429,285,346,public_area,1
image_3808_0,342,509,403,512,food,1
image_3810_0,413,512,1,359,room,1
image_3816_0,356,511,36,236,room,1
image_3816_0,200,279,258,394,room,1
image_3816_0,369,512,26,151,room,1
image_3816_1,238,510,1,162,room,1
image_3816_1,321,362,260,272,room,1
image_3816_1,242,511,327,512,room,1
image_3817_0,192,481,161,502,room,1
image_3817_0,191,334,27,234,room,1
image_3818_1,270,341,491,512,public_area,1
image_3818_1,382,478,85,167,public_area,1
image_3818_1,308,511,286,511,public_area,1
image_3819_0,383,512,324,398,public_area,1
image_3819_1,240,267,398,434,public_area,1
image_3819_1,226,256,187,217,public_area,1
image_3819_1,183,374,454,512,public_area,1
image_3819_1,317,412,397,488,public_area,1
image_3819_1,251,309,400,488,public_area,1
image_3819_1,298,321,427,435,public_area,1
image_3819_1,169,382,15,61,public_area,1
image_3819_3,376,512,320,451,public_area,1
image_3819_3,119,511,1,292,public_area,1
image_3819_3,436,512,373,512,public_area,1
image_3820_0,352,512,61,510,room,1
image_3820_0,175,434,1,425,room,1
image_3822_0,375,474,144,224,room,1
image_3822_0,303,378,85,156,room,1
image_3822_0,208,267,289,388,room,1
image_3822_0,420,511,11,511,room,1
image_3823_0,188,330,431,512,room,1
image_3824_0,445,512,0,110,public_area,1
image_3824_0,255,331,254,328,public_area,1
image_3824_0,304,403,165,302,public_area,1
image_3824_0,204,422,116,214,public_area,1
image_3824_1,234,512,1,447,room,1
image_3824_2,252,280,460,499,room,1
image_3873_0,275,333,275,365,food,1
image_3873_0,130,257,463,512,public_area,1
image_3873_0,282,387,0,77,food,1
image_3873_0,0,51,180,331,food,1
image_3873_0,0,63,379,443,food,1
image_3873_0,38,100,132,209,food,1
image_3873_0,206,312,79,176,food,1
image_3873_0,0,103,447,512,food,1
image_3873_0,296,512,115,420,food,1
image_3873_1,116,245,256,394,food,1
image_3873_1,108,231,74,196,food,1
image_3873_3,178,262,238,346,public_area,1
image_3873_3,49,151,160,268,public_area,1
image_3873_3,144,200,23,340,public_area,1
image_3873_3,194,300,0,69,public_area,1
image_3873_3,54,138,315,365,public_area,1
image_3873_3,3,308,393,504,public_area,1
image_3873_3,157,294,76,193,public_area,1
image_3873_3,392,512,7,243,food,1
image_3873_3,97,150,117,175,public_area,1
image_3873_3,246,327,282,348,food,1
image_3873_3,307,416,365,512,food,1
image_3873_3,416,488,308,397,food,1
image_3873_3,297,385,78,183,food,1
image_3881_0,379,461,498,512,public_area,1
image_3881_0,430,480,227,264,public_area,1
image_3881_0,384,438,336,364,public_area,1
image_3881_0,390,459,439,476,public_area,1
image_3881_0,385,450,386,418,public_area,1
image_3894_0,269,314,255,271,room,1
image_3894_0,357,450,0,35,room,1
image_3894_0,281,333,194,231,room,1
image_3894_0,308,511,109,471,room,1
image_3894_0,213,255,85,147,room,1
image_3894_1,163,226,237,318,room,1
image_3894_1,276,298,234,251,room,1
image_3894_1,324,368,345,440,room,1
image_3894_1,395,512,17,182,room,1
image_3894_2,312,512,3,402,room,1
image_3894_2,277,311,278,300,room,1
image_3894_2,413,449,455,473,room,1
image_3894_2,445,512,255,354,room,1
image_3894_3,256,292,188,258,public_area,1
image_3894_3,61,297,19,236,public_area,1
image_3895_0,441,511,239,404,public_area,1
image_3895_0,420,461,0,28,public_area,1
image_3908_0,1,510,6,506,public_area,1
image_3921_0,218,393,314,493,public_area,1
image_3923_0,280,416,0,159,room,1
image_3923_0,256,510,114,439,room,1
image_3924_0,394,451,274,307,public_area,1
image_3924_1,287,305,161,167,room,1
image_3924_1,167,191,388,420,room,1
image_3924_1,136,231,439,478,room,1
image_3924_1,265,510,0,368,room,1
image_3924_2,221,511,108,507,room,1
image_3924_2,253,464,0,138,room,1
image_3925_0,245,282,0,29,public_area,1
image_3925_0,242,276,207,440,public_area,1
image_3925_0,106,156,22,72,public_area,1
image_3925_0,286,320,101,157,public_area,1
image_3925_0,295,326,205,246,public_area,1
image_3925_0,289,327,283,337,public_area,1
image_3925_0,126,181,418,499,public_area,1
image_3925_0,296,329,0,28,public_area,1
image_3925_1,53,199,324,463,public_area,1
image_3925_1,365,481,194,312,food,1
image_3925_1,140,428,301,512,public_area,1
image_3925_1,326,434,81,195,food,1
image_3926_0,408,512,110,182,room,1
image_3926_1,272,304,384,430,room,1
image_3926_1,274,301,242,258,room,1
image_3926_1,279,510,0,201,room,1
image_3926_1,360,511,238,512,room,1
image_3926_1,285,412,412,512,room,1
image_3926_1,182,310,246,385,room,1
image_3928_0,190,289,59,220,room,1
image_3928_0,180,295,359,452,room,1
image_3928_0,153,190,322,360,room,1
image_3928_1,351,385,258,295,public_area,1
image_3929_0,0,63,227,409,public_area,1
image_3929_1,242,274,373,389,room,1
image_3929_1,33,136,0,125,room,1
image_3929_1,357,485,6,177,room,1
image_3929_1,437,512,1,327,room,1
image_3929_1,295,482,153,470,room,1
image_3961_0,114,510,31,501,room,1
image_3961_1,193,257,149,193,room,1
image_3961_1,227,495,35,414,room,1
image_3961_1,221,459,257,411,room,1
image_3961_1,154,249,75,148,room,1
image_3961_1,264,511,28,326,room,1
image_3961_2,144,191,428,512,room,1
image_3961_2,287,406,0,36,room,1
image_3961_2,261,276,279,287,room,1
image_3961_2,249,283,209,234,room,1
image_3961_2,401,512,0,187,room,1
image_3961_2,275,408,179,331,room,1
image_3961_2,284,409,174,345,room,1
image_3961_2,341,511,324,512,room,1
image_3961_2,182,364,415,512,room,1
image_3961_2,150,211,0,97,room,1
image_3962_0,226,511,21,511,room,1
image_3962_1,150,163,198,223,room,1
image_3962_1,288,512,80,303,room,1
image_3962_1,183,195,281,291,room,1
image_3962_1,187,201,263,275,room,1
image_3962_1,278,294,274,287,room,1
image_3963_0,298,325,251,271,room,1
image_3963_0,323,454,216,323,room,1
image_3963_0,370,501,71,169,room,1
image_3963_0,296,400,376,463,room,1
image_3963_0,250,275,294,344,room,1
image_3963_0,346,463,230,318,room,1
image_3963_0,330,443,172,234,room,1
image_3963_0,273,419,292,364,room,1
image_3963_0,332,510,0,95,room,1
image_3963_1,314,360,290,329,room,1
image_3963_1,292,313,381,403,room,1
image_3963_1,290,349,227,305,room,1
image_3963_1,300,368,358,424,room,1
image_3963_1,315,381,373,412,room,1
image_3963_1,303,366,333,372,room,1
image_3963_1,276,387,423,474,room,1
image_3963_1,280,487,37,287,room,1
image_3964_0,159,173,271,292,room,1
image_3964_0,242,287,267,277,room,1
image_3964_0,256,277,287,297,room,1
image_3964_0,71,122,155,174,room,1
image_3964_0,254,342,47,156,room,1
image_3964_1,238,310,0,30,room,1
image_3964_1,361,407,253,287,room,1
image_3964_1,151,166,203,231,room,1
image_3964_1,373,418,154,193,room,1
image_3964_1,172,511,40,511,room,1
image_4015_0,213,246,346,397,public_area,1
image_4016_0,218,241,266,290,room,1
image_4016_0,335,421,445,512,room,1
image_4016_0,236,266,335,409,room,1
image_4016_0,341,511,1,154,room,1
image_4016_0,195,258,244,267,room,1
image_4016_0,0,97,25,242,room,1
image_4025_0,379,512,1,167,public_area,1
image_4025_0,417,512,319,385,public_area,1
image_4025_0,337,374,9,74,public_area,1
image_4025_0,280,381,47,166,public_area,1
image_4025_1,227,333,167,306,public_area,1
image_4029_0,441,512,0,70,room,1
image_4029_0,22,411,7,502,room,1
image_4029_3,2,512,1,509,room,1
image_4029_3,320,368,464,512,room,1
image_4035_0,365,512,178,376,public_area,1
image_4035_0,267,390,241,313,public_area,1
image_4035_0,247,422,180,512,public_area,1
image_4035_0,178,404,34,193,public_area,1
image_4035_0,254,460,0,109,public_area,1
image_4048_0,306,448,370,500,room,1
image_4048_0,228,510,1,258,room,1
image_4048_0,198,312,224,408,room,1
image_4048_1,331,495,0,45,room,1
image_4048_1,122,232,0,45,room,1
image_4048_2,296,352,318,348,room,1
image_4048_2,480,512,2,309,room,1
image_4048_2,375,488,0,41,room,1
image_4048_2,292,480,180,283,room,1
image_4048_2,293,480,385,512,room,1
image_4048_2,95,198,323,474,room,1
image_4054_0,1,417,352,512,public_area,1
image_4054_0,385,512,397,512,public_area,1
image_4054_0,421,512,0,114,public_area,1
image_4054_0,438,512,338,420,public_area,1
image_4054_1,148,257,462,512,public_area,1
image_4054_1,295,511,0,506,public_area,1
image_4054_2,353,512,1,258,public_area,1
image_4054_2,352,512,0,429,public_area,1
image_4054_2,365,512,330,473,public_area,1
image_4055_0,3,359,0,132,public_area,1
image_4055_0,202,281,58,180,public_area,1
image_4055_0,14,408,222,512,public_area,1
image_4055_0,298,347,113,211,public_area,1
image_4055_0,400,512,238,419,food,1
image_4065_0,282,511,1,511,room,1
image_4065_0,225,319,50,301,room,1
image_4065_1,250,279,132,171,room,1
image_4065_1,250,300,82,110,room,1
image_4065_1,215,361,165,244,room,1
image_4065_1,267,511,317,512,room,1
image_4065_2,236,295,192,246,room,1
image_4065_2,245,511,1,359,room,1
image_4065_3,357,456,319,371,public_area,1
image_4065_3,249,291,237,259,public_area,1
image_4065_3,275,316,279,304,public_area,1
image_4065_3,338,382,231,260,public_area,1
image_4065_3,271,297,303,326,public_area,1
image_4065_3,468,512,288,339,public_area,1
image_4065_3,330,385,287,319,public_area,1
image_4065_4,207,387,199,344,public_area,1
image_4066_0,27,504,435,511,public_area,1
image_4066_0,336,396,202,228,public_area,1
image_4066_0,370,494,23,113,public_area,1
image_4066_0,452,512,252,511,public_area,1
image_4085_0,273,482,132,256,room,1
image_4089_0,331,415,396,484,public_area,1
image_4089_0,309,414,42,153,public_area,1
image_4089_1,244,266,424,452,public_area,1
image_4089_2,439,512,223,402,public_area,1
image_4089_3,325,351,436,511,public_area,1
image_4089_3,311,355,492,512,public_area,1
image_4089_3,339,409,41,72,public_area,1
image_4089_3,360,428,62,165,public_area,1
image_4092_0,133,218,246,307,public_area,1
image_4092_0,174,255,0,43,public_area,1
image_4092_0,129,269,146,295,public_area,1
image_4092_0,352,512,59,511,public_area,1
image_4092_0,133,280,35,148,public_area,1
image_4093_0,278,341,434,466,public_area,1
image_4093_0,0,410,137,445,public_area,1
image_4093_0,358,511,62,201,food,1
image_4093_0,352,511,322,456,food,1
image_4095_2,383,408,191,204,room,1
image_4095_2,333,512,15,504,room,1
image_4118_2,209,320,147,234,public_area,1
image_4118_2,167,423,10,210,public_area,1
image_4118_3,336,512,1,256,room,1
image_4118_4,243,300,202,319,room,1
image_4118_5,170,500,1,367,room,1
image_4119_0,127,300,372,512,public_area,1
image_4119_0,228,262,280,397,public_area,1
image_4119_0,301,510,402,512,public_area,1
image_4120_0,95,512,0,263,public_area,1
image_4120_1,56,510,101,310,public_area,1
image_4120_1,173,509,295,512,public_area,1
image_4120_1,271,419,0,60,public_area,1
image_4170_0,381,511,140,223,public_area,1
image_4170_0,246,290,154,221,public_area,1
image_4170_0,254,293,238,291,public_area,1
image_4170_0,251,294,300,364,public_area,1
image_4171_0,0,158,3,279,food,1
image_4171_0,0,274,279,511,food,1
image_4171_0,168,365,1,197,food,1
image_4172_0,52,198,140,512,public_area,1
image_4172_1,347,511,321,473,public_area,1
image_4172_1,420,512,43,198,public_area,1
image_4172_1,391,460,307,345,public_area,1
image_4172_2,324,394,319,359,public_area,1
image_4172_2,276,373,147,236,public_area,1
image_4172_2,356,503,68,205,public_area,1
image_4172_2,385,511,381,511,public_area,1
image_4174_0,392,455,272,305,public_area,1
image_4174_0,429,511,337,462,public_area,1
image_4203_0,406,438,212,257,room,1
image_4203_0,362,512,357,511,room,1
image_4203_0,395,512,157,351,room,1
image_4203_0,359,512,5,183,room,1
image_4242_0,281,511,1,511,room,1
image_4242_1,363,512,176,283,room,1
image_4242_2,352,511,1,360,room,1
image_4242_3,314,403,35,177,room,1
image_4252_0,277,489,79,465,public_area,1
image_4292_0,0,79,73,370,room,1
image_4292_0,61,278,191,420,room,1
image_4292_0,62,285,191,417,room,1
image_4292_0,163,346,0,184,room,1
image_4292_0,285,511,84,340,room,1
image_4292_1,1,508,3,510,room,1
image_4334_0,478,512,199,227,public_area,1
image_4334_1,293,340,255,323,public_area,1
image_4334_1,425,512,185,287,public_area,1
image_4334_1,435,512,83,233,public_area,1
image_4334_1,367,456,105,173,public_area,1
image_4334_1,424,512,401,507,public_area,1
image_4334_1,291,343,206,250,public_area,1
image_4334_1,417,512,21,143,public_area,1
image_4334_2,420,464,392,404,public_area,1
image_4334_2,272,315,442,502,public_area,1
image_4334_2,278,511,298,388,public_area,1
image_4334_3,374,512,0,416,room,1
image_4360_0,216,512,34,494,room,1
image_4360_1,429,471,304,337,public_area,1
image_4361_0,304,377,256,370,public_area,1
image_4361_0,366,500,353,511,public_area,1
image_4361_2,348,445,289,361,public_area,1
image_4361_2,404,493,40,200,public_area,1
image_4362_0,394,438,255,281,public_area,1
image_4363_0,385,410,65,173,public_area,1
image_4364_0,248,502,2,511,room,1
image_4368_2,56,253,153,285,food,1
image_4368_2,106,260,291,412,food,1
image_4370_0,135,268,337,449,room,1
image_4370_0,258,419,317,439,room,1
image_4370_0,250,415,432,512,room,1
image_4370_0,243,402,213,323,room,1
image_4370_1,292,509,4,511,room,1
image_4389_0,44,510,2,510,room,1
image_4396_0,280,444,324,405,public_area,1
image_4396_0,287,458,210,330,public_area,1
image_4396_0,288,444,96,185,public_area,1
image_4396_0,345,390,39,113,public_area,1
image_4396_0,371,511,0,155,public_area,1
image_4396_0,325,392,0,30,public_area,1
image_4397_0,423,512,284,382,public_area,1
image_4397_0,449,498,229,274,public_area,1
image_4397_1,122,200,248,338,public_area,1
image_4397_1,289,321,468,496,public_area,1
image_4397_1,324,350,494,512,public_area,1
image_4397_1,481,512,348,368,public_area,1
image_4397_1,413,511,311,454,public_area,1
image_4397_1,458,511,233,338,public_area,1
image_4405_0,353,512,416,512,room,1
image_4411_0,115,248,92,180,room,1
image_4411_0,272,318,229,273,room,1
image_4411_0,286,512,43,505,room,1
image_4412_0,249,511,0,157,public_area,1
image_4412_0,240,309,282,341,public_area,1
image_4412_0,332,423,223,286,public_area,1
image_4412_0,368,487,113,244,public_area,1
image_4412_0,356,511,382,511,public_area,1
image_4412_0,284,383,262,335,public_area,1
image_4412_1,134,510,308,512,room,1
image_4412_1,392,512,0,128,room,1
image_4412_1,295,376,224,282,room,1
image_4412_1,315,434,103,185,room,1
image_4412_2,299,330,288,321,room,1
image_4412_2,133,506,0,222,room,1
image_4412_2,253,285,180,204,room,1
image_4412_2,37,191,130,491,room,1
image_4412_2,244,287,195,261,room,1
image_4412_2,302,358,230,287,room,1
image_4412_2,233,511,371,512,room,1
image_4413_0,229,313,390,468,public_area,1
image_4413_0,252,289,111,191,public_area,1
image_4413_0,408,494,318,377,public_area,1
image_4413_0,408,496,248,295,public_area,1
image_4427_0,172,336,0,294,public_area,1
image_4427_0,252,511,161,361,food,1
image_4428_0,0,223,1,304,room,1
image_4428_0,271,304,168,179,room,1
image_4428_0,216,451,218,511,room,1
image_4428_0,230,511,1,325,room,1
image_4428_1,299,324,412,442,room,1
image_4428_1,263,272,3,70,room,1
image_4428_1,294,320,356,393,room,1
image_4428_2,227,511,6,511,room,1
image_4429_0,391,511,0,49,public_area,1
image_4430_0,276,327,408,512,public_area,1
image_4430_0,299,417,0,38,public_area,1
image_4430_0,404,449,313,349,public_area,1
image_4430_0,353,426,154,257,public_area,1
image_4431_0,421,512,212,381,public_area,1
image_4473_0,180,490,0,351,room,1
image_4489_0,285,306,374,418,room,1
image_4489_0,274,498,1,511,room,1
image_4489_2,261,415,270,428,room,1
image_4489_2,396,512,278,512,room,1
image_4489_3,305,434,0,148,room,1
image_4500_0,306,405,60,115,public_area,1
image_4500_0,160,351,314,512,public_area,1
image_4506_0,216,511,1,408,room,1
image_4507_0,221,511,0,511,room,1
image_4508_1,189,285,480,512,room,1
image_4508_1,246,432,230,453,room,1
image_4512_0,213,511,0,432,room,1
image_4512_1,216,511,1,423,room,1
image_4515_0,277,509,179,512,room,1
image_4515_1,1,106,1,510,room,1
image_4515_3,190,388,84,415,room,1
image_4519_0,358,420,123,173,public_area,1
image_4519_0,251,356,139,220,public_area,1
image_4519_0,174,511,300,512,public_area,1
image_4519_0,250,401,111,197,public_area,1
image_4519_1,339,411,133,168,public_area,1
image_4519_2,368,484,181,247,public_area,1
image_4519_2,332,476,379,512,public_area,1
image_4519_2,354,409,56,131,public_area,1
image_4519_2,281,511,232,441,public_area,1
image_4519_2,93,198,309,512,public_area,1
image_4520_0,328,349,18,38,public_area,1
image_4520_0,145,187,100,219,public_area,1
image_4520_0,343,486,0,56,public_area,1
image_4520_0,373,433,39,92,public_area,1
image_4520_0,231,273,82,130,public_area,1
image_4520_1,146,192,374,467,public_area,1
image_4520_1,42,73,219,242,public_area,1
image_4520_2,213,511,0,165,public_area,1
image_4520_2,59,423,326,511,public_area,1
image_4520_2,424,512,123,511,public_area,1
image_4520_3,85,407,258,423,public_area,1
image_4520_3,218,254,126,248,public_area,1
image_4520_3,251,511,63,278,public_area,1
image_4520_4,287,510,0,511,room,1
image_4520_4,102,151,140,186,room,1
image_4521_0,243,442,1,219,public_area,1
image_4521_0,98,152,237,289,public_area,1
image_4521_0,86,397,313,512,public_area,1
image_4521_1,245,470,26,339,public_area,1
image_4521_1,139,209,132,204,public_area,1
image_4537_0,258,346,32,181,room,1
image_4540_0,223,305,293,355,room,1
image_4540_0,298,376,313,361,room,1
image_4540_0,263,511,142,511,room,1
image_4541_0,134,151,487,504,public_area,1
image_4541_0,233,320,281,346,public_area,1
image_4541_0,133,149,457,474,public_area,1
image_4541_0,131,268,133,217,public_area,1
image_4541_0,235,336,199,390,public_area,1
image_4541_0,213,509,1,205,public_area,1
image_4541_1,350,512,99,320,public_area,1
image_4541_1,339,401,434,474,public_area,1
image_4541_1,285,379,169,234,public_area,1
image_4541_1,162,326,0,96,public_area,1
image_4541_1,316,472,0,68,public_area,1
image_4541_1,253,308,466,512,public_area,1
image_4541_1,249,300,352,415,public_area,1
image_4541_1,289,411,59,270,public_area,1
image_4542_0,198,268,261,320,room,1
image_4542_0,162,511,66,511,room,1
image_4542_1,301,512,128,281,room,1
image_4542_1,288,337,363,512,room,1
image_4542_2,221,331,42,108,room,1
image_4542_2,279,378,209,345,room,1
image_4542_2,218,298,101,221,room,1
image_4571_1,260,511,1,511,room,1
image_4572_0,270,467,0,136,public_area,1
image_4586_0,444,496,455,512,room,1
image_4586_0,401,512,67,285,room,1
image_4586_1,395,413,348,436,room,1
image_4586_1,466,512,162,186,room,1
image_4586_1,476,512,444,497,room,1
image_4586_2,320,343,346,384,public_area,1
image_4586_2,357,406,356,417,public_area,1
image_4586_3,422,512,292,477,public_area,1
image_4586_3,382,455,403,435,food,1
image_4586_3,410,463,350,390,food,1
image_4607_0,321,338,171,190,public_area,1
image_4607_0,298,365,317,368,public_area,1
image_4607_0,320,339,195,209,public_area,1
image_4607_0,308,350,105,119,public_area,1
image_4607_0,268,367,271,335,public_area,1
image_4607_0,243,407,0,217,public_area,1
image_4608_1,208,445,470,512,room,1
image_4608_1,363,435,223,248,room,1
image_4647_0,295,512,266,511,public_area,1
image_4648_0,256,310,0,21,public_area,1
image_4648_0,324,497,138,371,public_area,1
image_4678_0,197,271,164,236,room,1
image_4678_0,282,318,161,199,room,1
image_4678_0,259,438,309,428,room,1
image_4690_0,136,234,22,118,room,1
image_4690_0,294,508,1,512,room,1
image_4690_0,73,173,409,512,room,1
image_4695_0,368,512,172,352,public_area,1
image_4695_0,280,329,288,458,public_area,1
image_4695_0,283,512,379,512,public_area,1
image_4695_0,403,512,469,512,public_area,1
image_4696_0,212,243,313,336,public_area,1
image_4696_0,158,206,299,458,public_area,1
image_4696_0,161,245,138,296,public_area,1
image_4715_0,328,438,17,114,room,1
image_4715_0,198,383,195,422,room,1
image_4715_1,105,179,204,297,room,1
image_4715_1,244,510,1,511,room,1
image_4715_1,142,181,231,269,room,1
image_4715_2,299,347,105,159,room,1
image_4715_2,356,432,141,193,room,1
image_4715_2,256,302,100,160,room,1
image_4715_3,252,307,157,218,room,1
image_4715_3,287,509,53,349,room,1
image_4715_3,365,512,211,386,room,1
image_4715_3,43,237,175,282,room,1
image_4715_3,177,230,47,129,room,1
image_4715_3,122,236,244,511,room,1
image_4715_3,264,451,230,345,room,1
image_4715_4,0,111,359,511,room,1
image_4715_4,301,367,251,335,room,1
image_4715_4,359,512,342,450,room,1
image_4715_5,1,362,217,484,room,1
image_4715_5,242,430,337,511,room,1
image_4738_0,201,376,335,471,public_area,1
image_4738_1,284,511,36,511,room,1
image_4738_2,286,511,1,260,room,1
image_4744_0,181,258,101,133,public_area,1
image_4744_0,283,307,34,64,public_area,1
image_4744_0,301,327,63,87,public_area,1
image_4744_0,307,332,12,38,public_area,1
image_4745_0,355,511,1,511,public_area,1
image_4752_0,190,511,1,116,room,1
image_4752_0,179,511,167,511,room,1
image_4753_0,234,511,41,510,public_area,1
image_4753_0,0,153,76,206,public_area,1
image_4753_0,24,87,0,15,public_area,1
image_4753_0,60,309,0,111,public_area,1
image_4753_0,0,129,235,501,public_area,1
image_4753_1,378,414,132,162,public_area,1
image_4753_1,392,433,0,27,public_area,1
image_4753_1,286,413,326,512,public_area,1
image_4753_1,310,393,144,195,public_area,1
image_4753_1,434,512,1,302,public_area,1
image_4753_1,291,431,22,144,public_area,1
image_4753_2,298,441,436,512,public_area,1
image_4753_2,437,512,317,511,public_area,1
image_4753_2,330,433,115,303,public_area,1
image_4753_2,313,450,270,316,public_area,1
image_4753_5,205,512,0,434,public_area,1
image_4753_5,17,134,89,262,public_area,1
image_4753_5,167,304,0,117,public_area,1
image_4753_5,38,79,468,507,public_area,1
image_4753_5,148,228,262,432,public_area,1
image_4753_5,212,308,82,187,public_area,1
image_4754_0,141,511,34,512,room,1
image_4769_0,0,187,0,188,room,1
image_4775_0,301,383,73,136,room,1
image_4775_0,92,215,12,53,room,1
image_4775_0,253,511,158,511,room,1
image_4776_0,332,419,28,97,room,1
image_4776_0,282,511,123,511,room,1
image_4793_0,119,210,0,75,room,1
image_4793_0,173,421,1,241,room,1
image_4794_0,448,490,68,121,room,1
image_4794_0,261,511,322,512,room,1
image_4794_1,360,462,406,492,room,1
image_4794_1,124,404,309,512,room,1
image_4794_1,388,512,190,509,room,1
image_4794_2,377,512,424,512,room,1
image_4794_2,158,411,274,438,room,1
image_4794_2,332,497,339,421,room,1
image_4794_2,350,512,0,161,room,1
image_4794_2,351,512,178,374,room,1
image_4800_0,387,511,1,133,room,1
image_4800_0,213,296,0,38,room,1
image_4800_1,116,319,4,153,room,1
image_4800_2,212,332,0,39,room,1
image_4800_2,57,137,0,44,room,1
image_4809_0,435,503,490,512,public_area,1
image_4809_0,229,382,322,512,public_area,1
image_4809_0,412,512,390,467,public_area,1
image_4809_0,339,432,0,123,public_area,1
image_4809_1,390,449,202,223,public_area,1
image_4809_1,391,449,258,278,public_area,1
image_4809_1,409,448,292,315,public_area,1
image_4809_1,433,450,394,416,public_area,1
image_4811_1,272,308,266,298,public_area,1
image_4812_1,257,306,124,222,room,1
image_4812_1,204,510,2,511,room,1
image_4815_0,394,512,296,463,room,1
image_4817_0,311,512,29,511,public_area,1
image_4818_0,119,144,271,302,room,1
image_4818_0,192,485,1,361,room,1
image_4818_2,289,335,250,293,public_area,1
image_4818_2,395,511,229,433,public_area,1
image_4818_3,442,510,136,329,public_area,1
image_4818_3,397,432,142,345,public_area,1
image_4818_3,373,409,228,260,public_area,1
image_4866_0,311,511,0,297,room,1
image_4889_2,241,342,41,163,room,1
image_4889_2,325,398,116,232,room,1
image_4889_2,242,511,0,410,room,1
image_4889_2,213,324,144,260,room,1
image_4889_2,254,325,214,302,room,1
image_4889_2,10,40,39,59,room,1
image_4889_3,451,512,114,324,public_area,1
image_4889_3,320,357,264,311,public_area,1
image_4893_0,270,511,1,510,room,1
image_4901_0,227,297,169,267,room,1
image_4901_0,200,237,212,258,room,1
image_4901_0,276,510,1,511,room,1
image_4901_0,211,296,79,166,room,1
image_4901_0,221,297,260,345,room,1
image_4905_0,194,333,47,409,room,1
image_4905_0,300,511,98,512,room,1
image_4910_0,350,391,284,347,public_area,1
image_4910_0,352,430,487,512,public_area,1
image_4910_0,345,399,18,127,public_area,1
image_4910_0,356,396,52,116,public_area,1
image_4915_0,23,510,2,511,public_area,1
image_4917_0,376,391,316,366,public_area,1
image_4917_0,360,379,322,360,public_area,1
image_4917_0,226,512,96,303,public_area,1
image_4917_0,407,477,306,343,public_area,1
image_4917_0,370,460,251,313,public_area,1
image_4917_2,389,512,433,512,public_area,1
image_4917_2,221,273,347,403,public_area,1
image_4917_2,215,254,288,324,public_area,1
image_4917_2,247,330,418,499,public_area,1
image_4924_0,262,395,143,399,public_area,1
image_4931_0,189,259,207,253,public_area,1
image_4931_0,285,392,427,510,public_area,1
image_4932_0,111,399,293,511,public_area,1
image_4932_0,96,311,161,306,public_area,1
image_4932_0,176,433,0,162,public_area,1
image_4932_3,62,510,0,77,public_area,1
image_4932_3,194,442,398,512,public_area,1
image_4932_3,206,462,77,332,public_area,1
image_4941_0,0,230,174,492,public_area,1
image_4956_1,394,420,431,449,public_area,1
image_4956_1,391,496,455,512,public_area,1
image_4956_1,395,481,447,494,public_area,1
image_4961_0,217,334,117,156,room,1
image_4961_0,295,333,152,178,room,1
image_4961_0,321,456,213,260,room,1
image_4961_0,261,332,209,268,room,1
image_4987_0,361,449,378,429,public_area,1
image_4987_0,372,403,473,505,public_area,1
image_4987_0,437,471,262,306,public_area,1
image_4987_1,408,512,224,424,room,1
image_4987_1,173,233,231,307,room,1
image_4987_1,139,343,107,451,room,1
image_5003_0,248,307,233,268,service,1
image_5003_0,142,164,197,220,public_area,1
image_5003_0,91,510,196,506,public_area,1
image_5003_0,141,164,154,178,public_area,1
image_5003_0,141,166,66,91,public_area,1
image_5003_0,142,164,239,261,public_area,1
image_5003_0,141,164,111,135,public_area,1
image_5013_0,18,300,53,326,public_area,1
image_5013_0,27,164,338,394,public_area,1
image_5013_0,197,393,0,166,public_area,1
image_5013_1,326,395,204,306,public_area,1
image_5013_1,299,333,231,254,public_area,1
image_5013_1,293,429,264,379,public_area,1
image_5013_1,286,358,369,466,public_area,1
image_5013_1,295,442,120,252,public_area,1
image_5013_1,337,509,449,512,public_area,1
image_5013_1,262,385,0,85,public_area,1
image_5013_2,358,507,430,512,room,1
image_5013_2,287,506,0,468,room,1
image_5013_3,334,401,0,48,room,1
image_5013_3,233,306,367,424,room,1
image_5013_3,334,507,0,66,room,1
image_5013_3,335,510,53,107,room,1
image_5013_3,267,511,248,511,room,1
image_5013_4,280,510,0,278,room,1
image_5013_4,274,346,431,512,room,1
image_5013_4,334,436,101,184,room,1
image_5036_0,345,460,477,512,room,1
image_5036_0,334,512,0,144,room,1
image_5036_1,384,506,0,113,room,1
image_5063_0,1,510,2,510,public_area,1
image_5063_0,210,511,4,511,public_area,1
image_5064_0,285,307,192,202,room,1
image_5064_0,309,466,1,511,room,1
image_5064_0,152,213,274,370,room,1
image_5066_1,312,511,161,482,food,1
image_5076_0,224,342,301,366,room,1
image_5076_0,203,275,204,279,room,1
image_5076_0,185,427,0,147,room,1
image_5076_0,301,511,216,464,room,1
image_5076_0,282,510,413,511,room,1
image_5076_0,307,512,147,284,room,1
image_5076_0,351,512,291,466,room,1
image_5076_1,312,389,89,151,room,1
image_5076_1,100,279,256,465,room,1
image_5076_1,262,511,1,148,room,1
image_5076_2,163,262,438,511,room,1
image_5076_2,263,388,420,498,room,1
image_5076_2,255,388,420,512,room,1
image_5076_2,147,288,279,420,room,1
image_5076_2,278,322,192,229,room,1
image_5076_2,254,452,0,213,room,1
image_5076_3,178,339,0,73,room,1
image_5076_3,213,277,170,211,public_area,1
image_5076_3,292,512,292,511,room,1
image_5076_3,355,420,121,182,room,1
image_5076_4,373,398,129,151,public_area,1
image_5076_4,370,422,156,184,public_area,1
image_5076_4,301,348,70,93,public_area,1
image_5076_4,181,202,429,487,public_area,1
image_5076_4,309,498,204,317,public_area,1
image_5076_4,238,284,206,372,public_area,1
image_5077_0,497,512,39,84,public_area,1
image_5077_1,432,475,395,449,public_area,1
image_5077_1,130,150,450,469,public_area,1
image_5077_1,449,512,53,471,public_area,1
image_5077_1,123,145,337,358,public_area,1
image_5077_1,127,149,420,433,public_area,1
image_5077_1,272,455,215,511,public_area,1
image_5077_1,393,512,115,278,public_area,1
image_5077_1,270,511,1,253,public_area,1
image_5094_2,234,282,114,153,room,1
image_5094_3,311,511,332,510,public_area,1
image_5095_0,218,512,87,511,room,1
image_5097_2,310,492,258,393,food,1
image_5097_2,297,470,93,228,food,1
image_5122_0,267,382,180,416,room,1
image_5122_0,278,505,1,296,room,1
image_5135_0,402,511,0,82,public_area,1
image_5135_0,374,408,353,381,public_area,1
image_5135_0,332,359,323,342,public_area,1
image_5135_0,409,434,169,194,public_area,1
image_5135_0,371,401,437,468,public_area,1
image_5135_0,397,434,131,168,public_area,1
image_5135_0,346,379,412,437,public_area,1
image_5138_0,437,511,306,331,public_area,1
image_5138_0,216,496,131,464,public_area,1
image_5142_2,218,332,219,270,room,1
image_5142_2,283,508,0,138,room,1
image_5142_2,297,350,391,512,room,1
image_5142_2,297,511,360,511,room,1
image_5142_3,218,395,150,452,room,1
image_5142_5,248,511,82,438,room,1
image_5142_6,452,509,451,499,public_area,1
image_5143_0,9,510,0,452,room,1
image_5150_0,226,261,424,471,room,1
image_5150_0,104,237,192,391,room,1
image_5150_0,244,267,380,397,room,1
image_5150_0,237,259,309,327,room,1
image_5150_0,232,265,343,368,room,1
image_5150_0,374,511,292,511,room,1
image_5150_0,217,436,0,155,room,1
image_5150_1,220,509,1,511,room,1
image_5150_1,220,282,359,458,room,1
image_5150_1,215,307,269,362,room,1
image_5151_0,133,170,179,230,public_area,1
image_5151_0,153,240,387,462,public_area,1
image_5151_0,142,191,32,67,public_area,1
image_5151_0,150,305,459,512,public_area,1
image_5151_0,190,286,0,273,public_area,1
image_5151_0,277,511,0,507,public_area,1
image_5151_0,256,295,205,283,food,1
image_5152_0,51,216,230,366,food,1
image_5154_0,28,511,88,361,service,1
image_5159_0,458,512,1,349,room,1
image_5159_0,359,430,465,512,room,1
image_5159_0,246,284,223,286,room,1
image_5159_0,292,361,199,234,room,1
image_5159_0,292,365,273,306,room,1
image_5159_1,308,326,211,233,room,1
image_5159_1,294,511,1,221,room,1
image_5159_2,322,512,0,95,room,1
image_5159_2,319,343,34,57,room,1
image_5159_2,287,512,252,497,room,1
image_5159_2,280,408,130,307,room,1
image_5161_2,213,511,0,290,food,1
image_5161_2,102,257,139,400,food,1
image_5161_2,201,447,268,512,food,1
image_5161_3,312,330,38,74,public_area,1
image_5161_3,240,511,29,445,public_area,1
image_5161_3,450,512,172,194,public_area,1
image_5161_3,323,337,7,38,public_area,1
image_5161_3,312,378,172,199,public_area,1
image_5161_3,256,369,122,187,public_area,1
image_5161_3,190,285,216,286,public_area,1
image_5161_3,335,347,493,512,public_area,1
image_5161_3,366,382,40,72,public_area,1
image_5161_3,441,472,326,363,public_area,1
image_5161_3,357,372,75,103,public_area,1
image_5161_3,114,216,376,512,public_area,1
image_5161_4,189,511,0,472,room,1
image_5163_3,297,322,45,87,public_area,1
image_5163_3,293,323,104,128,public_area,1
image_5164_0,179,210,58,135,public_area,1
image_5164_0,170,208,184,213,public_area,1
image_5164_0,187,209,157,178,public_area,1
image_5164_0,203,232,11,27,public_area,1
image_5165_0,77,148,210,352,food,1
image_5165_0,314,475,253,383,food,1
image_5165_0,130,222,45,122,public_area,1
image_5165_3,407,509,330,441,public_area,1
image_5165_4,209,266,446,506,public_area,1
image_5165_4,291,334,151,215,food,1
image_5165_4,96,199,298,365,food,1
image_5165_4,99,200,210,281,food,1
image_5165_4,217,453,0,95,public_area,1
image_5165_4,145,169,444,505,public_area,1
image_5165_4,189,217,462,502,public_area,1
image_5165_4,75,152,0,70,public_area,1
image_5165_4,102,250,92,178,food,1
image_5165_4,449,512,294,399,food,1
image_5165_5,342,512,1,180,public_area,1
image_5166_1,391,408,18,65,public_area,1
image_5166_1,423,441,344,371,public_area,1
image_5167_0,435,479,377,413,public_area,1
image_5167_0,331,340,224,243,public_area,1
image_5167_1,406,415,256,275,public_area,1
image_5167_1,448,460,402,426,public_area,1
image_5168_1,311,496,128,260,room,1
image_5170_0,388,512,95,197,room,1
image_5170_5,480,505,78,124,public_area,1
image_5171_0,300,347,0,90,public_area,1
image_5171_0,308,511,0,238,public_area,1
image_5171_0,314,422,110,406,public_area,1
image_5171_0,347,512,296,511,public_area,1
image_5171_1,188,221,56,87,public_area,1
image_5171_1,266,369,348,376,public_area,1
image_5171_1,51,124,456,512,public_area,1
image_5171_1,195,224,184,209,public_area,1
image_5171_1,413,512,66,180,public_area,1
image_5171_1,201,229,424,451,public_area,1
image_5171_1,330,385,85,141,public_area,1
image_5171_1,257,369,165,196,public_area,1
image_5171_1,371,427,381,423,public_area,1
image_5171_2,383,416,136,163,public_area,1
image_5173_0,445,459,72,135,public_area,1
image_5174_0,346,512,289,444,room,1
image_5177_0,67,105,216,236,room,1
image_5177_0,47,86,2,36,room,1
image_5177_0,40,100,85,120,room,1
image_5177_1,116,193,325,379,public_area,1
image_5180_1,195,308,85,198,room,1
image_5180_1,231,385,338,435,room,1
image_5180_1,286,511,1,278,room,1
image_5186_0,109,159,13,28,public_area,1
image_5186_0,227,313,77,195,public_area,1
image_5186_0,185,511,0,120,public_area,1
image_5186_2,193,237,110,158,public_area,1
image_5186_2,316,415,326,503,public_area,1
image_5187_0,257,292,210,275,room,1
image_5187_0,380,512,81,511,room,1
image_5187_0,334,430,243,393,room,1
image_5187_1,187,209,397,404,room,1
image_5187_1,178,209,382,392,room,1
image_5187_1,352,510,2,511,room,1
image_5187_1,71,175,177,311,room,1
image_5187_2,317,335,76,105,food,1
image_5187_2,452,512,2,237,food,1
image_5187_2,176,332,123,206,food,1
image_5187_2,186,228,71,109,food,1
image_5187_2,264,292,72,120,food,1
image_5187_2,473,512,270,404,food,1
image_5187_3,455,512,0,73,public_area,1
image_5187_3,496,512,372,399,public_area,1
image_5187_3,480,512,338,369,public_area,1
image_5187_3,477,512,271,302,public_area,1
image_5187_3,468,512,165,511,public_area,1
image_5187_4,112,491,1,487,food,1
image_5187_4,447,512,268,409,public_area,1
image_5187_5,396,512,487,512,public_area,1
image_5187_6,0,191,138,346,public_area,1
image_5187_6,165,511,64,512,public_area,1
image_5187_6,288,356,472,512,food,1
image_5187_6,330,414,267,346,food,1
image_5187_6,316,394,364,445,food,1
image_5189_0,448,512,235,383,room,1
image_5189_0,348,511,339,464,room,1
image_5189_1,268,361,486,512,public_area,1
image_5189_1,253,318,285,422,public_area,1
image_5189_1,238,285,233,282,public_area,1
image_5189_1,268,361,486,512,public_area,1
image_5189_1,215,334,412,478,public_area,1
image_5191_0,105,145,0,262,public_area,1
image_5191_0,90,120,426,512,public_area,1
image_5191_0,218,244,35,59,public_area,1
image_5191_0,232,269,0,24,public_area,1
image_5191_0,93,161,326,438,public_area,1
image_5192_0,322,476,417,512,public_area,1
image_5193_1,403,511,1,193,public_area,1
image_5193_1,465,512,375,512,public_area,1
image_5193_1,166,479,245,512,public_area,1
image_5193_1,216,407,0,284,public_area,1
image_5193_1,440,512,154,269,public_area,1
image_5193_2,226,313,408,467,public_area,1
image_5193_2,80,155,218,323,public_area,1
image_5198_0,309,511,34,426,public_area,1
image_5199_0,106,487,249,511,food,1
image_5199_0,110,489,0,248,food,1
image_5199_1,115,263,338,511,public_area,1
image_5199_2,256,349,248,360,room,1
image_5199_2,313,339,82,169,room,1
image_5199_2,258,408,324,509,room,1
image_5200_0,330,459,465,500,room,1
image_5200_0,274,511,1,408,room,1
image_5201_0,233,511,2,507,public_area,1
image_5201_0,214,265,181,265,public_area,1
image_5201_0,70,131,151,298,public_area,1
image_5201_0,142,245,0,137,public_area,1
image_5202_0,364,512,47,185,room,1
image_5205_0,166,216,330,369,public_area,1
image_5205_0,239,421,278,512,public_area,1
image_5205_0,309,458,278,421,public_area,1
image_5205_0,127,232,166,223,public_area,1
image_5205_1,294,319,430,504,public_area,1
image_5205_1,234,280,444,484,public_area,1
image_5205_1,271,365,333,426,public_area,1
image_5205_1,277,325,428,511,public_area,1
image_5205_1,167,190,82,103,public_area,1
image_5205_1,314,409,207,374,public_area,1
image_5205_1,312,507,137,231,public_area,1
image_5205_1,282,511,0,77,public_area,1
image_5205_1,373,506,189,511,public_area,1
image_5205_1,389,511,373,461,public_area,1
image_5205_1,315,392,410,512,public_area,1
image_5205_2,184,267,450,510,public_area,1
image_5210_0,212,319,34,150,public_area,1
image_5210_0,201,360,410,512,public_area,1
image_5210_0,214,336,90,186,public_area,1
image_5210_0,185,365,0,91,public_area,1
image_5210_1,378,421,280,340,food,1
image_5210_1,342,364,183,215,food,1
image_5210_1,108,182,43,136,public_area,1
image_5210_1,398,461,356,434,food,1
image_5210_1,282,427,431,512,public_area,1
image_5210_1,261,357,18,105,public_area,1
image_5210_1,382,460,257,305,food,1
image_5210_1,411,505,337,396,food,1
image_5210_1,340,392,213,282,food,1
image_5211_0,259,328,143,175,public_area,1
image_5211_0,275,360,256,295,public_area,1
image_5211_1,29,112,168,247,room,1
image_5211_1,358,512,194,511,room,1
image_5213_2,221,427,143,340,room,1
image_5213_3,227,300,373,511,food,1
image_5213_3,39,512,1,511,food,1
image_5213_3,62,124,222,325,food,1
image_5213_4,1,290,0,115,public_area,1
image_5213_4,235,262,223,244,public_area,1
image_5213_4,299,360,0,26,public_area,1
image_5213_4,128,248,282,486,public_area,1
image_5213_4,241,333,449,511,food,1
image_5213_4,331,479,395,491,food,1
image_5217_0,318,358,406,421,public_area,1
image_5217_0,378,511,290,511,public_area,1
image_5217_0,336,358,392,402,public_area,1
image_5217_0,300,339,137,172,public_area,1
image_5217_0,398,476,51,214,public_area,1
image_5217_0,398,432,154,170,public_area,1
image_5217_0,267,319,0,42,public_area,1
image_5217_0,255,298,111,184,public_area,1
image_5217_0,366,426,170,209,public_area,1
image_5217_1,278,307,28,61,public_area,1
image_5217_1,295,350,282,324,public_area,1
image_5217_1,318,511,2,185,public_area,1
image_5217_1,291,387,187,269,public_area,1
image_5217_1,357,510,349,511,public_area,1
image_5217_1,349,512,72,421,public_area,1
image_5219_0,271,323,294,334,room,1
image_5219_0,237,507,146,512,room,1
image_5219_3,371,511,109,511,public_area,1
image_5219_3,167,332,202,237,public_area,1
image_5219_3,277,427,27,407,public_area,1
image_5219_4,402,458,0,42,public_area,1
image_5219_4,322,426,405,488,public_area,1
image_5219_4,339,429,88,185,public_area,1
image_5219_5,300,378,375,446,public_area,1
image_5219_5,285,352,230,302,public_area,1
image_5219_5,255,362,344,394,public_area,1
image_5219_5,249,331,205,251,public_area,1
image_5220_1,86,141,16,69,public_area,1
image_5220_2,187,424,35,512,public_area,1
image_5220_2,1,275,2,454,public_area,1
image_5221_1,141,197,223,263,public_area,1
image_5221_1,94,130,330,426,food,1
image_5221_1,3,99,168,511,public_area,1
image_5222_0,342,510,1,512,public_area,1
image_5222_0,99,425,161,476,public_area,1
image_5222_0,60,115,151,239,public_area,1
image_5222_1,309,512,207,426,public_area,1
image_5222_1,125,204,60,120,public_area,1
image_5222_1,435,512,180,314,public_area,1
image_5222_1,220,354,298,451,public_area,1
image_5222_1,222,258,169,207,public_area,1
image_5222_1,257,322,237,283,public_area,1
image_5222_1,235,294,8,51,public_area,1
image_5222_1,250,360,457,512,public_area,1
image_5222_1,204,277,29,121,public_area,1
image_5222_2,423,511,0,114,public_area,1
image_5222_2,250,342,92,119,public_area,1
image_5222_2,136,190,201,280,public_area,1
image_5222_2,241,380,199,275,public_area,1
image_5222_3,373,512,284,509,public_area,1
image_5222_3,337,508,0,128,public_area,1
image_5223_0,14,170,93,320,food,1
image_5223_0,21,128,350,484,public_area,1
image_5224_0,135,337,321,462,public_area,1
image_5224_0,193,338,69,217,public_area,1
image_5225_2,402,413,0,21,public_area,1
image_5226_0,24,66,0,59,public_area,1
image_5226_0,323,366,367,391,public_area,1
image_5226_0,346,511,0,104,public_area,1
image_5226_0,34,77,402,473,public_area,1
image_5226_0,349,512,347,512,public_area,1
image_5226_0,318,389,403,449,public_area,1
image_5226_0,114,302,42,97,public_area,1
image_5226_0,37,77,300,360,public_area,1
image_5226_0,33,72,141,198,public_area,1
image_5226_0,312,376,98,132,public_area,1
image_5226_0,313,383,297,342,public_area,1
image_5226_0,123,294,364,418,public_area,1
image_5226_0,30,74,194,235,public_area,1
image_5226_0,25,68,32,83,public_area,1
image_5226_0,29,71,102,140,public_area,1
image_5226_0,34,77,346,380,public_area,1
image_5226_0,32,77,270,315,public_area,1
image_5226_3,213,281,424,511,public_area,1
image_5226_3,221,276,253,323,public_area,1
image_5226_3,231,273,194,235,public_area,1
image_5226_3,232,273,142,184,public_area,1
image_5226_3,200,279,374,423,public_area,1
image_5228_0,235,291,208,244,public_area,1
image_5228_0,217,269,0,80,public_area,1
image_5228_0,130,404,298,512,public_area,1
image_5228_0,329,511,81,511,public_area,1
image_5228_0,75,128,109,194,public_area,1
image_5228_0,186,321,103,178,public_area,1
image_5229_0,2,510,4,509,food,1
image_5230_0,261,272,289,315,room,1
image_5230_0,253,511,1,314,room,1
image_5230_1,172,243,0,23,room,1
image_5230_1,354,490,430,512,room,1
image_5230_1,424,512,98,511,room,1
image_5230_1,267,393,0,80,room,1
image_5230_1,282,399,287,380,room,1
image_5230_2,285,315,495,512,public_area,1
image_5230_2,303,314,360,426,public_area,1
image_5230_2,274,306,397,425,public_area,1
image_5230_2,279,354,194,293,public_area,1
image_5230_2,409,512,381,511,public_area,1
image_5230_2,286,322,304,351,public_area,1
image_5230_2,301,376,434,466,public_area,1
image_5230_2,300,370,328,375,public_area,1
image_5230_2,417,512,268,394,public_area,1
image_5230_2,310,352,380,437,public_area,1
image_5230_2,349,511,369,489,public_area,1
image_5232_1,182,511,0,246,room,1
image_5232_3,64,511,0,512,room,1
image_5232_4,365,512,410,512,room,1
image_5232_4,267,298,440,450,room,1
image_5232_4,278,304,71,113,room,1
image_5232_4,300,512,81,259,room,1
image_5232_4,148,250,357,467,room,1
image_5232_6,326,354,125,185,room,1
image_5232_6,348,416,433,454,room,1
image_5232_6,123,316,256,484,room,1
image_5232_6,338,490,0,126,room,1
image_5233_0,195,252,256,291,public_area,1
image_5233_0,218,302,4,143,public_area,1
image_5235_1,223,510,1,504,room,1
image_5238_0,328,489,446,512,public_area,1
image_5239_0,203,379,158,282,room,1
image_5239_1,238,512,179,444,food,1
image_5239_1,10,170,0,56,food,1
image_5239_1,354,387,279,310,food,1
image_5239_1,36,77,323,365,food,1
image_5239_1,326,454,325,421,food,1
image_5239_1,42,167,156,285,food,1
image_5239_1,357,474,104,190,food,1
image_5239_2,409,512,152,306,food,1
image_5239_2,352,450,0,68,food,1
image_5239_2,196,281,222,337,food,1
image_5239_3,204,511,55,511,public_area,1
image_5239_3,0,230,0,200,public_area,1
image_5239_3,303,368,103,253,public_area,1
image_5239_3,360,410,145,212,food,1
image_5239_3,406,470,191,270,food,1
image_5240_0,62,115,133,176,public_area,1
image_5240_0,11,121,78,135,public_area,1
image_5240_0,0,99,183,242,public_area,1
image_5240_0,0,115,432,512,public_area,1
image_5240_0,229,446,210,464,food,1
image_5240_0,117,257,253,477,food,1
image_5241_0,310,357,90,125,public_area,1
image_5241_0,268,345,143,160,public_area,1
image_5241_0,203,226,278,296,public_area,1
image_5241_0,206,232,85,103,public_area,1
image_5241_0,352,383,172,193,public_area,1
image_5241_0,205,229,195,216,public_area,1
image_5241_0,400,468,372,437,public_area,1
image_5241_0,207,232,119,143,public_area,1
image_5241_0,387,476,426,511,public_area,1
image_5241_0,205,230,162,179,public_area,1
image_5241_0,202,228,240,261,public_area,1
image_5241_0,384,474,320,390,public_area,1
image_5242_0,330,377,135,193,public_area,1
image_5242_0,0,87,280,357,public_area,1
image_5242_0,196,267,308,379,food,1
image_5242_0,48,185,231,376,public_area,1
image_5242_0,119,214,348,463,food,1
image_5242_0,228,370,332,491,food,1
image_5242_0,358,460,267,373,food,1
image_5244_2,413,512,143,395,room,1
image_5244_2,353,466,280,348,room,1
image_5244_2,342,484,192,258,room,1
image_5245_0,215,361,274,441,public_area,1
image_5245_0,166,184,327,359,public_area,1
image_5245_0,307,339,0,42,food,1
image_5245_0,205,307,79,218,public_area,1
image_5245_0,198,350,207,303,public_area,1
image_5245_0,212,403,378,512,public_area,1
image_5245_0,278,364,85,144,food,1
image_5473_0,271,405,256,400,food,1
image_5473_0,2,196,124,243,public_area,1
image_5473_0,33,509,1,511,public_area,1
image_5474_0,90,429,68,508,food,1
image_5475_0,472,512,283,511,public_area,1
image_5475_0,249,512,126,342,public_area,1
image_5476_0,329,344,262,284,food,1
image_5476_0,319,439,223,323,room,1
image_5476_0,311,339,283,294,room,1
image_5476_0,372,512,317,480,room,1
image_5476_0,334,351,249,268,food,1
image_5476_0,348,512,23,207,room,1
image_5476_1,221,316,442,512,public_area,1
image_5476_2,312,511,53,511,public_area,1
image_5476_2,314,511,366,511,public_area,1
image_5476_2,281,456,101,178,food,1
image_5476_3,422,512,152,423,room,1
image_5477_0,92,394,122,258,room,1
image_5477_0,335,511,2,390,room,1
image_5478_0,413,512,0,73,room,1
image_5478_0,334,512,169,355,room,1
image_5478_1,24,92,7,132,public_area,1
image_5478_1,75,188,147,215,public_area,1
image_5479_0,345,365,164,195,room,1
image_5479_0,357,512,177,347,room,1
image_5480_0,87,184,483,512,public_area,1
image_5480_0,81,282,0,341,public_area,1
image_5480_0,79,174,351,435,public_area,1
image_5480_0,319,512,67,357,public_area,1
image_5480_1,117,512,15,504,public_area,1
image_5480_1,0,131,241,408,public_area,1
image_5480_1,93,130,30,110,public_area,1
image_5481_0,397,410,273,303,room,1
image_5481_0,317,473,0,50,room,1
image_5481_0,324,425,308,426,room,1
image_5481_0,401,512,88,512,room,1
image_5482_0,287,389,469,512,room,1
image_5482_0,233,512,48,453,room,1
image_5482_0,254,326,361,440,room,1
image_5482_1,415,445,188,238,food,1
image_5482_1,389,512,0,49,room,1
image_5482_1,402,512,125,290,room,1
image_5482_3,296,458,0,274,public_area,1
image_5482_3,258,338,452,481,public_area,1
image_5482_3,328,384,458,512,public_area,1
image_5482_3,287,316,161,179,public_area,1
image_5482_3,287,318,218,240,public_area,1
image_5482_3,219,284,265,300,public_area,1
image_5482_3,265,304,92,118,public_area,1
image_5482_3,283,320,187,213,public_area,1
image_5482_3,353,512,333,512,public_area,1
image_5482_4,259,354,5,61,public_area,1
image_5482_4,379,442,58,169,public_area,1
image_5482_4,347,392,101,210,public_area,1
image_5482_4,281,402,352,427,public_area,1
image_5482_4,363,512,170,282,public_area,1
image_5482_4,367,449,413,512,public_area,1
image_5482_4,267,380,231,278,public_area,1
image_5482_4,346,512,0,129,public_area,1
image_5483_0,160,404,71,158,room,1
image_5483_0,330,511,6,512,room,1
image_5483_1,322,353,223,235,room,1
image_5483_1,344,363,245,278,food,1
image_5483_1,342,381,202,303,room,1
image_5483_1,312,498,343,483,room,1
image_5483_1,340,512,137,314,room,1
image_5483_3,273,325,370,410,room,1
image_5483_3,239,511,3,500,room,1
image_5484_0,466,487,88,159,public_area,1
image_5486_0,365,378,279,293,service,1
image_5486_0,359,429,141,173,public_area,1
image_5486_0,225,276,479,512,public_area,1
image_5486_0,374,430,164,377,public_area,1
image_5486_0,287,377,495,512,public_area,1
image_5486_0,249,475,0,78,public_area,1
image_5486_0,419,476,480,512,public_area,1
image_5486_0,348,430,358,399,public_area,1
image_5486_0,356,377,213,235,service,1
image_5486_1,337,468,22,129,public_area,1
image_5486_1,263,318,446,490,public_area,1
image_5486_1,278,322,415,438,public_area,1
image_5486_1,334,461,298,438,public_area,1
image_5486_1,279,397,131,214,public_area,1
image_5486_2,381,512,79,272,room,1
image_5486_2,319,512,89,497,room,1
image_5486_2,271,457,0,60,room,1
image_5486_4,428,512,336,511,room,1
image_5486_4,142,218,376,480,room,1
image_5486_4,280,512,1,375,room,1
image_5487_1,1,435,27,511,public_area,1
image_5487_1,328,512,77,508,public_area,1
image_5487_2,238,295,85,109,room,1
image_5487_2,443,512,271,405,room,1
image_5487_2,311,394,300,375,room,1
image_5487_2,288,380,164,240,room,1
image_5487_2,289,349,335,383,room,1
image_5487_2,389,511,399,512,room,1
image_5487_2,278,406,376,512,room,1
image_5487_2,287,397,107,187,room,1
image_5487_3,392,511,58,511,public_area,1
image_5487_4,279,459,0,73,room,1
image_5487_4,324,504,158,302,room,1
image_5487_4,256,511,287,511,room,1
image_5487_5,253,321,266,319,room,1
image_5487_5,146,209,0,29,room,1
image_5487_5,352,511,1,211,room,1
image_5487_5,274,450,368,512,room,1
image_5487_5,246,321,239,294,room,1
image_5488_1,43,203,0,65,public_area,1
image_5488_1,273,305,109,152,service,1
image_5488_1,155,207,442,510,public_area,1
image_5488_1,275,362,224,262,public_area,1
image_5488_1,336,403,419,511,public_area,1
image_5489_0,188,483,65,512,room,1
image_5489_1,196,295,378,512,public_area,1
image_5489_1,110,137,469,509,public_area,1
image_5489_1,242,370,419,512,public_area,1
image_5489_1,5,175,358,380,public_area,1
image_5490_2,321,350,266,363,room,1
image_5491_0,399,512,0,131,room,1
image_5491_0,357,511,70,203,room,1
image_5491_0,377,511,431,512,room,1
image_5491_0,377,512,233,412,room,1
image_5492_0,328,400,118,300,room,1
image_5492_0,279,511,8,511,room,1
image_5492_0,250,406,263,436,room,1
image_5492_0,222,355,170,249,room,1
image_5493_0,320,399,290,331,room,1
image_5493_0,176,301,152,401,room,1
image_5493_0,298,511,114,506,room,1
image_5493_0,382,435,217,271,food,1
image_5493_1,97,510,1,508,room,1
image_5493_2,355,445,202,288,room,1
image_5494_0,1,442,1,512,room,1
image_5494_0,2,99,397,509,room,1
image_5495_0,234,256,410,437,public_area,1
image_5495_0,232,253,458,480,public_area,1
image_5495_0,146,267,175,198,public_area,1
image_5495_0,245,305,235,297,public_area,1
image_5495_0,273,345,93,221,public_area,1
image_5495_0,325,511,0,56,public_area,1
image_5495_0,239,303,156,258,public_area,1
image_5495_0,241,321,35,106,public_area,1
image_5495_2,358,383,456,486,public_area,1
image_5495_2,392,444,140,266,public_area,1
image_5495_2,382,445,83,128,public_area,1
image_5495_2,359,408,205,304,public_area,1
image_5495_3,372,508,439,512,room,1
image_5496_0,108,162,443,512,public_area,1
image_5496_1,397,512,131,258,room,1
image_5496_1,334,512,271,415,room,1
image_5496_1,401,512,17,205,room,1
image_5497_0,387,453,245,285,room,1
image_5497_0,385,512,1,369,room,1
image_5497_0,386,442,294,356,room,1
image_5497_0,381,512,187,436,room,1
image_5498_0,271,405,256,400,food,1
image_5498_0,2,196,124,243,public_area,1
image_5499_0,472,512,283,511,public_area,1
image_5499_0,249,512,126,342,public_area,1
image_5500_0,287,389,469,512,room,1
image_5500_0,233,512,48,453,room,1
image_5500_0,254,326,361,440,room,1
image_5500_1,415,445,188,238,food,1
image_5500_1,389,512,0,49,room,1
image_5500_1,402,512,125,290,room,1
image_5500_3,298,458,0,274,public_area,1
image_5500_3,258,338,452,481,public_area,1
image_5500_3,287,316,161,179,public_area,1
image_5500_3,287,318,218,240,public_area,1
image_5500_3,219,284,265,300,public_area,1
image_5500_3,265,304,92,118,public_area,1
image_5500_3,283,320,187,213,public_area,1
image_5500_3,326,512,335,512,public_area,1
image_5500_4,259,354,5,61,public_area,1
image_5500_4,379,442,58,169,public_area,1
image_5500_4,347,389,101,210,public_area,1
image_5500_4,350,511,0,131,public_area,1
image_5500_4,281,399,352,421,public_area,1
image_5500_4,365,512,168,282,public_area,1
image_5500_4,367,449,413,512,public_area,1
image_5500_4,267,380,231,278,public_area,1
image_5501_0,341,511,1,193,room,1
image_5504_1,375,416,167,186,room,1
image_5504_1,394,512,137,287,room,1
image_5504_1,342,512,343,512,room,1
image_5588_0,260,415,69,225,food,1
image_5588_0,365,498,253,458,food,1
image_5588_1,284,408,411,472,room,1
image_5600_0,286,419,301,382,public_area,1
image_5600_0,434,512,1,179,public_area,1
image_5600_0,353,511,189,511,public_area,1
image_5600_0,471,512,346,464,food,1
image_5600_1,241,306,492,512,room,1
image_5600_1,266,418,362,462,room,1
image_5600_1,235,271,363,411,room,1
image_5600_2,421,512,1,200,room,1
image_5600_2,358,512,361,512,room,1
image_5601_0,396,512,245,466,public_area,1
image_5601_0,141,402,190,436,public_area,1
image_5601_1,247,327,306,396,public_area,1
image_5601_1,320,384,298,399,public_area,1
image_5601_1,268,284,437,451,service,1
image_5601_1,267,333,413,435,service,1
image_5601_2,125,192,265,451,public_area,1
image_5601_2,1,129,325,465,public_area,1
image_5601_2,88,250,341,503,public_area,1
image_5601_3,216,238,302,323,public_area,1
image_5601_3,225,280,0,104,public_area,1
image_5601_3,233,245,329,353,public_area,1
image_5601_3,154,231,0,42,public_area,1
image_5601_3,241,367,0,51,public_area,1
image_5601_3,279,511,434,512,public_area,1
image_5602_0,175,231,0,21,public_area,1
image_5602_0,153,199,32,53,public_area,1
image_5602_1,227,315,0,232,food,1
image_5602_1,348,478,0,511,food,1
image_5602_1,167,255,398,512,food,1
image_5602_2,337,360,267,287,public_area,1
image_5602_2,396,418,231,287,public_area,1
image_5602_2,489,512,135,186,public_area,1
image_5602_2,323,346,277,329,public_area,1
image_5602_4,254,511,0,410,public_area,1
image_5602_4,174,271,301,383,public_area,1
image_5602_4,138,345,108,267,public_area,1
image_5602_5,144,294,50,150,public_area,1
image_5602_5,137,168,329,364,public_area,1
image_5602_5,279,442,1,225,public_area,1
image_5602_5,228,311,0,62,public_area,1
image_5602_6,298,470,392,512,public_area,1
image_5603_0,341,403,138,176,public_area,1
image_5603_0,180,301,98,369,public_area,1
image_5603_0,289,332,188,249,food,1
image_5603_0,64,347,0,174,service,1
image_5603_1,176,295,115,381,public_area,1
image_5603_1,276,322,209,271,food,1
image_5603_1,48,330,0,200,service,1
image_5605_0,382,512,0,193,public_area,1
image_5605_0,330,384,89,216,public_area,1
image_5605_0,160,416,0,161,public_area,1
image_5605_0,314,329,396,411,service,1
image_5605_0,314,330,428,448,service,1
image_5605_0,312,327,328,345,service,1
image_5605_1,251,362,47,215,public_area,1
image_5605_1,270,511,294,511,public_area,1
image_5605_1,246,319,222,337,public_area,1
image_5605_2,121,182,113,176,public_area,1
image_5605_2,333,410,168,275,food,1
image_5605_2,369,512,1,154,food,1
image_5605_2,15,154,213,333,public_area,1
image_5605_3,333,378,441,509,food,1
image_5605_3,168,227,65,151,food,1
image_5605_3,140,181,157,244,food,1
image_5605_3,164,194,166,192,food,1
image_5605_3,365,405,13,48,food,1
image_5605_4,154,202,13,58,public_area,1
image_5605_4,309,350,13,45,food,1
image_5605_4,413,448,80,132,public_area,1
image_5605_4,309,330,212,257,public_area,1
image_5605_4,193,294,421,511,public_area,1
image_5605_4,320,380,63,152,food,1
image_5605_5,264,295,397,424,public_area,1
image_5605_5,323,349,48,64,public_area,1
image_5607_0,364,512,0,90,room,1
image_5609_0,403,439,232,255,public_area,1
image_5609_0,425,470,409,444,public_area,1
image_5609_0,420,462,371,395,public_area,1
image_5609_1,291,424,219,319,room,1
image_5609_1,288,302,288,303,room,1
image_5609_1,255,382,49,204,room,1
image_5609_1,262,454,315,491,room,1
image_5609_1,364,511,1,234,room,1
image_5610_0,475,512,42,112,room,1
image_5611_0,289,362,332,401,room,1
image_5611_0,227,309,191,289,room,1
image_5611_0,210,511,1,379,room,1
image_5614_0,354,430,322,512,room,1
image_5614_0,353,511,38,511,room,1
image_5615_0,171,221,86,139,public_area,1
image_5615_0,200,281,2,91,public_area,1
image_5615_0,76,144,376,461,food,1
image_5615_0,374,512,331,470,food,1
image_5615_0,276,342,280,357,food,1
image_5615_0,131,217,355,416,food,1
image_5615_0,278,372,30,117,food,1
image_5617_0,289,400,442,512,public_area,1
image_5617_1,294,353,456,512,public_area,1
image_5617_1,243,297,477,512,public_area,1
image_5617_2,195,277,0,56,public_area,1
image_5617_2,182,339,454,511,public_area,1
image_5617_2,185,265,194,276,public_area,1
image_5617_2,151,174,261,288,public_area,1
image_5617_2,36,102,394,492,public_area,1
image_5617_2,170,184,58,133,public_area,1
image_5617_2,276,512,0,254,public_area,1
image_5617_2,193,275,46,125,public_area,1
image_5617_2,169,265,314,424,public_area,1
image_5617_2,173,287,234,307,public_area,1
image_5617_2,154,196,29,67,public_area,1
image_5617_2,167,261,109,227,public_area,1
image_5617_2,251,511,49,426,public_area,1
image_5617_2,360,512,307,512,public_area,1
image_5617_2,242,416,335,448,public_area,1
image_5617_3,227,337,81,179,food,1
image_5617_3,0,106,143,269,public_area,1
image_5617_3,117,256,0,44,food,1
image_5617_3,122,240,403,512,food,1
image_5618_0,243,506,1,399,room,1
image_5620_0,285,401,179,279,room,1
image_5620_0,307,369,103,194,room,1
image_5621_0,288,511,1,297,room,1
image_5621_0,194,511,340,511,room,1
image_5622_1,335,392,0,90,public_area,1
image_5622_1,246,367,160,186,public_area,1
image_5622_1,328,389,85,157,public_area,1
image_5622_2,302,329,299,350,public_area,1
image_5622_2,320,375,388,511,public_area,1
image_5622_2,288,338,393,425,public_area,1
image_5622_2,224,259,0,224,public_area,1
image_5622_2,258,334,8,74,public_area,1
image_5622_2,337,512,57,169,public_area,1
image_5622_2,325,453,202,457,public_area,1
image_5622_2,235,332,415,441,public_area,1
image_5623_0,280,385,291,361,service,1
image_5623_0,250,511,435,512,public_area,1
image_5623_3,31,512,15,507,public_area,1
image_5623_4,247,512,133,368,public_area,1
image_5625_0,313,378,213,240,public_area,1
image_5625_0,433,511,363,512,public_area,1
image_5625_0,158,229,5,91,public_area,1
image_5625_0,316,404,130,197,public_area,1
image_5625_0,311,400,400,469,public_area,1
image_5625_2,231,349,195,399,room,1
image_5625_3,74,386,1,280,room,1
image_5625_4,63,129,208,295,food,1
image_5625_4,63,130,57,149,food,1
image_5625_4,42,173,425,512,food,1
image_5625_4,0,96,304,381,food,1
image_5625_5,0,47,0,64,food,1
image_5625_5,0,66,321,423,food,1
image_5625_5,122,425,58,385,food,1
image_5625_6,56,242,87,424,room,1
image_5703_0,266,328,86,234,public_area,1
image_5703_0,437,460,350,381,food,1
image_5703_0,313,512,11,249,public_area,1
image_5703_0,418,467,330,352,food,1
image_5704_1,339,512,446,512,room,1
image_5704_1,240,511,1,429,room,1
image_5705_1,0,189,121,353,public_area,1
image_5705_1,54,170,0,46,public_area,1
image_5705_2,0,51,435,512,public_area,1
image_5707_0,109,511,0,512,room,1
image_5707_1,296,431,340,459,room,1
image_5707_1,431,512,1,420,room,1
image_5707_4,386,512,2,266,room,1
image_5708_0,419,469,328,370,public_area,1
image_5708_0,391,432,288,311,public_area,1
image_5708_0,313,366,194,233,public_area,1
image_5708_0,221,339,3,98,public_area,1
image_5708_0,360,391,416,453,public_area,1
image_5708_0,291,426,53,221,public_area,1
image_5708_0,384,409,448,480,public_area,1
image_5708_0,404,512,151,282,public_area,1
image_5708_0,413,455,412,448,public_area,1
image_5708_1,235,291,368,429,public_area,1
image_5722_0,71,275,231,428,food,1
image_5722_1,135,179,425,453,public_area,1
image_5722_1,101,237,367,425,public_area,1
image_5722_1,135,168,13,66,public_area,1
image_5722_1,184,213,28,53,public_area,1
image_5722_1,207,260,0,347,public_area,1
image_5722_1,263,316,292,360,food,1
image_5722_1,262,326,6,62,food,1
image_5722_1,322,395,79,178,food,1
image_5722_1,293,371,233,360,food,1
image_5722_2,174,264,369,390,room,1
image_5722_2,164,407,1,264,room,1
image_5722_3,281,332,435,512,public_area,1
image_5723_0,355,512,422,511,room,1
image_5723_1,428,510,110,265,room,1
image_5723_1,402,477,246,340,room,1
image_5723_1,354,510,0,61,room,1
image_5723_1,475,512,141,509,room,1
image_5723_1,334,483,324,512,room,1
image_5723_2,214,235,374,396,public_area,1
image_5723_2,236,319,248,484,public_area,1
image_5723_2,180,242,147,180,public_area,1
image_5723_2,325,359,198,272,food,1
image_5723_2,350,382,344,381,food,1
image_5723_2,229,423,485,511,public_area,1
image_5723_2,314,355,268,312,food,1
image_5723_2,236,306,68,220,public_area,1
image_5723_2,328,368,137,195,food,1
image_5723_2,256,350,0,35,public_area,1
image_5723_2,308,358,319,349,food,1
image_5723_3,391,482,34,122,room,1
image_5723_3,363,400,112,176,room,1
image_5723_3,281,512,115,511,room,1
image_5723_3,312,389,162,266,room,1
image_5723_4,164,296,144,273,food,1
image_5723_4,111,179,37,111,food,1
image_5723_4,321,512,238,438,food,1
image_5724_0,410,485,486,512,public_area,1
image_5724_1,216,255,230,258,public_area,1
image_5724_1,266,304,257,293,public_area,1
image_5724_1,331,370,461,512,public_area,1
image_5724_1,263,302,193,240,public_area,1
image_5724_1,293,512,45,296,public_area,1
image_5724_1,250,318,100,187,public_area,1
image_5724_1,267,510,329,512,public_area,1
image_5724_1,233,410,0,105,public_area,1
image_5724_2,362,451,414,511,public_area,1
image_5724_4,113,186,46,162,room,1
image_5724_4,229,369,280,348,room,1
image_5725_0,299,396,0,125,room,1
image_5725_0,254,270,94,100,room,1
image_5725_0,380,511,1,312,room,1
image_5725_0,193,253,0,85,room,1
image_5725_0,260,353,155,224,room,1
image_5725_1,16,129,124,195,food,1
image_5725_1,105,154,308,339,public_area,1
image_5725_1,149,267,40,231,food,1
image_5725_1,60,111,483,512,food,1
image_5725_1,109,212,424,511,food,1
image_5725_1,30,88,333,409,food,1
image_5725_1,6,82,0,71,food,1
image_5725_1,188,307,365,455,food,1
image_5726_0,225,322,83,206,room,1
image_5726_0,337,512,347,481,room,1
image_5743_0,459,512,260,511,room,1
image_5743_0,201,511,1,444,room,1
image_5743_1,73,509,1,512,room,1
image_5747_0,191,204,135,146,room,1
image_5747_0,172,233,0,89,room,1
image_5747_0,229,511,1,120,room,1
image_5747_0,94,216,430,512,room,1
image_5747_1,467,511,493,512,public_area,1
image_5747_1,337,413,495,512,public_area,1
image_5747_1,382,512,51,203,public_area,1
image_5748_0,297,512,238,465,room,1
image_5761_0,1,508,2,510,room,1
image_5761_1,113,275,362,512,public_area,1
image_5763_0,223,297,377,512,public_area,1
image_5763_4,371,433,284,353,public_area,1
image_5763_5,476,512,13,270,public_area,1
image_5764_2,347,470,0,97,room,1
image_5764_2,200,331,93,351,room,1
image_5764_3,100,226,398,511,food,1
image_5764_3,52,179,178,416,food,1
image_5764_3,0,51,0,27,public_area,1
image_5764_3,0,97,388,511,public_area,1
image_5765_0,309,506,0,445,public_area,1
image_5765_1,2,369,365,512,public_area,1
image_5765_3,397,509,185,460,public_area,1
image_5765_3,346,377,410,440,public_area,1
image_5765_3,347,378,228,262,public_area,1
image_5765_3,364,425,245,421,public_area,1
image_5765_3,351,431,457,512,public_area,1
image_5765_3,366,430,133,207,public_area,1
image_5766_0,383,421,8,31,public_area,1
image_5766_1,42,510,5,511,public_area,1
image_5767_2,415,511,1,229,room,1
image_5767_3,18,182,258,510,room,1
image_5767_3,377,512,1,158,room,1
image_5767_3,184,448,1,237,room,1
image_5767_3,192,511,243,511,room,1
image_5767_5,341,512,3,328,room,1
image_5767_6,212,322,379,512,room,1
image_5767_6,347,512,99,284,room,1
image_5768_1,252,265,448,457,public_area,1
image_5768_1,291,309,436,471,public_area,1
image_5768_1,199,241,445,512,public_area,1
image_5768_1,339,367,310,391,public_area,1
image_5768_1,347,375,119,201,public_area,1
image_5768_2,1,72,321,393,public_area,1
image_5768_4,90,113,474,512,public_area,1
image_5769_1,341,371,115,149,room,1
image_5769_1,106,511,203,511,room,1
image_5769_3,347,512,268,511,public_area,1
image_5769_3,212,257,293,327,public_area,1
image_5769_4,42,384,284,512,public_area,1
image_5770_2,326,441,0,156,public_area,1
image_5770_2,251,276,64,90,public_area,1
image_5770_2,252,278,152,177,public_area,1
image_5771_0,352,367,121,149,public_area,1
image_5771_3,360,460,446,512,public_area,1
image_5772_1,86,111,436,500,public_area,1
image_5772_1,156,167,309,335,public_area,1
image_5772_1,101,123,206,235,public_area,1
image_5772_1,27,97,278,359,public_area,1
image_5772_1,157,214,0,31,public_area,1
image_5824_0,304,512,228,512,public_area,1
image_5824_0,311,512,291,399,food,1
image_5827_2,388,475,359,441,food,1
image_5829_0,73,192,62,116,service,1
image_5829_0,11,512,236,449,service,1
image_5831_0,151,511,213,483,service,1
image_5833_0,73,192,62,116,service,1
image_5833_0,11,512,236,449,service,1
image_5836_0,282,400,255,358,service,1
image_5836_0,285,409,77,190,service,1
image_5863_0,190,511,81,511,room,1
image_5863_1,346,356,118,163,public_area,1
image_5863_1,371,382,156,180,public_area,1
image_5863_1,430,446,281,293,public_area,1
image_5863_1,424,439,106,117,public_area,1
image_5863_1,373,390,123,141,public_area,1
image_5863_1,381,399,33,69,public_area,1
image_5863_1,387,413,189,243,public_area,1
image_5867_0,241,511,0,510,room,1
image_5867_1,319,511,13,511,room,1
image_5871_0,255,406,3,210,room,1
image_5871_0,336,511,1,127,room,1
image_5871_0,248,432,455,512,room,1
image_5871_1,172,505,46,505,room,1
image_5871_2,284,478,0,137,room,1
image_5871_2,262,511,477,512,room,1
image_5873_0,384,490,1,243,room,1
image_5875_0,285,413,0,116,room,1
image_5875_0,393,512,1,476,room,1
image_5875_0,235,492,308,482,room,1
image_5879_0,126,508,0,511,room,1
image_5881_0,173,204,137,147,public_area,1
image_5881_0,277,511,0,511,public_area,1
image_5881_0,223,284,281,315,public_area,1
image_5881_0,207,246,323,332,public_area,1
image_5881_0,237,267,185,212,public_area,1
image_5881_0,43,79,489,504,public_area,1
image_5881_0,56,92,441,454,public_area,1
image_5881_0,167,201,158,168,public_area,1
image_5881_0,171,203,197,206,public_area,1
image_5881_0,84,115,356,367,public_area,1
image_5881_0,235,256,341,356,public_area,1
image_5881_0,142,184,69,81,public_area,1
image_5881_0,94,125,135,144,public_area,1
image_5881_0,124,149,223,232,public_area,1
image_5881_0,94,126,313,323,public_area,1
image_5881_0,73,106,70,81,public_area,1
image_5881_0,156,194,113,123,public_area,1
image_5881_0,108,133,290,299,public_area,1
image_5881_0,108,132,156,165,public_area,1
image_5881_0,67,106,389,400,public_area,1
image_5881_0,114,143,252,261,public_area,1
image_5881_0,87,114,96,106,public_area,1
image_5881_0,113,142,193,202,public_area,1
image_5898_0,314,341,252,262,room,1
image_5898_0,322,338,365,384,room,1
image_5898_0,320,379,0,53,room,1
image_5898_0,216,304,318,454,room,1
image_5898_0,370,511,1,207,room,1
image_5898_0,323,471,123,225,room,1
image_5899_0,303,384,0,37,room,1
image_5899_0,99,509,106,511,room,1
image_5899_0,204,353,48,156,room,1
image_5900_0,267,359,0,63,public_area,1
image_5900_0,180,420,378,512,public_area,1
image_5900_0,179,411,77,217,public_area,1
image_5901_0,324,512,23,500,public_area,1
image_5901_1,278,511,1,211,room,1
image_5901_1,274,512,306,511,room,1
image_5902_0,395,512,166,253,room,1
image_5902_0,256,331,288,421,room,1
image_5903_0,373,458,63,130,room,1
image_5903_0,160,511,214,512,room,1
image_5903_1,212,511,76,511,room,1
image_5903_1,372,457,0,53,room,1
image_5903_2,123,511,2,475,room,1
image_5903_4,156,207,431,457,public_area,1
image_5904_0,221,281,482,512,room,1
image_5904_0,248,412,142,361,room,1
image_5904_0,274,511,1,197,room,1
image_5904_1,305,325,370,379,room,1
image_5904_1,311,384,43,72,room,1
image_5904_1,267,512,270,511,room,1
image_5904_1,245,417,139,363,room,1
image_5905_0,205,450,227,511,room,1
image_5905_0,212,510,1,250,room,1
image_5905_1,385,425,182,249,public_area,1
image_5905_1,385,512,317,356,public_area,1
image_5905_1,153,181,0,21,public_area,1
image_5905_1,443,512,1,175,public_area,1
image_5905_1,360,511,436,512,public_area,1
image_5905_1,377,444,7,75,public_area,1
image_5905_2,92,452,1,506,public_area,1
image_5905_2,1,510,283,511,public_area,1
image_5906_0,394,439,137,178,public_area,1
image_5906_0,378,437,236,274,public_area,1
image_5906_0,420,494,0,137,public_area,1
image_5906_1,283,322,199,226,public_area,1
image_5906_1,313,349,262,288,public_area,1
image_5906_1,307,348,336,360,public_area,1
image_5906_1,346,496,404,481,public_area,1
image_5906_2,343,428,113,227,room,1
image_5906_3,183,267,88,192,room,1
image_5906_4,263,511,332,511,public_area,1
image_5906_4,246,367,0,48,public_area,1
image_5906_4,265,345,126,200,public_area,1
image_5906_4,238,360,293,365,public_area,1
image_5906_5,189,342,162,379,room,1
image_5906_6,293,510,390,512,room,1
image_5906_6,200,242,415,465,room,1
image_5906_6,236,469,44,245,room,1
image_5906_6,226,365,212,384,room,1
image_5907_0,212,295,305,362,room,1
image_5907_0,248,285,260,343,room,1
image_5907_0,214,363,1,144,room,1
image_5907_0,151,226,251,299,room,1
image_5907_1,370,414,458,496,room,1
image_5907_1,383,500,379,512,room,1
image_5907_1,224,366,446,505,room,1
image_5907_1,285,511,14,293,room,1
image_5907_2,192,467,124,421,room,1
image_5908_0,395,512,166,253,room,1
image_5908_0,256,331,288,421,room,1
image_5910_0,221,281,482,512,room,1
image_5910_0,248,412,142,361,room,1
image_5910_0,274,511,1,197,room,1
image_5910_1,305,325,370,379,room,1
image_5910_1,311,384,43,72,room,1
image_5910_1,267,512,270,511,room,1
image_5910_1,245,417,139,363,room,1
image_6007_1,170,314,471,512,room,1
image_6007_1,229,509,1,511,room,1
image_6007_1,176,272,159,391,room,1
image_6023_2,288,511,1,446,room,1
image_6024_1,250,504,107,231,room,1
image_6024_2,164,291,4,154,public_area,1
image_6024_2,73,294,363,512,public_area,1
image_6024_2,290,307,366,427,public_area,1
image_6024_2,345,511,274,511,public_area,1
image_6024_2,60,297,148,327,public_area,1
image_6024_2,406,512,0,273,public_area,1
image_6024_4,219,254,327,428,room,1
image_6024_4,227,265,437,471,room,1
image_6024_4,246,344,217,316,room,1
image_6027_0,287,510,39,511,room,1
image_6028_0,358,429,141,221,room,1
image_6028_0,300,439,0,143,room,1
image_6028_0,327,433,355,422,room,1
image_6028_0,420,512,1,443,room,1
image_6029_0,136,182,360,461,public_area,1
image_6029_0,97,276,207,362,public_area,1
image_6029_0,409,465,186,241,food,1
image_6029_0,321,362,74,134,food,1
image_6029_0,440,512,81,179,food,1
image_6029_0,350,422,146,190,food,1
image_6029_0,179,327,280,511,public_area,1
image_6029_0,409,506,241,336,food,1
image_6090_1,381,512,129,332,food,1
image_6090_1,113,179,201,511,public_area,1
image_6090_1,213,332,102,180,food,1
image_6091_0,130,254,153,221,public_area,1
image_6091_0,172,384,0,45,public_area,1
image_6091_0,182,442,275,405,public_area,1
image_6091_1,319,373,453,484,public_area,1
image_6091_1,330,375,419,450,public_area,1
image_6091_1,167,497,235,360,public_area,1
image_6091_3,348,441,0,179,public_area,1
image_6091_3,288,374,102,154,public_area,1
image_6091_4,132,510,8,511,room,1
image_6091_6,145,209,174,219,public_area,1
image_6091_6,108,138,59,90,public_area,1
image_6091_6,105,136,16,49,public_area,1
image_6091_6,232,511,26,512,public_area,1
image_6094_0,442,512,431,492,public_area,1
image_6097_1,214,511,0,511,public_area,1
image_6097_1,143,225,172,234,public_area,1
image_6097_1,167,230,248,293,public_area,1
image_6097_1,155,237,433,478,public_area,1
image_6097_2,72,182,175,258,food,1
image_6097_2,148,302,0,270,food,1
image_6097_2,74,205,266,350,food,1
image_6098_0,462,512,10,460,room,1
image_6098_0,366,396,20,44,room,1
image_6098_0,235,336,108,275,room,1
image_6145_1,427,478,105,383,room,1
image_6145_1,278,361,214,330,room,1
image_6145_2,302,499,135,408,food,1
image_6145_2,88,311,0,35,public_area,1
image_6145_2,246,385,29,111,food,1
image_6145_2,132,269,31,152,food,1
image_6150_1,354,511,105,446,public_area,1
image_6150_1,254,384,197,224,public_area,1
image_6150_1,198,469,289,332,public_area,1
image_6150_3,215,248,345,388,public_area,1
image_6150_3,212,227,418,472,public_area,1
image_6150_3,245,260,286,319,public_area,1
image_6150_3,219,246,279,320,public_area,1
image_6150_3,244,261,343,384,public_area,1
image_6150_3,244,260,427,446,public_area,1
image_6155_1,321,511,0,510,room,1
image_6157_4,172,297,161,375,room,1
image_6158_0,469,512,180,318,room,1
image_6158_0,358,488,242,418,room,1
image_6158_1,469,512,348,440,room,1
image_6158_1,481,512,5,157,room,1
image_6158_1,466,512,434,512,room,1
image_6158_1,416,512,210,372,room,1
image_6158_2,25,185,102,239,food,1
image_6158_2,348,477,253,376,food,1
image_6158_3,471,512,282,347,food,1
image_6158_3,268,369,70,141,public_area,1
image_6158_3,353,403,7,85,public_area,1
image_6159_0,160,298,39,227,room,1
image_6159_0,387,511,1,165,room,1
image_6159_0,287,512,282,425,room,1
image_6159_1,383,512,221,481,public_area,1
image_6159_2,265,511,0,511,room,1
image_6160_2,299,509,1,510,room,1
image_6160_2,196,315,48,200,room,1
image_6161_0,357,509,356,453,room,1
image_6161_0,316,334,478,500,room,1
image_6161_1,139,478,251,482,public_area,1
image_6162_0,327,357,279,320,room,1
image_6162_0,302,388,340,410,room,1
image_6163_1,371,446,310,374,public_area,1
image_6164_1,249,512,274,512,room,1
image_6165_0,476,512,301,342,room,1
image_6165_0,413,507,220,432,room,1
image_6166_0,185,512,139,490,room,1
image_6167_0,339,369,0,78,public_area,1
image_6167_0,402,478,170,207,food,1
image_6167_0,0,188,0,511,public_area,1
image_6167_0,416,457,105,159,food,1
image_6167_1,209,334,0,272,public_area,1
image_6167_1,296,398,46,199,food,1
image_6167_1,284,510,378,511,food,1
image_6168_1,271,511,239,512,room,1
image_6205_0,201,441,26,207,public_area,1
image_6205_0,421,511,1,510,public_area,1
image_6205_0,335,511,134,189,public_area,1
image_6205_0,218,504,3,511,public_area,1
image_6205_1,0,22,387,444,public_area,1
image_6205_1,148,386,46,173,public_area,1
image_6205_1,121,247,456,512,public_area,1
image_6205_1,64,121,348,396,public_area,1
image_6205_1,291,510,0,510,public_area,1
image_6205_1,0,176,7,120,public_area,1
image_6205_1,88,287,334,486,public_area,1
image_6205_3,141,257,190,267,public_area,1
image_6205_3,342,505,393,512,public_area,1
image_6205_3,342,376,275,313,food,1
image_6205_3,475,512,116,151,food,1
image_6205_3,475,512,15,69,food,1
image_6205_3,144,453,285,416,service,1
image_6205_3,143,437,93,230,service,1
image_6228_0,133,248,416,470,room,1
image_6228_0,260,364,353,396,room,1
image_6228_0,224,435,65,247,room,1
image_6229_0,381,410,95,143,public_area,1
image_6229_0,419,463,8,82,public_area,1
image_6229_0,332,385,172,268,public_area,1
image_6229_5,192,508,75,358,food,1
image_6229_5,0,160,245,512,food,1
image_6230_0,344,409,2,124,food,1
image_6230_0,265,276,376,404,public_area,1
image_6230_0,267,276,410,424,public_area,1
image_6230_0,369,409,386,463,food,1
image_6230_0,334,371,161,259,food,1
image_6230_0,319,387,283,399,food,1
image_6230_0,391,434,260,348,food,1
image_6230_0,107,304,0,143,public_area,1
image_6230_1,229,434,14,154,public_area,1
image_6230_1,237,441,359,444,public_area,1
image_6230_1,320,379,0,47,public_area,1
image_6231_0,285,511,101,511,room,1
image_6232_0,128,512,7,510,public_area,1
image_6232_0,0,137,161,352,public_area,1
image_6232_0,0,134,435,512,public_area,1
image_6232_2,0,112,142,333,public_area,1
image_6232_2,0,110,418,511,public_area,1
image_6233_0,125,175,0,84,public_area,1
image_6233_0,166,202,0,37,public_area,1
image_6271_0,401,466,178,205,public_area,1
image_6271_0,403,468,72,125,public_area,1
image_6271_0,360,487,0,93,public_area,1
image_6271_1,268,469,335,511,public_area,1
image_6273_0,341,385,287,332,public_area,1
image_6273_0,359,383,330,359,public_area,1
image_6273_0,476,512,128,426,public_area,1
image_6273_0,361,454,0,39,public_area,1
image_6273_1,378,423,391,435,food,1
image_6273_1,357,409,460,508,food,1
image_6273_1,320,362,297,338,food,1
image_6273_1,337,398,0,67,food,1
image_6273_1,173,258,205,260,food,1
image_6275_0,30,98,0,56,public_area,1
image_6293_1,81,262,208,425,public_area,1
image_6293_2,340,512,0,238,public_area,1
image_6293_3,312,412,280,490,public_area,1
image_6293_3,222,279,74,257,public_area,1
image_6293_3,8,345,256,511,public_area,1
image_6293_3,280,312,76,248,public_area,1
image_6293_3,423,512,269,512,public_area,1
image_6293_4,328,512,0,135,public_area,1
image_6293_4,403,512,129,418,public_area,1
image_6294_0,260,395,0,96,room,1
image_6294_1,208,390,71,347,room,1
image_6294_2,145,238,181,323,room,1
image_6300_0,352,406,2,28,public_area,1
image_6300_2,21,104,54,96,public_area,1
image_6300_2,0,108,229,269,public_area,1
image_6300_2,459,512,458,495,service,1
image_6306_1,290,329,99,176,food,1
image_6306_1,246,370,405,485,food,1
image_6306_1,309,461,111,378,food,1
image_6306_3,331,384,183,449,public_area,1
image_6311_0,273,352,89,158,food,1
image_6311_0,165,229,196,262,food,1
image_6311_0,12,100,234,352,food,1
image_6311_0,0,144,357,488,food,1
image_6311_1,218,282,180,258,public_area,1
image_6311_1,347,389,459,512,public_area,1
image_6311_1,253,290,271,446,public_area,1
image_6311_1,194,256,387,412,public_area,1
image_6311_1,197,269,304,329,public_area,1
image_6312_0,305,512,1,316,room,1
image_6312_0,448,512,222,511,room,1
image_6313_0,309,434,429,512,public_area,1
image_6313_0,191,512,152,308,food,1
image_6315_0,461,512,192,511,room,1
image_6316_0,288,511,1,115,room,1
image_6316_0,397,512,376,511,room,1
image_6316_1,256,299,192,241,room,1
image_6316_1,228,299,74,219,room,1
image_6316_1,261,378,394,480,room,1
image_6316_1,243,511,0,307,room,1
image_6317_0,300,369,0,33,public_area,1
image_6317_0,301,331,45,80,public_area,1
image_6317_0,424,512,0,104,public_area,1
image_6317_0,232,284,0,96,public_area,1
image_6318_0,300,369,0,33,public_area,1
image_6318_0,301,331,45,80,public_area,1
image_6318_0,424,512,0,104,public_area,1
image_6318_0,232,284,0,96,public_area,1
image_6319_1,216,228,241,280,room,1
image_6319_1,228,397,82,361,room,1
image_6319_1,279,512,0,299,room,1
image_6320_0,182,275,284,351,room,1
image_6321_0,309,358,85,143,food,1
image_6321_0,255,304,411,468,food,1
image_6321_0,121,161,283,314,public_area,1
image_6321_0,97,164,216,263,food,1
image_6321_0,247,295,340,412,food,1
image_6321_0,83,193,21,152,food,1
image_6321_0,288,348,361,445,food,1
image_6321_0,192,267,150,258,food,1
image_6371_1,487,512,426,487,room,1
image_6372_2,399,512,47,186,public_area,1
image_6382_2,282,308,0,64,public_area,1
image_6382_2,292,316,468,511,public_area,1
image_6382_3,246,310,401,511,public_area,1
image_6382_3,254,319,0,171,public_area,1
image_6384_0,211,251,466,512,public_area,1
image_6384_0,135,162,229,241,public_area,1
image_6384_0,132,163,144,167,public_area,1
image_6384_0,161,196,343,409,public_area,1
image_6384_0,134,162,202,218,public_area,1
image_6393_1,165,512,17,512,room,1
image_6404_0,417,485,168,236,public_area,1
image_6404_0,369,512,2,440,public_area,1
image_6405_0,423,490,406,512,room,1
image_6405_0,291,454,1,511,room,1
image_6406_0,213,281,332,457,food,1
image_6407_0,384,446,269,332,public_area,1
image_6407_0,417,512,28,211,public_area,1
image_6407_1,238,264,472,512,public_area,1
image_6407_1,368,417,173,208,public_area,1
image_6407_1,263,511,360,511,public_area,1
image_6407_1,340,512,1,457,public_area,1
image_6433_0,316,434,377,512,room,1
image_6433_0,305,507,223,362,room,1
image_6433_1,255,281,287,321,room,1
image_6433_1,0,172,107,324,room,1
image_6433_1,296,322,189,225,room,1
image_6433_1,195,258,343,407,room,1
image_6433_1,291,332,157,184,room,1
image_6433_2,260,271,270,287,room,1
image_6433_2,253,325,400,458,room,1
image_6433_2,224,512,97,424,room,1
image_6434_0,253,292,379,512,room,1
image_6434_0,274,437,242,347,room,1
image_6434_1,383,422,30,103,room,1
image_6434_1,231,254,303,319,room,1
image_6434_1,216,442,209,509,room,1
image_6474_0,301,322,187,222,public_area,1
image_6474_1,169,358,105,452,public_area,1
image_6474_1,166,329,346,511,public_area,1
image_6474_1,186,407,54,341,public_area,1
image_6474_1,169,510,0,147,public_area,1
image_6476_0,387,512,420,512,room,1
image_6476_0,260,510,2,449,room,1
image_6476_0,225,321,188,301,room,1
image_6476_0,87,220,435,512,room,1
image_6476_0,193,358,88,174,room,1
image_6477_0,373,512,257,512,room,1
image_6478_0,278,375,71,173,room,1
image_6478_0,224,511,91,511,room,1
image_6478_1,138,337,54,243,room,1
image_6478_1,301,454,333,427,room,1
image_6478_2,233,420,1,334,room,1
image_6478_2,277,307,48,101,room,1
image_6480_0,240,277,206,381,room,1
image_6526_0,203,266,486,510,public_area,1
image_6526_0,248,288,222,239,public_area,1
image_6526_0,230,250,166,195,public_area,1
image_6526_0,272,343,0,170,public_area,1
image_6526_0,239,264,417,444,public_area,1
image_6526_0,239,265,450,479,public_area,1
image_6526_0,239,263,382,408,public_area,1
image_6526_1,283,343,352,395,public_area,1
image_6526_1,332,500,0,136,public_area,1
image_6526_1,298,363,0,63,public_area,1
image_6526_2,283,308,387,405,public_area,1
image_6526_2,332,381,321,464,public_area,1
image_6526_2,296,416,0,185,public_area,1
image_6526_2,310,511,278,511,public_area,1
image_6526_3,59,92,6,30,room,1
image_6526_3,140,158,98,117,room,1
image_6526_3,183,213,5,32,room,1
image_6526_3,298,375,291,359,room,1
image_6526_3,108,134,54,84,room,1
image_6526_3,199,222,56,81,room,1
image_6526_3,307,391,2,32,room,1
image_6526_3,312,373,229,291,room,1
image_6526_3,399,477,2,115,room,1
image_6527_0,225,509,1,511,room,1
image_6527_0,1,326,0,163,room,1
image_6539_0,79,123,344,418,room,1
image_6539_0,111,190,479,509,room,1
image_6539_0,134,241,297,349,room,1
image_6539_0,139,319,0,122,room,1
image_6539_0,208,260,395,481,room,1
image_6550_0,321,458,0,78,room,1
image_6550_0,318,511,264,511,room,1
image_6552_0,1,509,10,510,room,1
image_6566_0,198,511,0,323,room,1
image_6566_0,207,443,442,512,room,1
image_6567_1,1,46,59,135,public_area,1
image_6570_0,272,510,1,148,room,1
image_6570_0,311,512,49,168,room,1
image_6570_0,241,511,243,511,room,1
image_6570_1,275,442,154,251,room,1
image_6588_0,322,512,378,511,public_area,1
image_6588_0,355,511,31,164,public_area,1
image_6588_0,257,386,134,203,public_area,1
image_6589_0,373,456,0,65,public_area,1
image_6590_0,221,511,41,509,room,1
image_6590_1,371,512,0,119,room,1
image_6590_1,276,512,122,511,room,1
image_6591_0,355,512,18,82,public_area,1
image_6591_0,278,432,72,126,public_area,1
image_6591_0,258,457,378,427,service,1
image_6591_1,364,511,1,510,public_area,1
image_6591_1,20,101,293,423,public_area,1
image_6591_2,433,512,269,404,room,1
image_6591_2,286,510,2,416,room,1
image_6592_0,0,121,291,409,food,1
image_6592_1,307,512,213,321,room,1
image_6592_2,14,506,1,511,room,1
image_6609_0,447,512,389,511,room,1
image_6609_0,271,512,69,420,room,1
image_6610_0,269,318,279,325,room,1
image_6610_0,355,512,1,201,room,1
image_6610_0,439,512,247,511,room,1
image_6610_0,174,251,276,395,room,1
image_6611_1,307,511,8,510,room,1
image_6611_2,2,508,1,510,room,1
image_6611_4,2,511,2,508,room,1
image_6611_4,307,382,216,394,room,1
image_6611_5,249,323,352,491,room,1
image_6611_5,300,512,1,166,room,1
image_6611_6,417,512,249,320,room,1
image_6611_6,407,512,137,212,room,1
image_6611_6,123,365,0,210,room,1
image_6621_0,0,125,317,434,public_area,1
image_6628_0,298,406,401,511,room,1
image_6628_0,288,374,364,449,room,1
image_6628_3,288,311,217,225,room,1
image_6628_3,361,512,318,512,room,1
image_6628_3,255,446,228,505,room,1
image_6628_4,300,352,1,135,room,1
image_6635_0,312,449,0,60,room,1
image_6635_0,258,511,149,512,room,1
image_6637_1,262,500,448,512,room,1
image_6637_1,328,511,1,465,room,1
image_6639_0,214,509,0,511,room,1
image_6656_2,260,290,3,20,room,1
image_6656_2,312,381,1,122,room,1
image_6670_0,47,116,303,350,public_area,1
image_6670_0,266,411,382,512,public_area,1
image_6670_0,390,511,283,511,public_area,1
image_6670_1,237,299,322,405,public_area,1
image_6670_1,324,481,188,296,public_area,1
image_6670_1,349,447,142,190,public_area,1
image_6671_0,310,474,383,488,public_area,1
image_6671_0,432,512,70,202,public_area,1
image_6671_1,415,511,136,188,public_area,1
image_6671_1,0,70,153,239,public_area,1
image_6671_1,469,502,462,511,public_area,1
image_6671_1,160,227,174,240,public_area,1
image_6671_1,403,490,0,65,public_area,1
image_6671_1,425,507,317,369,public_area,1
image_6672_0,80,142,146,191,public_area,1
image_6672_0,79,189,65,124,public_area,1
image_6672_0,58,508,360,512,public_area,1
image_6672_1,419,511,332,394,public_area,1
image_6672_1,364,430,197,240,public_area,1
image_6672_1,314,373,27,77,public_area,1
image_6672_1,217,429,239,388,public_area,1
image_6673_0,324,457,289,383,public_area,1
image_6673_0,311,498,145,310,public_area,1
image_6673_0,242,337,400,512,public_area,1
image_6673_1,166,253,0,110,public_area,1
image_6673_2,211,307,408,482,public_area,1
image_6673_3,281,410,405,442,public_area,1
image_6673_3,411,441,66,84,public_area,1
image_6673_3,404,511,455,512,public_area,1
image_6674_0,333,369,284,305,public_area,1
image_6674_0,372,511,470,512,public_area,1
image_6674_0,410,488,423,481,public_area,1
image_6674_2,425,475,282,316,public_area,1
image_6675_0,1,508,236,501,public_area,1
image_6682_0,303,510,1,510,room,1
image_6682_0,201,270,306,423,room,1
image_6683_0,364,451,0,90,room,1
image_6683_0,289,494,210,511,room,1
image_6683_0,320,412,0,173,room,1
image_6683_1,384,511,1,186,room,1
image_6683_1,240,316,401,512,room,1
image_6683_1,319,356,277,315,room,1
image_6683_1,333,493,344,511,room,1
image_6683_1,262,365,178,232,room,1
image_6684_0,250,328,466,512,room,1
image_6684_0,242,409,83,348,room,1
image_6684_0,267,336,399,461,room,1
image_6684_1,293,395,139,221,room,1
image_6684_1,282,311,118,136,room,1
image_6684_1,374,511,41,511,room,1
image_6684_1,379,469,0,44,room,1
image_6684_1,247,315,0,45,room,1
image_6686_0,270,305,198,242,room,1
image_6686_0,200,354,12,101,room,1
image_6686_0,259,396,279,511,room,1
image_6686_0,149,247,341,479,room,1
image_6686_0,349,512,1,238,room,1
image_6696_0,406,469,157,212,room,1
image_6696_1,134,450,0,510,room,1
image_6697_0,208,439,0,42,room,1
image_6697_0,158,510,339,512,room,1
image_6706_0,189,511,3,428,room,1
image_6706_1,289,321,166,299,public_area,1
image_6706_1,296,353,318,434,public_area,1
image_6706_1,407,512,1,373,public_area,1
image_6706_1,322,457,92,359,public_area,1
image_6706_2,99,132,106,218,food,1
image_6706_2,91,116,203,238,food,1
image_6706_2,0,173,192,379,public_area,1
image_6706_2,254,288,486,512,food,1
image_6706_2,362,440,99,191,food,1
image_6706_2,400,512,192,497,food,1
image_6706_2,340,411,48,132,food,1
image_6706_2,315,378,8,87,food,1
image_6707_2,34,511,1,510,room,1
image_6708_0,175,511,1,443,room,1
image_6708_1,65,224,53,96,room,1
image_6708_1,269,512,1,249,room,1
image_6708_1,283,418,455,512,room,1
image_6708_2,377,512,361,512,room,1
image_6708_2,285,460,116,216,room,1
image_6708_4,1,510,1,511,room,1
image_6709_0,228,424,325,512,room,1
image_6709_0,194,508,0,377,room,1
image_6709_1,380,480,18,160,room,1
image_6709_2,150,511,151,391,room,1
image_6710_0,128,511,3,509,room,1
image_6710_1,329,345,371,389,room,1
image_6710_1,379,476,115,178,room,1
image_6710_1,308,334,374,397,room,1
image_6710_1,153,266,335,512,room,1
image_6751_3,270,374,463,512,food,1
image_6751_3,117,242,172,232,public_area,1
image_6751_3,0,33,447,512,public_area,1
image_6751_3,190,308,0,76,food,1
image_6751_3,409,512,0,67,food,1
image_6751_3,145,234,444,512,food,1
image_6751_3,204,269,89,180,food,1
image_6751_3,116,215,328,422,food,1
image_6751_3,335,512,222,475,food,1
image_6751_3,73,199,73,170,food,1
image_6751_3,8,88,167,274,food,1
image_6751_3,0,86,63,138,food,1
image_6751_3,39,119,339,447,food,1
image_6758_0,6,507,1,492,room,1
image_6758_1,49,238,0,511,public_area,1
image_6758_1,258,499,55,384,food,1
image_6758_2,374,479,69,179,food,1
image_6758_2,76,172,18,104,public_area,1
image_6758_2,107,186,295,393,public_area,1
image_6758_2,29,152,92,153,public_area,1
image_6758_2,308,496,306,449,food,1
image_6758_2,99,163,150,284,public_area,1
image_6758_2,249,370,51,151,food,1
image_6758_4,236,262,186,210,public_area,1
image_6758_4,287,511,193,511,public_area,1
image_6758_4,270,511,0,253,public_area,1
image_6759_2,396,459,301,492,food,1
image_6759_2,359,385,0,49,food,1
image_6759_2,264,369,282,381,public_area,1
image_6759_2,8,282,84,276,public_area,1
image_6759_2,391,427,188,290,food,1
image_6759_2,330,388,341,511,food,1
image_6760_0,79,187,120,244,food,1
image_6760_0,82,172,0,28,public_area,1
image_6760_0,148,251,269,356,public_area,1
image_6760_0,267,347,85,163,food,1
image_6760_0,155,283,357,496,food,1
image_6760_1,135,205,113,203,public_area,1
image_6760_1,226,287,125,180,food,1
image_6760_1,339,398,60,135,food,1
image_6760_1,389,465,10,94,food,1
image_6760_1,163,226,426,512,food,1
image_6760_1,283,426,431,512,food,1
image_6761_0,0,146,2,509,public_area,1
image_6761_0,332,511,404,512,public_area,1
image_6761_0,283,510,0,154,public_area,1
image_6761_1,348,387,191,240,public_area,1
image_6761_1,344,511,0,511,public_area,1
image_6761_1,108,369,162,315,service,1
image_6761_2,2,492,48,508,food,1
image_6761_2,82,295,177,388,food,1
image_6762_0,277,296,316,345,room,1
image_6762_0,326,500,1,510,room,1
image_6762_0,272,299,347,373,room,1
image_6762_0,131,241,124,311,room,1
image_6763_0,80,370,396,512,public_area,1
image_6763_0,377,427,208,308,food,1
image_6763_0,169,315,173,331,public_area,1
image_6763_0,343,438,99,169,food,1
image_6764_0,195,290,341,451,public_area,1
image_6764_0,121,226,105,175,public_area,1
image_6764_0,318,512,33,408,public_area,1
image_6764_0,101,159,316,384,public_area,1
image_6764_0,216,367,174,291,public_area,1
image_6764_0,168,221,327,383,public_area,1
image_6764_0,192,288,50,156,public_area,1
image_6764_0,198,267,172,320,public_area,1
image_6764_1,67,280,0,136,public_area,1
image_6764_1,279,490,0,104,public_area,1
image_6765_0,307,337,393,405,public_area,1
image_6765_0,276,295,285,308,public_area,1
image_6765_0,283,297,35,69,public_area,1
image_6765_0,306,330,0,26,public_area,1
image_6765_0,274,295,62,77,public_area,1
image_6765_0,224,286,0,41,public_area,1
image_6765_1,271,491,354,511,public_area,1
image_6766_0,226,249,66,329,public_area,1
image_6766_0,261,511,0,193,public_area,1
image_6766_0,252,471,232,503,public_area,1
image_6767_0,7,387,0,319,public_area,1
image_6767_0,449,511,191,282,food,1
image_6767_1,237,279,0,37,public_area,1
image_6767_1,224,511,167,511,public_area,1
image_6767_1,433,512,97,225,public_area,1
image_6767_2,313,512,276,512,public_area,1
image_6767_2,402,449,250,298,food,1
image_6767_2,1,317,298,512,public_area,1
image_6767_2,404,444,192,231,food,1
image_6767_2,406,456,102,153,food,1
image_6767_3,376,458,332,373,food,1
image_6767_3,392,479,0,27,food,1
image_6767_3,181,266,314,511,food,1
image_6767_3,181,285,0,206,food,1
image_6767_4,20,148,21,447,food,1
image_6767_4,263,450,13,511,food,1
image_6767_4,0,81,429,511,public_area,1
image_6769_0,0,250,72,266,food,1
image_6769_0,183,414,126,329,food,1
image_6769_0,187,395,0,130,food,1
image_6770_0,10,325,255,512,public_area,1
image_6771_0,234,511,52,511,room,1
image_6772_0,290,511,0,243,public_area,1
image_6772_0,180,334,202,294,public_area,1
image_6772_0,163,260,0,57,public_area,1
image_6772_0,480,512,257,484,public_area,1
image_6773_0,212,512,0,440,room,1
image_6773_2,156,425,54,332,food,1
image_6775_0,166,273,338,511,public_area,1
image_6775_0,395,474,294,396,food,1
image_6775_1,233,464,67,245,public_area,1
image_6775_1,227,469,277,472,public_area,1
image_6775_1,1,129,2,340,public_area,1
image_6775_3,203,512,318,511,public_area,1
image_6775_3,196,512,16,255,public_area,1
image_6776_1,14,116,247,339,public_area,1
image_6776_1,88,179,340,414,service,1
image_6776_1,145,511,52,511,public_area,1
image_6777_0,188,213,48,73,food,1
image_6777_0,169,206,219,333,food,1
image_6777_0,0,129,395,512,public_area,1
image_6777_0,147,203,77,185,food,1
image_6777_0,0,104,124,291,public_area,1
image_6831_0,264,277,52,65,service,1
image_6831_0,247,289,330,357,public_area,1
image_6831_0,262,276,33,44,service,1
image_6831_0,291,511,87,511,public_area,1
image_6832_0,414,512,372,477,public_area,1
image_6888_0,414,512,340,511,room,1
image_6888_0,296,437,433,512,room,1
image_6888_0,284,509,207,364,room,1
image_6888_0,302,511,1,133,room,1
image_6914_0,24,187,127,194,room,1
image_6914_0,212,509,213,511,room,1
image_6943_0,250,511,1,512,room,1
image_6943_0,190,254,402,471,room,1
image_6943_0,133,273,118,274,room,1
image_6943_1,291,467,285,512,room,1
image_6943_1,187,494,0,48,room,1
image_6948_0,340,381,446,488,food,1
image_6948_0,305,351,306,372,public_area,1
image_6948_0,110,164,249,291,public_area,1
image_6948_0,226,244,118,142,public_area,1
image_6948_0,171,182,37,59,public_area,1
image_6948_0,172,183,91,122,public_area,1
image_6948_0,293,336,239,290,public_area,1
image_6948_0,360,391,395,446,food,1
image_6948_0,353,395,50,119,food,1
image_6948_0,307,378,18,69,food,1
image_6953_0,92,163,151,199,public_area,1
image_6954_0,406,512,377,464,public_area,1
image_6955_0,427,512,254,423,room,1
image_6957_1,200,266,31,88,public_area,1
image_6957_1,205,295,240,268,public_area,1
image_6957_1,252,362,100,199,public_area,1
image_6957_1,190,263,81,117,public_area,1
image_6957_1,361,511,1,169,public_area,1
image_6957_2,428,512,0,124,public_area,1
image_6957_2,426,512,339,512,public_area,1
image_6958_0,296,375,416,438,room,1
image_6959_0,454,512,83,230,room,1
image_6959_0,443,512,228,311,room,1
image_6959_0,382,512,11,154,room,1
image_7000_0,24,511,1,401,room,1
image_7020_0,342,442,0,114,public_area,1
image_7021_0,308,427,15,105,public_area,1
image_7021_0,363,405,178,240,public_area,1
image_7021_0,281,397,216,305,service,1
image_7021_0,438,512,247,355,public_area,1
image_7021_0,442,512,98,211,public_area,1
image_7022_1,220,373,92,177,room,1
image_7022_1,189,366,279,364,room,1
image_7023_0,349,446,418,502,room,1
image_7023_0,252,324,353,422,room,1
image_7023_0,210,395,134,377,room,1
image_7024_0,260,509,72,512,room,1
image_7024_1,150,330,179,511,room,1
image_7024_2,282,424,174,281,room,1
image_7024_2,350,512,1,250,room,1
image_7024_2,247,431,290,464,room,1
image_7024_3,276,470,0,132,public_area,1
image_7025_0,345,512,262,512,room,1
image_7025_0,233,383,317,512,room,1
image_7025_0,139,334,24,302,room,1
image_7026_0,469,512,397,512,public_area,1
image_7026_0,361,470,474,512,public_area,1
image_7026_0,0,273,421,512,public_area,1
image_7026_0,243,297,260,369,public_area,1
image_7026_0,253,395,389,512,public_area,1
image_7026_1,191,352,306,510,public_area,1
image_7026_2,379,512,144,356,public_area,1
image_7026_3,340,512,213,367,public_area,1
image_7026_3,354,512,357,512,public_area,1
image_7026_4,363,512,293,510,public_area,1
image_7026_4,361,511,0,200,public_area,1
image_7028_0,336,373,430,445,room,1
image_7028_0,425,512,102,459,room,1
image_7028_0,274,430,75,264,room,1
image_7028_0,292,347,41,85,room,1
image_7030_0,1,351,346,511,room,1
image_7052_0,421,511,26,511,room,1
image_7053_0,2,506,1,511,room,1
image_7053_1,321,511,0,510,public_area,1
image_7053_1,70,178,26,119,public_area,1
image_7054_0,401,511,168,511,public_area,1
image_7069_0,335,363,474,511,room,1
image_7069_0,299,360,435,463,room,1
image_7069_0,126,299,234,512,room,1
image_7069_1,322,512,311,512,room,1
image_7069_1,247,267,187,240,room,1
image_7069_2,2,298,390,511,room,1
image_7069_3,313,376,262,284,room,1
image_7069_3,347,374,297,332,room,1
image_7069_3,121,311,36,341,room,1
image_7074_0,414,446,221,244,room,1
image_7074_0,364,411,458,490,room,1
image_7074_0,297,358,0,69,room,1
image_7074_0,410,433,254,273,room,1
image_7074_0,318,348,81,91,room,1
image_7074_0,310,392,272,368,room,1
image_7074_0,280,329,99,160,room,1
image_7074_1,337,510,329,476,room,1
image_7074_2,298,511,362,512,public_area,1
image_7075_0,263,312,0,93,public_area,1
image_7075_0,273,370,292,384,public_area,1
image_7075_0,314,371,259,287,public_area,1
image_7075_0,270,354,416,512,public_area,1
image_7075_0,320,391,159,191,public_area,1
image_7075_0,442,512,218,308,public_area,1
image_7075_0,377,427,1,43,public_area,1
image_7075_0,349,511,356,511,public_area,1
image_7075_0,371,433,55,100,public_area,1
image_7075_0,362,413,129,175,public_area,1
image_7075_2,272,323,143,212,room,1
image_7075_2,324,386,23,175,room,1
image_7075_2,275,397,227,292,room,1
image_7075_3,285,511,325,511,room,1
image_7075_3,435,498,395,477,room,1
image_7075_3,226,370,59,291,room,1
image_7075_3,217,266,0,55,room,1
image_7075_4,394,477,268,333,public_area,1
image_7075_4,380,502,0,111,public_area,1
image_7075_4,408,512,113,222,public_area,1
image_7075_4,249,356,44,119,public_area,1
image_7075_4,375,511,324,511,public_area,1
image_7075_4,244,361,199,256,public_area,1
image_7075_4,143,388,113,422,public_area,1
image_7075_4,306,367,413,479,public_area,1
image_7075_5,266,309,464,512,room,1
image_7075_5,243,408,213,461,room,1
image_7076_0,259,318,122,157,public_area,1
image_7076_0,287,317,335,369,service,1
image_7076_0,209,409,142,307,public_area,1
image_7076_1,298,400,267,337,public_area,1
image_7076_2,285,511,1,397,room,1
image_7076_3,380,458,217,335,public_area,1
image_7076_3,278,511,300,511,public_area,1
image_7076_3,153,394,127,266,public_area,1
image_7076_5,281,314,159,202,public_area,1
image_7076_5,289,341,300,335,public_area,1
image_7076_5,306,344,107,137,public_area,1
image_7076_5,280,338,82,110,public_area,1
image_7076_5,314,341,56,81,public_area,1
image_7076_5,278,337,222,292,public_area,1
image_7076_6,332,354,140,176,public_area,1
image_7076_6,307,386,400,441,public_area,1
image_7076_6,202,493,189,381,public_area,1
image_7077_0,242,251,5,56,room,1
image_7077_0,235,481,230,512,room,1
image_7078_0,287,333,427,448,public_area,1
image_7078_0,355,406,420,472,public_area,1
image_7078_0,280,411,295,386,public_area,1
image_7098_0,265,511,1,512,room,1
image_7098_1,205,267,320,380,room,1
image_7098_1,270,366,136,177,room,1
image_7098_2,274,512,49,398,room,1
image_7099_0,99,213,384,512,room,1
image_7099_0,245,511,1,355,room,1
image_7100_0,190,320,0,76,room,1
image_7100_0,135,320,143,435,room,1
image_7100_0,225,511,221,511,room,1
image_7100_1,162,183,268,286,room,1
image_7100_1,235,399,0,170,room,1
image_7100_1,180,213,268,388,room,1
image_7100_2,218,241,118,143,room,1
image_7100_2,201,239,93,115,room,1
image_7100_2,130,207,234,260,room,1
image_7100_2,205,280,420,488,room,1
image_7100_2,191,267,310,371,room,1
image_7110_0,332,421,252,291,public_area,1
image_7110_0,356,423,56,116,public_area,1
image_7110_0,305,375,22,76,public_area,1
image_7110_0,314,379,121,173,public_area,1
image_7120_1,2,320,388,512,public_area,1
image_7120_1,416,512,47,510,public_area,1
image_7121_0,442,512,332,393,room,1
image_7121_0,386,511,1,278,room,1
image_7132_0,416,511,0,48,public_area,1
image_7132_0,348,466,43,125,public_area,1
image_7132_0,344,511,369,511,public_area,1
image_7133_0,258,511,1,183,room,1
image_7133_1,241,512,128,512,room,1
image_7133_3,248,340,99,245,room,1
image_7133_3,470,512,23,510,room,1
image_7133_3,393,473,469,512,room,1
image_7164_1,149,168,242,273,room,1
image_7164_1,214,510,1,511,room,1
image_7164_1,0,60,180,349,room,1
image_7165_0,310,460,330,512,public_area,1
image_7165_0,65,230,458,512,public_area,1
image_7165_0,116,177,128,164,public_area,1
image_7165_0,338,512,1,259,public_area,1
image_7165_0,5,76,88,125,public_area,1
image_7165_0,101,213,194,254,public_area,1
image_7165_0,105,240,246,316,public_area,1
image_7165_0,104,224,332,397,public_area,1
image_7166_0,75,454,231,512,room,1
image_7187_2,345,401,377,407,public_area,1
image_7187_2,224,261,0,31,public_area,1
image_7187_2,327,386,0,119,public_area,1
image_7187_2,283,371,136,182,public_area,1
image_7187_2,286,378,307,352,public_area,1
image_7187_3,189,343,158,217,public_area,1
image_7187_3,322,398,299,349,public_area,1
image_7187_3,320,463,332,430,public_area,1
image_7190_0,381,511,121,510,room,1
image_7198_0,324,366,18,57,public_area,1
image_7198_0,1,271,319,511,public_area,1
image_7198_0,392,423,320,338,public_area,1
image_7198_0,338,374,220,244,public_area,1
image_7198_0,392,418,172,188,public_area,1
image_7198_0,437,467,159,177,public_area,1
image_7198_0,459,512,37,84,public_area,1
image_7198_0,307,380,298,335,public_area,1
image_7198_0,319,367,417,457,public_area,1
image_7198_0,437,501,328,351,public_area,1
image_7198_0,477,512,0,39,public_area,1
image_7198_0,465,512,350,400,public_area,1
image_7198_0,300,366,51,96,public_area,1
image_7198_0,307,375,183,221,public_area,1
image_7198_2,319,381,0,24,public_area,1
image_7198_2,126,156,24,53,public_area,1
image_7198_2,138,163,154,177,public_area,1
image_7198_2,132,159,91,117,public_area,1
image_7198_2,129,157,59,86,public_area,1
image_7198_2,286,465,312,512,public_area,1
image_7198_2,219,258,43,107,public_area,1
image_7218_0,413,475,349,419,public_area,1
image_7218_0,351,496,273,355,public_area,1
image_7218_0,285,336,123,199,public_area,1
image_7219_0,361,455,0,58,food,1
image_7230_0,230,292,258,300,public_area,1
image_7230_0,254,280,13,29,public_area,1
image_7230_0,248,323,464,509,public_area,1
image_7230_0,275,329,8,172,public_area,1
image_7230_0,298,428,0,132,public_area,1
image_7230_0,270,305,211,282,public_area,1
image_7232_0,335,512,2,359,room,1
image_7232_0,386,512,411,485,room,1
image_7233_0,233,511,58,511,room,1
image_7234_0,313,511,250,511,room,1
image_7234_0,485,512,1,104,room,1
image_7234_1,360,511,1,87,room,1
image_7234_1,298,337,339,378,room,1
image_7234_1,316,512,59,156,room,1
image_7234_1,331,511,249,512,room,1
image_7235_0,392,512,1,317,room,1
image_7235_0,375,490,294,396,room,1
image_7235_0,338,512,415,512,room,1
image_7235_0,299,447,209,310,room,1
image_7235_1,330,511,1,511,room,1
image_7310_0,307,511,103,511,room,1
image_7310_1,248,280,487,512,room,1
image_7310_1,283,511,96,512,room,1
image_7310_3,288,415,192,311,room,1
image_7310_3,329,425,311,454,room,1
image_7311_0,260,344,0,11,room,1
image_7311_0,320,374,0,244,room,1
image_7311_0,248,309,251,352,room,1
image_7328_0,127,154,147,167,room,1
image_7328_0,272,393,218,286,room,1
image_7328_1,293,512,25,326,room,1
image_7329_0,290,433,352,512,room,1
image_7329_0,257,298,300,322,room,1
image_7329_0,80,152,170,235,room,1
image_7329_0,307,512,1,210,room,1
image_7329_1,294,506,17,179,room,1
image_7329_1,237,372,56,131,room,1
image_7329_2,125,297,0,107,room,1
image_7329_2,359,512,1,164,room,1
image_7329_2,300,384,276,429,room,1
image_7329_2,372,512,331,512,room,1
image_7329_2,243,330,156,228,room,1
image_7329_3,335,511,0,40,room,1
image_7329_3,248,511,99,512,room,1
image_7329_4,457,510,481,512,room,1
image_7329_4,381,512,0,296,room,1
image_7329_4,200,271,369,432,room,1
image_7330_0,97,313,359,512,food,1
image_7330_0,0,143,17,313,food,1
image_7330_0,0,59,261,337,food,1
image_7330_0,101,444,30,460,food,1
image_7331_0,312,359,418,444,room,1
image_7331_0,263,334,321,374,room,1
image_7331_0,294,396,0,71,room,1
image_7331_0,277,372,480,512,room,1
image_7331_0,273,497,84,345,room,1
image_7331_1,269,324,299,360,room,1
image_7331_1,241,272,385,413,room,1
image_7331_1,439,505,352,445,room,1
image_7331_1,249,319,57,122,room,1
image_7331_1,364,427,328,351,room,1
image_7331_1,254,299,198,268,room,1
image_7331_1,306,510,1,327,room,1
image_7356_0,291,511,65,493,public_area,1
image_7356_0,418,480,332,417,food,1
image_7358_0,447,512,383,512,room,1
image_7358_0,186,511,1,377,room,1
image_7358_2,230,314,322,410,room,1
image_7358_2,239,511,0,358,room,1
image_7358_2,230,406,453,512,room,1
image_7359_0,294,511,39,302,room,1
image_7367_0,259,368,34,208,room,1
image_7368_0,141,506,1,510,room,1
image_7368_1,380,407,199,224,public_area,1
image_7368_1,376,403,257,282,public_area,1
image_7368_1,372,399,317,344,public_area,1
image_7368_1,379,405,228,253,public_area,1
image_7368_1,374,401,286,312,public_area,1
image_7368_2,290,465,0,32,room,1
image_7368_2,13,511,187,511,room,1
image_7368_2,204,378,0,102,room,1
image_7368_2,226,358,121,213,room,1
image_7368_3,248,394,131,359,room,1
image_7368_4,312,511,0,173,room,1
image_7369_0,154,504,1,511,room,1
image_7400_0,494,512,281,302,public_area,1
image_7400_0,477,504,383,410,public_area,1
image_7400_0,472,506,405,437,public_area,1
image_7424_0,440,512,0,512,room,1
image_7424_0,287,479,94,511,room,1
image_7426_0,359,454,1,512,public_area,1
image_7426_0,301,360,390,512,public_area,1
image_7426_0,332,375,8,54,public_area,1
image_7426_0,306,364,272,326,service,1
image_7446_1,0,182,141,487,food,1
image_7446_1,193,512,5,471,food,1
image_7456_1,221,331,197,451,food,1
image_7456_1,162,295,0,83,food,1
image_7456_1,284,442,0,162,food,1
image_7456_1,163,329,442,512,food,1
image_7456_1,160,244,356,444,food,1
image_7458_0,363,418,413,453,public_area,1
image_7458_0,286,433,199,300,public_area,1
image_7458_0,326,399,381,433,public_area,1
image_7458_0,256,445,0,77,public_area,1
image_7459_0,258,276,8,38,public_area,1
image_7459_0,312,511,0,413,public_area,1
image_7459_0,257,287,176,214,public_area,1
image_7459_0,257,284,40,68,service,1
image_7459_0,259,290,119,146,service,1
image_7459_0,230,324,402,464,service,1
image_7460_1,361,511,321,511,public_area,1
image_7460_1,335,461,291,349,public_area,1
image_7460_1,298,494,0,149,public_area,1
image_7460_1,363,512,105,244,public_area,1
image_7463_0,241,511,286,511,food,1
image_7463_0,208,274,214,303,food,1
image_7463_0,235,511,0,287,food,1
image_7463_0,0,128,0,399,public_area,1
image_7463_0,81,226,116,213,food,1
image_7463_1,308,508,0,194,public_area,1
image_7463_3,303,509,2,511,room,1
image_7463_5,140,159,65,119,public_area,1
image_7463_5,119,160,117,159,service,1
image_7485_0,438,512,400,511,room,1
image_7486_1,404,512,356,483,room,1
image_7487_1,320,428,285,418,food,1
image_7487_1,68,196,0,105,public_area,1
image_7487_1,338,494,138,288,food,1
image_7487_1,85,237,305,401,food,1
image_7487_1,126,258,53,232,food,1
image_7491_0,348,512,413,512,room,1
image_7491_0,294,425,207,299,room,1
image_7491_0,313,509,15,192,room,1
image_7491_0,280,413,292,416,room,1
image_7492_0,223,491,1,484,room,1
image_7493_0,300,441,455,501,room,1
image_7493_0,259,512,0,134,room,1
image_7493_1,158,512,0,71,room,1
image_7498_0,438,482,202,289,public_area,1
image_7498_0,348,421,73,112,public_area,1
image_7498_0,407,512,435,495,public_area,1
image_7498_1,419,511,399,462,public_area,1
image_7498_1,433,512,0,160,public_area,1
image_7498_1,451,512,467,512,public_area,1
image_7498_2,283,389,56,213,public_area,1
image_7499_2,152,511,1,498,room,1
image_7499_3,342,512,47,511,room,1
image_7499_4,1,511,5,275,room,1
image_7499_6,416,512,254,352,room,1
image_7500_0,285,436,426,512,room,1
image_7500_0,305,511,1,305,room,1
image_7501_0,411,512,235,341,public_area,1
image_7501_0,400,512,310,407,public_area,1
image_7502_0,307,463,33,370,room,1
image_7502_0,315,512,426,511,room,1
image_7502_0,132,251,443,512,room,1
image_7503_0,436,512,294,424,room,1
image_7504_0,167,205,476,512,room,1
image_7504_0,291,509,2,510,room,1
image_7504_0,214,387,485,512,room,1
image_7504_1,0,144,79,301,public_area,1
image_7504_1,0,202,329,467,public_area,1
image_7504_2,394,511,0,96,public_area,1
image_7504_2,414,512,78,238,public_area,1
image_7504_2,341,512,339,412,public_area,1
image_7504_3,331,511,149,462,public_area,1
image_7504_4,356,438,317,496,public_area,1
image_7504_4,0,371,223,511,public_area,1
image_7504_4,420,512,221,392,public_area,1
image_7504_4,307,512,161,258,public_area,1
image_7506_0,285,511,1,511,room,1
image_7507_0,434,512,4,510,room,1
image_7507_0,159,511,1,398,room,1
image_7507_0,251,462,407,502,room,1
image_7507_1,0,368,103,511,room,1
image_7528_1,77,192,365,417,public_area,1
image_7528_1,1,511,2,144,public_area,1
image_7528_1,71,351,399,511,public_area,1
image_7541_0,52,416,1,239,food,1
image_7541_0,78,385,214,512,food,1
image_7541_3,88,222,260,376,food,1
image_7541_3,221,505,105,389,food,1
image_7542_0,301,509,1,503,room,1
image_7542_1,281,360,109,198,public_area,1
image_7542_1,84,193,144,463,public_area,1
image_7545_0,421,475,388,403,food,1
image_7545_0,416,476,113,167,food,1
image_7545_0,354,430,465,512,public_area,1
image_7545_0,409,470,25,82,food,1
image_7545_0,439,504,337,390,public_area,1
image_7545_0,429,477,484,512,public_area,1
image_7545_0,468,512,110,160,food,1
image_7545_0,459,512,413,494,food,1
image_7546_1,136,340,1,511,public_area,1
image_7546_1,304,511,2,511,public_area,1
image_7547_0,311,488,472,512,room,1
image_7547_0,258,400,0,209,room,1
image_7547_1,264,508,1,511,room,1
image_7571_0,261,267,326,351,room,1
image_7571_0,128,347,350,427,room,1
image_7571_1,348,512,334,420,room,1
image_7571_3,396,511,36,511,room,1
image_7571_3,294,403,344,415,room,1
image_7571_4,23,208,18,89,room,1
image_7571_4,295,434,370,453,room,1
image_7571_4,133,357,181,483,room,1
image_7571_4,375,401,323,355,room,1
image_7571_4,252,497,387,512,room,1
image_7571_5,253,382,278,346,room,1
image_7571_5,235,511,337,511,room,1
image_7571_5,198,359,146,433,room,1
image_7572_0,177,317,340,511,room,1
image_7572_0,331,494,0,122,room,1
image_7572_1,190,511,166,511,room,1
image_7572_1,302,512,0,142,room,1
image_7572_2,107,511,1,239,room,1
image_7572_2,226,511,93,511,room,1
image_7572_3,179,218,223,283,room,1
image_7572_3,298,306,182,257,room,1
image_7572_3,210,218,120,137,room,1
image_7572_3,315,512,325,501,room,1
image_7572_3,245,454,9,125,room,1
image_7588_0,413,511,2,196,room,1
image_7588_0,419,512,321,494,room,1
image_7588_1,240,509,1,510,room,1
image_7588_2,413,512,0,58,room,1
image_7588_2,350,511,205,512,room,1
image_7588_4,255,316,245,270,public_area,1
image_7588_4,252,346,471,512,public_area,1
image_7588_4,290,327,285,384,public_area,1
image_7588_4,309,381,0,65,public_area,1
image_7589_0,177,248,489,508,public_area,1
image_7593_0,92,507,1,512,room,1
image_7613_1,1,508,1,510,room,1
image_7614_0,266,435,17,427,room,1
image_7623_0,231,413,0,133,room,1
image_7623_0,238,450,143,493,room,1
image_7623_1,354,431,402,512,room,1
image_7623_1,367,405,279,315,room,1
image_7623_1,275,306,252,301,room,1
image_7623_1,407,511,0,511,room,1
image_7623_1,324,410,325,363,room,1
image_7631_0,242,511,1,510,room,1
image_7631_0,184,284,396,472,room,1
image_7631_0,155,312,69,421,room,1
image_7670_3,2,509,3,510,room,1
image_7683_0,229,511,1,511,room,1
image_7684_0,453,512,419,512,room,1
image_7685_0,73,511,215,466,public_area,1
image_7685_1,260,287,240,252,public_area,1
image_7685_1,264,288,214,229,public_area,1
image_7685_1,264,288,194,208,public_area,1
image_7685_2,323,512,0,202,room,1
image_7685_2,205,476,10,337,room,1
image_7685_2,202,429,260,511,room,1
image_7685_3,328,355,392,401,room,1
image_7685_3,366,459,338,415,room,1
image_7685_3,437,512,1,334,room,1
image_7685_3,211,294,434,512,room,1
image_7685_4,422,504,443,512,room,1
image_7685_4,321,379,432,451,room,1
image_7685_4,169,249,172,303,room,1
image_7712_0,243,431,14,275,room,1
image_7712_0,387,443,273,313,room,1
image_7712_0,441,471,169,205,room,1
image_7716_0,380,512,1,125,room,1
image_7716_1,241,277,490,512,public_area,1
image_7716_1,237,271,434,457,public_area,1
image_7716_1,236,275,461,484,public_area,1
image_7716_1,234,267,336,355,public_area,1
image_7716_1,235,269,367,387,public_area,1
image_7716_1,235,268,398,420,public_area,1
image_7716_2,180,488,0,172,public_area,1
image_7716_4,359,392,397,418,public_area,1
image_7716_4,361,395,428,449,public_area,1
image_7716_4,361,398,459,484,public_area,1
image_7716_6,242,361,401,478,public_area,1
image_7716_6,238,328,267,320,public_area,1
image_7716_6,256,353,452,512,public_area,1
image_7716_6,231,332,297,354,public_area,1
image_7716_6,229,322,245,282,public_area,1
image_7716_6,232,352,357,423,public_area,1
image_7717_1,167,225,1,95,public_area,1
image_7717_1,207,511,203,511,public_area,1
image_7717_1,30,262,58,206,public_area,1
image_7718_1,428,512,225,512,room,1
image_7718_1,263,386,336,512,room,1
image_7718_1,173,457,1,363,room,1
image_7718_2,348,512,0,304,room,1
image_7719_0,1,146,425,512,public_area,1
image_7719_0,28,166,110,264,food,1
image_7729_1,0,188,272,512,public_area,1
image_7729_2,387,512,237,375,room,1
image_7729_3,348,398,391,445,public_area,1
image_7729_3,290,410,346,399,public_area,1
image_7730_0,365,512,80,163,public_area,1
image_7730_0,415,456,279,305,public_area,1
image_7731_0,211,395,0,73,room,1
image_7731_0,246,511,248,512,room,1
image_7732_1,0,129,383,512,public_area,1
image_7732_1,218,281,243,320,food,1
image_7732_1,160,281,0,144,food,1
image_7732_1,162,281,333,489,food,1
image_7732_1,0,121,174,391,public_area,1
image_7733_0,182,298,338,437,room,1
image_7733_0,178,499,1,346,room,1
image_7734_0,300,349,199,266,food,1
image_7734_0,133,215,382,480,public_area,1
image_7734_0,71,166,163,272,public_area,1
image_7734_0,350,416,213,334,food,1
image_7734_0,152,245,132,304,public_area,1
image_7734_0,303,360,324,373,public_area,1
image_7734_0,133,210,0,170,public_area,1
image_7734_0,436,512,83,174,food,1
image_7734_0,103,183,333,371,public_area,1
image_7734_0,444,512,217,401,food,1
image_7734_0,354,437,346,470,food,1
image_7734_0,187,312,139,277,public_area,1
image_7735_1,255,341,311,362,public_area,1
image_7735_1,279,355,355,448,public_area,1
image_7735_2,178,265,364,492,public_area,1
image_7735_2,200,305,225,300,public_area,1
image_7735_2,263,381,327,488,public_area,1
image_7735_2,230,291,309,354,public_area,1
image_7736_0,41,68,126,173,public_area,1
image_7736_0,145,172,362,410,public_area,1
image_7736_0,346,512,53,510,public_area,1
image_7738_0,217,510,4,507,room,1
image_7738_1,304,511,121,376,room,1
image_7738_2,306,474,85,159,room,1
image_7738_2,359,511,387,512,room,1
image_7802_0,399,427,239,271,public_area,1
image_7802_0,383,444,186,248,public_area,1
image_7802_0,406,439,439,478,public_area,1
image_7802_0,400,435,287,322,public_area,1
image_7802_0,404,435,339,376,public_area,1
image_7802_0,405,437,389,425,public_area,1
image_7803_0,376,511,286,511,room,1
image_7803_0,359,512,1,314,room,1
image_7803_0,336,425,408,435,room,1
image_7804_0,254,311,48,106,public_area,1
image_7804_0,256,286,124,176,public_area,1
image_7804_0,348,410,437,511,public_area,1
image_7804_0,118,192,398,512,public_area,1
image_7804_2,220,236,51,87,public_area,1
image_7804_2,214,232,90,112,public_area,1
image_7804_2,184,218,66,118,public_area,1
image_7804_2,177,214,127,175,public_area,1
image_7804_2,192,206,10,59,public_area,1
image_7804_2,212,228,130,172,public_area,1
image_7805_0,250,324,92,142,public_area,1
image_7805_0,258,293,391,418,public_area,1
image_7805_0,252,299,266,299,public_area,1
image_7805_0,213,340,0,82,public_area,1
image_7805_0,248,303,147,252,public_area,1
image_7805_2,440,466,441,466,public_area,1
image_7805_3,332,512,0,131,public_area,1
image_7805_3,291,372,231,374,public_area,1
image_7805_3,274,420,453,512,public_area,1
image_7805_3,296,458,308,468,public_area,1
image_7805_6,352,408,276,396,public_area,1
image_7805_6,349,401,123,164,public_area,1
image_7805_6,235,345,0,30,public_area,1
image_7805_6,281,347,43,59,public_area,1
image_7812_0,309,511,1,394,public_area,1
image_7812_0,436,512,241,511,public_area,1
image_7812_2,0,243,13,252,public_area,1
image_7812_3,283,342,396,416,public_area,1
image_7812_3,281,338,70,94,public_area,1
image_7812_3,149,349,115,308,public_area,1
image_7812_4,366,417,446,512,public_area,1
image_7812_4,268,377,172,314,public_area,1
image_7812_5,249,307,380,397,public_area,1
image_7812_5,93,326,42,270,public_area,1
image_7835_0,306,368,0,44,room,1
image_7835_0,339,512,223,512,room,1
image_7835_0,315,468,116,402,room,1
image_7836_0,249,266,265,274,room,1
image_7836_0,216,314,425,512,room,1
image_7836_0,255,289,200,259,room,1
image_7836_0,393,512,0,216,room,1
image_7836_2,288,318,12,38,room,1
image_7836_2,258,279,170,184,room,1
image_7836_2,185,204,190,202,room,1
image_7836_2,272,339,80,179,room,1
image_7836_2,164,303,313,495,room,1
image_7836_3,199,245,443,486,room,1
image_7836_3,211,290,318,361,room,1
image_7836_3,196,253,414,458,room,1
image_7837_0,384,412,0,43,public_area,1
image_7837_0,493,512,80,169,public_area,1
image_7837_0,398,467,0,62,public_area,1
image_7837_0,440,512,1,102,public_area,1
image_7838_0,89,226,129,408,food,1
image_7838_0,59,253,0,222,food,1
image_7838_0,0,182,400,512,food,1
image_7838_0,169,491,149,481,food,1
image_7838_3,295,322,163,198,public_area,1
image_7838_3,299,322,56,75,service,1
image_7838_3,300,343,346,363,public_area,1
image_7838_3,289,323,139,165,service,1
image_7839_0,293,373,411,511,public_area,1
image_7839_0,392,512,0,93,public_area,1
image_7839_0,309,434,269,406,public_area,1
image_7839_0,337,493,146,290,public_area,1
image_7839_2,374,511,155,367,public_area,1
image_7839_2,132,250,430,484,public_area,1
image_7839_2,173,204,169,199,public_area,1
image_7839_2,182,203,139,158,public_area,1
image_7839_2,214,239,6,69,public_area,1
image_7839_2,288,419,3,69,public_area,1
image_7839_2,243,449,17,512,public_area,1
image_7839_3,261,275,229,244,service,1
image_7839_3,382,511,1,249,public_area,1
image_7839_3,283,362,370,485,public_area,1
image_7839_3,251,281,427,446,public_area,1
image_7839_3,400,512,391,512,public_area,1
image_7839_3,290,364,119,238,public_area,1
image_7839_3,277,309,274,306,public_area,1
image_7839_3,325,468,0,56,public_area,1
image_7840_0,266,291,288,317,public_area,1
image_7840_0,267,319,312,330,service,1
image_7840_0,274,315,57,82,public_area,1
image_7840_0,423,512,310,512,public_area,1
image_7840_0,428,511,159,370,public_area,1
image_7840_0,306,436,200,511,public_area,1
image_7840_1,135,164,21,67,public_area,1
image_7840_1,135,157,347,429,public_area,1
image_7840_1,107,130,261,290,public_area,1
image_7840_1,141,193,218,268,public_area,1
image_7840_1,138,202,278,357,public_area,1
image_7840_1,97,160,59,105,public_area,1
image_7840_1,148,180,400,475,public_area,1
image_7840_1,148,202,115,220,public_area,1
image_7840_1,158,226,0,172,public_area,1
image_7840_1,248,351,134,300,food,1
image_7840_1,177,241,333,512,public_area,1
image_7840_2,249,274,125,163,public_area,1
image_7840_2,278,297,51,154,public_area,1
image_7840_2,286,346,422,512,public_area,1
image_7840_2,288,363,131,244,public_area,1
image_7840_2,129,305,1,86,service,1
image_7840_2,340,485,382,512,public_area,1
image_7840_2,361,426,187,294,food,1
image_7840_2,345,402,1,66,food,1
image_7840_2,275,371,356,425,public_area,1
image_7840_3,391,512,263,511,public_area,1
image_7840_3,341,390,460,494,public_area,1
image_7840_3,345,408,80,210,public_area,1
image_7840_3,345,389,404,436,public_area,1
image_7840_3,350,429,314,404,public_area,1
image_7841_0,321,391,0,87,public_area,1
image_7841_0,379,493,317,419,public_area,1
image_7841_0,349,511,191,376,public_area,1
image_7841_0,380,488,437,492,public_area,1
image_7841_0,415,512,363,467,public_area,1
image_7842_2,161,511,1,512,room,1
image_7842_2,76,159,320,431,room,1
image_7843_0,397,427,208,229,public_area,1
image_7843_0,371,396,50,75,public_area,1
image_7843_0,408,454,19,65,public_area,1
image_7843_0,402,453,116,203,public_area,1
image_7843_0,381,399,0,17,service,1
image_7843_0,421,480,221,316,public_area,1
image_7843_0,404,434,312,337,public_area,1
image_7843_0,464,512,124,226,public_area,1
image_7843_0,452,512,0,88,public_area,1
image_7843_1,433,468,142,207,public_area,1
image_7843_1,387,451,201,230,public_area,1
image_7843_1,434,490,0,17,public_area,1
image_7843_1,437,467,270,324,public_area,1
image_7843_1,393,433,396,424,public_area,1
image_7843_1,446,487,422,447,public_area,1
image_7844_2,325,345,296,323,public_area,1
image_7844_2,337,355,341,372,food,1
image_7844_2,293,340,444,501,public_area,1
image_7844_2,246,295,0,27,service,1
image_7844_4,232,323,198,262,food,1
image_7844_4,352,409,204,267,food,1
image_7844_4,398,459,157,216,food,1
image_7844_4,161,191,385,445,food,1
image_7844_4,87,102,432,468,food,1
image_7844_4,166,200,226,272,food,1
image_7844_4,120,132,485,509,public_area,1
image_7844_5,155,178,35,75,food,1
image_7844_5,90,126,100,180,food,1
image_7844_5,161,181,0,30,food,1
image_7844_5,111,143,0,64,food,1
image_7844_5,177,236,0,117,food,1
image_7844_5,111,151,122,215,food,1
image_7844_5,136,194,156,273,food,1
image_7844_5,378,475,282,383,food,1
image_7844_5,379,474,175,274,food,1
image_7844_5,357,444,79,175,food,1
image_7844_5,364,442,390,491,food,1
image_7845_0,470,512,173,199,public_area,1
image_7868_0,430,468,88,148,public_area,1
image_7868_0,447,484,46,93,public_area,1
image_7868_0,359,410,400,457,public_area,1
image_7868_0,393,504,202,277,public_area,1
image_7868_0,402,454,178,203,public_area,1
image_7878_0,310,399,459,512,room,1
image_7878_0,278,386,383,461,room,1
image_7878_0,262,511,83,400,room,1
image_7878_1,317,421,451,512,room,1
image_7878_1,263,511,48,395,room,1
image_7878_1,285,392,378,455,room,1
image_7879_1,353,510,1,511,room,1
image_7879_1,297,383,219,284,room,1
image_7879_1,184,261,6,132,room,1
image_7879_1,310,454,349,462,room,1
image_7879_3,316,450,362,498,public_area,1
image_7879_3,302,397,59,199,public_area,1
image_7879_3,294,379,217,411,public_area,1
image_7879_3,288,437,0,94,public_area,1
image_7879_4,265,323,0,133,public_area,1
image_7879_4,384,447,328,354,public_area,1
image_7880_0,241,345,435,512,public_area,1
image_7880_0,238,284,363,406,public_area,1
image_7880_0,252,292,212,253,public_area,1
image_7880_0,259,384,225,318,public_area,1
image_7880_0,317,374,368,438,public_area,1
image_7881_0,280,303,54,118,public_area,1
image_7881_0,230,293,129,207,public_area,1
image_7881_0,255,299,32,72,public_area,1
image_7881_0,200,235,346,401,public_area,1
image_7881_0,240,308,263,280,public_area,1
image_7881_0,249,322,350,384,public_area,1
image_7881_0,302,494,5,220,public_area,1
image_7882_0,242,274,68,91,room,1
image_7882_0,256,510,1,511,room,1
image_7882_1,251,449,160,243,room,1
image_7882_1,298,408,29,117,room,1
image_7882_2,316,511,138,430,room,1
image_7882_3,314,512,0,56,room,1
image_7882_4,189,226,308,333,public_area,1
image_7882_4,197,292,395,512,public_area,1
image_7882_4,202,244,153,209,public_area,1
image_7882_4,197,340,194,254,public_area,1
image_7882_5,161,181,335,343,public_area,1
image_7882_5,126,144,333,340,public_area,1
image_7882_5,86,108,336,343,public_area,1
image_7882_5,197,218,280,291,public_area,1
image_7882_5,159,180,280,302,public_area,1
image_7882_5,121,143,281,290,public_area,1
image_7882_5,123,143,294,320,public_area,1
image_7882_5,197,218,296,340,public_area,1
image_7882_5,183,259,0,114,public_area,1
image_7882_5,254,511,1,173,public_area,1
image_7882_6,197,244,54,91,public_area,1
image_7882_6,118,218,0,69,public_area,1
image_7882_6,390,511,0,510,public_area,1
image_7882_6,0,261,460,512,public_area,1
image_7882_6,228,379,264,480,public_area,1
image_7882_6,271,511,438,512,public_area,1
image_7882_6,210,258,129,254,public_area,1
image_7909_0,280,317,221,310,public_area,1
image_7909_0,271,341,376,512,public_area,1
image_7909_0,264,361,0,44,public_area,1
image_7909_0,270,309,306,373,public_area,1
image_7909_0,267,321,160,226,public_area,1
image_7909_0,337,430,459,512,food,1
image_7909_0,307,511,115,511,public_area,1
image_7909_1,298,378,272,454,food,1
image_7909_1,219,460,5,167,food,1
image_7910_1,436,512,415,512,public_area,1
image_7910_1,440,512,2,80,public_area,1
image_7911_2,311,339,347,367,public_area,1
image_7911_2,318,361,257,297,public_area,1
image_7911_2,314,353,294,323,public_area,1
image_7911_2,319,497,55,245,public_area,1
image_7912_0,414,484,166,290,public_area,1
image_7912_0,434,511,424,511,public_area,1
image_7912_0,418,477,68,108,public_area,1
image_7912_0,424,488,333,405,public_area,1
image_7912_0,417,512,0,88,public_area,1
image_7913_0,294,355,0,212,room,1
image_7913_0,313,491,212,369,room,1
image_7913_1,190,316,1,80,public_area,1
image_7913_2,24,370,121,377,public_area,1
image_7914_1,392,512,1,384,room,1
image_7914_1,334,493,392,512,room,1
image_7914_2,368,512,0,509,room,1
image_7915_0,275,343,437,512,room,1
image_7915_0,219,384,60,297,room,1
image_7915_0,284,511,0,258,room,1
image_7916_0,193,230,386,397,public_area,1
image_7916_0,155,182,417,452,public_area,1
image_7916_0,153,175,355,402,public_area,1
image_7916_0,114,143,320,330,public_area,1
image_7916_0,258,297,40,71,public_area,1
image_7916_0,281,340,446,467,public_area,1
image_7916_0,320,511,0,257,public_area,1
image_7918_0,291,371,103,164,public_area,1
image_7918_0,299,446,156,355,public_area,1
image_7918_0,339,511,277,511,public_area,1
image_7918_0,302,384,0,76,public_area,1
image_7922_0,213,302,79,169,food,1
image_7922_0,16,102,101,229,food,1
image_7922_0,0,99,359,458,food,1
image_7922_0,0,108,454,512,food,1
image_7922_0,0,104,251,336,food,1
image_7922_1,385,512,184,392,food,1
image_7922_1,74,351,72,425,food,1
image_7923_0,230,436,241,499,room,1
image_7923_0,260,354,1,96,room,1
image_7923_0,244,329,151,231,room,1
image_7923_1,311,511,271,511,room,1
image_7923_1,284,404,0,84,room,1
image_7923_1,264,375,177,264,room,1
image_7957_1,403,443,62,121,room,1
image_7957_1,412,512,104,397,room,1
image_7957_4,229,407,44,286,room,1
image_7957_4,243,511,187,500,room,1
image_7959_0,281,445,0,166,room,1
image_7959_0,259,512,117,511,room,1
image_7961_1,259,304,115,145,room,1
image_7961_1,273,320,67,101,room,1
image_7961_1,284,512,40,432,room,1
image_7961_2,77,234,56,209,room,1
image_7975_0,0,157,0,511,public_area,1
image_7975_0,268,484,110,435,food,1
image_7975_3,322,401,134,195,public_area,1
image_7975_3,325,396,329,387,public_area,1
image_7975_3,304,400,223,289,public_area,1
image_7975_6,299,340,476,510,public_area,1
image_7975_6,84,373,49,427,public_area,1
image_7977_2,364,433,99,156,public_area,1
image_7978_0,219,267,353,431,room,1
image_7978_0,305,350,111,238,room,1
image_7978_0,309,495,0,262,room,1
image_7978_1,396,418,378,409,room,1
image_7979_0,241,463,51,348,room,1
image_7979_0,328,512,119,290,room,1
image_7979_1,285,444,145,240,public_area,1
image_7979_1,258,430,258,492,public_area,1
image_7979_1,297,480,338,509,public_area,1
image_7979_2,378,440,379,504,room,1
image_7980_1,344,392,244,412,room,1
image_7980_1,304,376,395,494,room,1
image_7980_3,205,256,287,378,public_area,1
image_7980_3,265,304,43,72,public_area,1
image_7980_3,134,171,46,69,public_area,1
image_7980_3,238,258,226,246,public_area,1
image_7980_3,256,292,90,114,public_area,1
image_7980_3,133,165,84,129,public_area,1
image_7980_3,136,173,0,42,public_area,1
image_7980_3,116,163,127,165,public_area,1
image_7981_0,449,512,8,511,room,1
image_7981_0,288,484,55,461,room,1
image_7981_2,305,465,0,193,public_area,1
image_7981_2,237,313,0,163,public_area,1
image_7981_2,251,438,225,399,public_area,1
image_7981_2,246,337,183,269,public_area,1
image_7982_1,486,512,186,237,food,1
image_7982_1,164,245,127,169,public_area,1
image_7982_1,242,264,308,326,public_area,1
image_7982_1,293,379,382,512,public_area,1
image_7982_1,202,235,365,398,public_area,1
image_7982_1,486,512,241,290,food,1
image_7982_1,298,402,198,327,public_area,1
image_7982_1,424,451,76,114,food,1
image_7982_1,443,512,56,109,food,1
image_7982_2,144,234,459,512,public_area,1
image_7982_2,140,212,431,497,public_area,1
image_7982_2,240,422,0,117,public_area,1
image_7982_2,422,511,325,403,food,1
image_7982_2,403,500,185,308,food,1
image_7983_1,320,393,16,213,public_area,1
image_7984_0,88,422,3,275,room,1
image_7984_0,158,263,321,404,room,1
image_7986_1,117,203,51,88,room,1
image_7986_1,217,297,97,206,room,1
image_7986_1,207,359,243,512,room,1
image_7986_2,280,410,119,240,public_area,1
image_7986_2,260,380,485,512,public_area,1
image_7986_2,277,395,10,105,public_area,1
image_7986_2,255,412,318,425,public_area,1
image_7986_3,291,313,0,63,public_area,1
image_7986_3,282,296,155,189,public_area,1
image_8006_0,269,324,23,122,public_area,1
image_8006_0,233,352,106,225,public_area,1
image_8006_0,221,277,0,72,public_area,1
image_8006_0,217,298,185,280,public_area,1
image_8006_0,225,265,267,365,public_area,1
image_8006_0,275,339,0,56,public_area,1
image_8006_0,180,207,345,363,public_area,1
image_8006_0,248,280,55,99,public_area,1
image_8006_0,173,250,100,164,public_area,1
image_8006_0,238,296,313,379,public_area,1
image_8010_0,194,511,1,445,room,1
image_8010_1,299,511,1,134,room,1
image_8010_1,251,285,251,271,room,1
image_8010_1,272,309,272,376,room,1
image_8010_2,329,511,366,512,room,1
image_8010_2,357,406,0,60,room,1
image_8010_2,395,512,1,273,room,1
image_8010_2,206,321,116,282,room,1
image_8010_3,283,367,203,329,public_area,1
image_8010_3,209,288,211,328,public_area,1
image_8010_3,215,277,150,218,public_area,1
image_8010_3,215,237,127,155,public_area,1
image_8010_3,123,257,470,512,public_area,1
image_8010_3,209,260,12,113,public_area,1
image_8010_3,202,277,364,436,public_area,1
image_8010_3,248,301,239,304,public_area,1
image_8010_3,244,432,0,176,public_area,1
image_8010_3,251,440,359,511,public_area,1
image_8010_3,305,512,81,303,public_area,1
image_8010_4,302,326,284,326,room,1
image_8010_4,258,298,170,210,room,1
image_8010_4,294,313,252,279,room,1
image_8010_4,305,321,59,133,room,1
image_8011_0,149,479,1,259,food,1
image_8011_0,25,159,167,326,food,1
image_8011_2,236,269,202,245,public_area,1
image_8011_2,198,279,143,159,public_area,1
image_8011_2,216,265,364,385,public_area,1
image_8011_2,213,265,258,277,public_area,1
image_8011_2,221,267,449,469,public_area,1
image_8031_0,179,256,189,257,public_area,1
image_8031_0,153,263,1,60,public_area,1
image_8031_0,159,254,251,314,public_area,1
image_8032_0,273,484,105,397,room,1
image_8033_0,242,510,63,431,room,1
image_8034_0,393,511,1,289,room,1
image_8034_0,225,290,116,226,room,1
image_8034_0,337,512,322,512,room,1
image_8034_2,377,412,482,509,public_area,1
image_8034_2,402,446,380,424,public_area,1
image_8034_2,313,439,124,235,public_area,1
image_8034_2,390,421,459,489,public_area,1
image_8034_2,317,440,287,375,public_area,1
image_8035_0,145,243,52,108,public_area,1
image_8035_0,176,243,129,190,public_area,1
image_8035_0,147,232,1,57,public_area,1
image_8035_0,167,248,180,237,public_area,1
image_8036_0,220,511,40,511,room,1
image_8058_0,303,476,115,228,public_area,1
image_8058_0,330,491,305,441,public_area,1
image_8063_0,260,511,49,511,room,1
image_8075_2,228,368,0,171,public_area,1
image_8075_2,226,368,300,505,public_area,1
image_8075_3,359,441,0,87,public_area,1
image_8075_3,360,512,70,230,public_area,1
image_8075_3,360,511,322,512,public_area,1
image_8075_4,268,332,206,269,food,1
image_8075_4,209,269,230,290,food,1
image_8075_4,63,144,345,436,food,1
image_8075_4,103,193,227,322,food,1
image_8075_4,230,363,57,196,food,1
image_8091_0,220,510,1,511,room,1
image_8093_1,364,511,438,512,room,1
image_8093_1,305,418,285,354,room,1
image_8096_0,323,511,470,512,public_area,1
image_8096_0,320,370,392,418,room,1
image_8096_0,377,511,1,266,public_area,1
image_8096_0,270,403,138,218,public_area,1
image_8134_0,14,77,473,512,public_area,1
image_8145_1,318,385,278,321,room,1
image_8158_0,99,222,235,315,public_area,1
image_8158_0,117,310,0,69,public_area,1
image_8158_0,103,268,308,420,public_area,1
image_8158_0,288,412,213,285,food,1
image_8158_0,154,305,58,319,public_area,1
image_8161_0,380,512,237,511,room,1
image_8161_0,406,512,112,324,room,1
image_8161_0,423,512,1,168,room,1
image_8162_0,189,248,257,389,room,1
image_8162_0,206,311,162,356,room,1
image_8162_0,238,395,0,192,room,1
image_8162_1,141,187,324,369,room,1
image_8162_1,188,368,196,512,room,1
image_8173_0,337,386,318,384,room,1
image_8173_0,419,512,1,212,room,1
image_8174_0,340,410,442,478,public_area,1
image_8174_0,329,391,413,440,public_area,1
image_8174_0,248,294,225,274,public_area,1
image_8174_2,244,332,303,353,public_area,1
image_8174_2,265,469,12,169,public_area,1
image_8174_2,220,264,115,150,public_area,1
image_8174_2,242,373,485,512,public_area,1
image_8174_2,258,373,425,487,public_area,1
image_8174_2,403,503,260,316,public_area,1
image_8182_0,232,325,0,15,public_area,1
image_8182_0,16,72,85,143,public_area,1
image_8182_0,59,106,256,300,public_area,1
image_8182_0,39,91,177,227,public_area,1
image_8184_0,176,509,1,511,room,1
image_8218_0,107,211,209,319,public_area,1
image_8218_0,134,221,379,452,public_area,1
image_8220_0,413,512,420,512,room,1
image_8220_0,318,412,346,506,room,1
image_8220_1,264,300,252,276,room,1
image_8220_1,256,511,147,464,room,1
image_8231_0,482,512,333,348,room,1
image_8231_0,415,512,109,273,room,1
image_8255_0,250,265,132,145,public_area,1
image_8255_0,240,259,289,309,public_area,1
image_8255_0,253,283,4,32,public_area,1
image_8255_0,241,273,91,124,public_area,1
image_8255_0,214,244,134,168,public_area,1
image_8255_0,225,294,378,406,public_area,1
image_8256_0,199,347,344,508,food,1
image_8256_0,119,346,4,362,food,1
image_8256_1,16,216,10,100,room,1
image_8256_1,221,387,390,512,room,1
image_8256_1,190,220,185,198,room,1
image_8256_1,280,385,197,234,room,1
image_8256_1,351,511,451,512,room,1
image_8256_2,387,512,362,512,room,1
image_8256_2,104,161,295,332,room,1
image_8256_2,323,511,0,85,room,1
image_8256_3,265,507,1,512,room,1
image_8265_0,92,198,6,287,public_area,1
image_8265_0,245,296,262,313,public_area,1
image_8265_0,253,302,240,274,public_area,1
image_8265_0,148,221,368,396,public_area,1
image_8265_0,247,298,126,170,public_area,1
image_8265_0,305,442,0,105,public_area,1
image_8265_0,331,511,82,344,public_area,1
image_8265_1,370,413,46,68,public_area,1
image_8265_1,396,433,154,225,public_area,1
image_8265_1,385,404,441,458,public_area,1
image_8265_1,380,419,83,103,public_area,1
image_8265_1,328,437,332,434,public_area,1
image_8266_0,381,493,316,432,room,1
image_8266_0,370,512,63,193,room,1
image_8267_0,168,509,1,511,room,1
image_8285_1,381,473,73,194,room,1
image_8285_1,376,512,187,346,room,1
image_8285_2,316,511,17,480,room,1
image_8286_0,151,251,35,103,public_area,1
image_8286_0,158,237,155,206,public_area,1
image_8286_0,91,313,412,512,public_area,1
image_8286_1,369,512,60,259,room,1
image_8286_1,45,98,453,499,room,1
image_8286_1,250,384,0,272,room,1
image_8286_1,114,214,450,512,room,1
image_8286_1,77,170,73,223,room,1
image_8286_1,102,313,298,415,room,1
image_8286_1,246,357,0,76,room,1
image_8286_2,140,339,78,382,room,1
image_8286_2,156,509,227,512,room,1
image_8286_4,32,237,249,455,room,1
image_8299_1,148,225,412,435,room,1
image_8299_1,287,403,293,477,room,1
image_8299_1,243,385,97,188,room,1
image_8299_1,321,512,343,490,room,1
image_8300_0,242,511,65,422,room,1
image_8300_1,339,511,387,512,room,1
image_8300_1,337,413,245,375,room,1
image_8300_1,406,512,77,478,room,1
image_8307_0,436,512,145,183,room,1
image_8307_0,416,512,228,477,room,1
image_8307_5,164,500,406,498,public_area,1
image_8307_5,310,345,108,127,public_area,1
image_8307_5,325,371,136,151,public_area,1
image_8307_5,377,417,37,196,public_area,1
image_8307_6,429,512,87,237,public_area,1
image_8312_0,316,357,191,214,public_area,1
image_8312_0,179,200,381,487,public_area,1
image_8312_1,315,408,0,76,public_area,1
image_8312_1,365,430,120,182,public_area,1
image_8312_1,298,386,304,337,public_area,1
image_8312_1,395,470,148,212,public_area,1
image_8312_1,352,471,69,131,public_area,1
image_8312_3,297,450,0,41,room,1
image_8312_3,263,277,168,188,room,1
image_8312_3,362,478,134,233,room,1
image_8312_3,296,485,172,385,room,1
image_8312_4,273,282,255,338,room,1
image_8312_4,244,278,344,395,room,1
image_8312_5,343,393,200,238,public_area,1
image_8312_5,370,453,24,95,public_area,1
image_8312_5,461,512,114,142,public_area,1
image_8315_0,275,316,358,430,public_area,1
image_8315_0,270,312,420,455,public_area,1
image_8326_0,243,292,111,143,public_area,1
image_8326_0,240,323,75,96,public_area,1
image_8329_0,138,419,48,511,room,1
image_8340_0,199,430,217,312,room,1
image_8340_0,384,512,0,432,room,1
image_8340_2,350,511,153,278,room,1
image_8340_2,358,512,57,152,room,1
image_8340_2,159,496,379,512,room,1
image_8340_3,325,452,72,199,room,1
image_8340_3,392,511,2,507,room,1
image_8340_3,183,449,0,121,room,1
image_8340_3,280,463,310,502,room,1
image_8344_0,157,432,354,512,room,1
image_8344_0,369,512,1,260,room,1
image_8367_0,3,447,7,336,public_area,1
image_8367_0,291,337,308,490,public_area,1
image_8367_0,306,442,485,512,public_area,1
image_8367_0,276,364,0,69,public_area,1
image_8367_2,287,512,209,482,room,1
image_8367_4,173,477,0,220,public_area,1
image_8375_0,151,511,249,511,room,1
image_8375_1,171,268,204,362,room,1
image_8377_0,2,509,2,510,room,1
image_8386_0,240,344,87,282,room,1
image_8386_0,157,508,143,512,room,1
image_8386_0,230,358,0,37,room,1
image_8391_0,422,512,129,265,room,1
image_8395_1,299,323,408,426,public_area,1
image_8395_1,302,327,386,410,public_area,1
image_8395_1,313,345,217,276,public_area,1
image_8395_1,291,323,425,446,public_area,1
image_8395_2,380,407,266,294,public_area,1
image_8395_2,357,392,189,215,public_area,1
image_8396_0,339,420,176,220,public_area,1
image_8405_0,342,390,215,266,public_area,1
image_8405_0,234,286,267,317,public_area,1
image_8405_0,189,409,38,102,public_area,1
image_8406_0,411,512,0,135,public_area,1
image_8406_2,0,62,42,511,public_area,1
image_8406_2,101,237,257,437,food,1
image_8411_0,316,511,122,462,public_area,1
image_8411_0,303,472,45,202,public_area,1
image_8411_0,241,322,69,150,public_area,1
image_8411_0,250,311,0,47,public_area,1
image_8411_1,466,512,170,254,food,1
image_8411_1,295,439,9,153,food,1
image_8411_1,340,437,289,397,food,1
image_8417_0,385,512,1,497,public_area,1
image_8417_0,131,334,0,63,public_area,1
image_8432_0,213,244,159,208,public_area,1
image_8432_0,188,238,202,224,public_area,1
image_8432_0,188,212,222,240,public_area,1
image_8432_0,121,150,472,512,public_area,1
image_8432_0,184,260,388,464,public_area,1
image_8432_0,183,262,246,336,public_area,1
image_8432_0,194,267,83,121,public_area,1
image_8432_0,218,282,0,42,public_area,1
image_8432_0,206,232,358,383,public_area,1
image_8432_0,241,335,418,492,public_area,1
image_8432_0,245,321,33,114,public_area,1
image_8432_0,226,288,122,187,public_area,1
image_8432_1,184,211,201,219,public_area,1
image_8432_1,122,187,125,164,public_area,1
image_8432_1,229,337,173,216,public_area,1
image_8433_0,255,469,195,447,public_area,1
image_8433_0,178,240,0,37,public_area,1
image_8433_0,200,270,276,326,public_area,1
image_8433_0,169,284,190,304,public_area,1
image_8433_0,234,509,0,84,public_area,1
image_8433_0,223,395,32,159,public_area,1
image_8433_0,345,511,216,511,public_area,1
image_8493_0,98,506,1,511,room,1
image_8493_1,139,511,2,511,room,1
image_8493_1,72,127,129,186,room,1
image_8493_2,239,511,0,493,room,1
image_8496_0,253,298,243,299,public_area,1
image_8496_0,282,315,197,220,public_area,1
image_8496_0,255,311,125,184,public_area,1
image_8496_0,285,313,272,292,public_area,1
image_8496_0,283,310,422,476,public_area,1
image_8496_0,251,296,389,498,public_area,1
image_8496_0,286,315,227,246,public_area,1
image_8496_0,285,310,311,357,public_area,1
image_8496_0,271,293,0,15,public_area,1
image_8496_0,252,297,302,360,public_area,1
image_8496_0,295,319,129,150,public_area,1
image_8496_0,285,314,249,269,public_area,1
image_8497_0,234,343,189,318,food,1
image_8497_0,209,323,0,95,food,1
image_8497_0,81,167,159,267,food,1
image_8497_0,53,106,84,159,food,1
image_8497_1,185,511,0,68,public_area,1
image_8511_0,243,380,310,468,room,1
image_8511_0,191,511,159,229,room,1
image_8511_1,254,313,267,311,public_area,1
image_8511_1,145,253,55,107,public_area,1
image_8511_1,271,496,0,178,public_area,1
image_8511_1,8,366,330,512,public_area,1
image_8511_2,328,511,149,337,room,1
image_8511_3,85,508,2,511,room,1
image_8513_0,180,271,449,487,room,1
image_8513_0,205,257,203,298,room,1
image_8513_0,219,361,122,219,room,1
image_8513_1,336,450,240,373,room,1
image_8513_1,468,512,181,328,room,1
image_8513_1,338,397,159,186,room,1
image_8513_1,381,512,1,230,room,1
image_8513_2,306,385,16,77,room,1
image_8513_2,253,511,86,380,room,1
image_8513_3,236,322,448,476,room,1
image_8513_3,261,508,96,364,room,1
image_8569_0,154,505,1,126,room,1
image_8571_0,34,268,0,192,public_area,1
image_8571_0,233,277,297,403,public_area,1
image_8571_1,307,321,148,163,public_area,1
image_8571_1,297,307,183,195,public_area,1
image_8571_1,269,284,28,82,public_area,1
image_8571_3,382,447,0,31,public_area,1
image_8571_3,319,355,77,120,public_area,1
image_8571_3,308,347,119,137,public_area,1
image_8571_3,384,512,107,199,public_area,1
image_8571_3,293,319,158,189,public_area,1
image_8571_3,322,407,120,158,public_area,1
image_8571_3,251,302,463,512,service,1
image_8571_5,222,264,330,369,service,1
image_8571_5,220,264,367,410,service,1
image_8571_5,214,263,293,345,service,1
image_8571_6,246,511,0,244,public_area,1
image_8571_6,253,379,280,497,public_area,1
image_8571_6,248,334,160,274,public_area,1
image_8571_6,289,511,411,511,public_area,1
image_8571_6,389,512,253,352,public_area,1
image_8572_0,209,283,159,260,food,1
image_8572_0,1,169,440,512,food,1
image_8572_1,421,512,177,332,room,1
image_8572_1,383,512,1,285,room,1
image_8572_4,263,456,430,512,food,1
image_8572_4,79,368,0,276,food,1
image_8572_4,15,170,372,502,food,1
image_8573_0,195,267,115,233,room,1
image_8573_0,167,511,49,511,room,1
image_8574_0,391,512,18,149,room,1
image_8574_0,322,350,410,439,room,1
image_8574_1,319,389,233,328,room,1
image_8574_1,316,511,229,512,room,1
image_8574_2,347,373,409,418,room,1
image_8574_2,311,379,91,160,room,1
image_8574_2,345,499,134,270,room,1
image_8574_2,297,354,315,401,room,1
image_8574_2,273,314,230,273,room,1
image_8574_2,326,487,0,116,room,1
image_8574_3,296,372,185,289,room,1
image_8574_3,306,511,80,511,room,1
image_8576_0,205,511,290,511,room,1
image_8576_0,123,188,298,345,room,1
image_8576_0,129,216,231,274,room,1
image_8576_2,248,289,196,208,room,1
image_8576_2,276,512,0,477,room,1
image_8576_2,228,321,66,188,room,1
image_8576_3,452,499,304,333,room,1
image_8576_3,380,441,342,380,room,1
image_8576_3,320,387,307,369,room,1
image_8576_3,296,424,250,297,room,1
image_8576_4,267,301,146,230,room,1
image_8576_5,391,471,474,512,room,1
image_8576_5,341,471,178,265,room,1
image_8576_6,227,314,10,85,room,1
image_8576_6,191,408,266,512,room,1
image_8576_6,219,307,71,128,room,1
image_8577_0,135,261,315,476,room,1
image_8577_0,250,511,184,511,room,1
image_8578_2,1,115,291,511,room,1
image_8762_0,362,389,259,301,food,1
image_8762_0,431,512,112,261,food,1
image_8762_0,274,386,46,240,public_area,1
image_8763_1,54,200,0,101,food,1
image_8763_6,173,320,0,97,public_area,1
image_8763_6,337,449,0,185,food,1
image_8763_6,121,208,167,288,public_area,1
image_8763_6,46,172,273,376,public_area,1
image_8763_6,147,171,408,438,public_area,1
image_8763_6,132,149,417,441,public_area,1
image_8763_6,341,385,242,299,food,1
image_8763_6,135,155,367,401,public_area,1
image_8763_6,161,182,444,477,public_area,1
image_8763_6,46,291,68,219,public_area,1
image_8763_6,363,417,286,353,food,1
image_8764_2,435,511,294,353,public_area,1
image_8764_2,346,370,283,302,public_area,1
image_8765_0,224,267,255,292,public_area,1
image_8765_0,256,300,271,311,public_area,1
image_8765_0,257,290,232,264,public_area,1
image_8765_0,282,372,0,174,public_area,1
image_8767_0,155,511,2,257,room,1
image_8767_0,360,512,188,420,room,1
image_8767_1,137,505,1,226,room,1
image_8767_1,211,502,244,512,room,1
image_8768_0,458,512,183,352,room,1
image_8769_0,249,281,375,412,public_area,1
image_8769_0,252,282,337,357,public_area,1
image_8769_0,248,279,470,486,public_area,1
image_8769_0,229,267,115,204,public_area,1
image_8769_0,250,284,419,439,public_area,1
image_8769_0,262,399,0,261,public_area,1
image_8770_0,280,320,147,174,room,1
image_8770_0,323,354,160,192,room,1
image_8770_1,346,511,127,302,public_area,1
image_8770_1,323,492,228,328,public_area,1
image_8770_1,307,428,323,482,public_area,1
image_8770_1,336,512,46,208,public_area,1
image_8770_2,263,465,94,359,public_area,1
image_8770_2,231,488,295,462,public_area,1
image_8770_2,231,512,17,233,public_area,1
image_8770_4,281,296,256,327,room,1
image_8770_4,307,371,168,233,room,1
image_8770_5,132,290,476,511,room,1
image_8770_5,196,312,363,441,room,1
image_8770_5,203,269,170,265,room,1
image_8770_5,178,495,1,334,room,1
image_8770_6,300,337,290,383,public_area,1
image_8770_6,332,512,161,462,public_area,1
image_8774_0,400,477,378,512,public_area,1
image_8774_0,463,512,76,498,public_area,1
image_8774_0,340,486,303,439,public_area,1
image_8774_0,332,409,462,512,public_area,1
image_8774_0,366,512,0,128,public_area,1
image_8774_1,294,359,345,409,food,1
image_8774_1,0,140,137,344,public_area,1
image_8774_1,187,280,25,121,public_area,1
image_8774_1,224,354,222,340,food,1
image_8774_1,211,449,93,233,food,1
image_8776_0,0,120,108,511,public_area,1
image_8777_0,357,511,1,497,public_area,1
image_8777_0,0,101,336,511,public_area,1
image_8777_0,212,446,238,330,food,1
image_8777_0,0,129,1,295,public_area,1
image_8850_0,199,225,111,135,public_area,1
image_8850_0,112,150,371,410,public_area,1
image_8850_0,124,158,242,273,public_area,1
image_8850_0,116,153,302,337,public_area,1
image_8853_0,198,458,108,304,food,1
image_8853_0,124,448,366,512,food,1
image_8854_0,265,510,1,495,room,1
image_8854_1,410,512,270,360,room,1
image_8854_1,303,512,347,511,room,1
image_8854_1,303,471,27,107,room,1
image_8934_0,349,433,326,437,public_area,1
image_8934_0,411,434,428,484,public_area,1
image_8934_0,388,431,219,259,public_area,1
image_8934_0,388,432,288,323,public_area,1
image_8934_0,387,431,75,136,public_area,1
image_8934_0,386,431,142,194,public_area,1
image_8934_2,348,394,294,393,food,1
image_8934_2,1,281,221,511,public_area,1
image_8934_2,67,251,0,77,public_area,1
image_8934_2,0,120,55,124,public_area,1
image_8934_2,285,429,116,228,food,1
image_8934_4,339,378,489,512,public_area,1
image_8934_4,335,375,428,462,public_area,1
image_8934_4,331,511,0,81,public_area,1
image_8935_0,300,511,0,511,room,1
image_8936_0,191,282,0,46,public_area,1
image_8936_1,326,512,1,384,room,1
image_8936_2,293,341,89,108,room,1
image_8936_2,342,512,248,347,room,1
image_8936_4,416,512,0,180,room,1
image_8936_4,325,382,463,487,room,1
image_8938_0,250,286,295,321,room,1
image_8938_0,106,236,156,353,room,1
image_8938_0,263,494,76,225,room,1
image_8938_1,251,511,66,480,room,1
image_8938_2,205,303,290,358,public_area,1
image_8938_2,345,486,19,138,public_area,1
image_8938_2,271,353,0,47,public_area,1
image_8938_2,303,377,260,332,public_area,1
image_8938_2,295,373,386,512,public_area,1
image_8938_2,298,389,26,252,public_area,1
image_8938_2,331,512,124,435,public_area,1
image_8939_0,188,378,458,512,public_area,1
image_8939_0,205,252,79,122,public_area,1
image_8939_0,195,246,193,257,public_area,1
image_8939_0,242,473,10,470,public_area,1
image_8940_0,306,511,101,341,room,1
image_8940_0,158,328,59,207,room,1
image_8940_1,214,511,104,511,room,1
image_8942_0,338,512,1,288,room,1
image_8943_0,342,376,163,194,public_area,1
image_8943_0,332,359,185,212,public_area,1
image_8943_0,287,349,47,89,public_area,1
image_8943_0,333,389,322,355,public_area,1
image_8943_0,339,376,117,149,public_area,1
image_8943_0,308,396,364,408,public_area,1
image_8943_1,270,396,126,234,public_area,1
image_8943_2,333,512,404,512,room,1
image_8943_2,341,458,141,293,room,1
image_8943_3,141,196,195,328,public_area,1
image_8943_3,156,260,301,379,public_area,1
image_8943_3,99,166,347,403,public_area,1
image_8943_3,181,262,212,284,public_area,1
image_8943_5,267,398,470,504,room,1
image_8943_5,285,511,0,362,room,1
image_8944_0,286,458,399,512,room,1
image_8944_0,261,403,129,360,room,1
image_8944_1,287,512,1,233,room,1
image_8990_0,235,374,0,104,room,1
image_8990_0,140,511,200,511,room,1
image_8990_1,272,313,3,39,room,1
image_8990_1,432,511,1,77,room,1
image_8990_2,157,252,273,375,food,1
image_8990_2,139,309,338,420,food,1
image_8990_3,0,61,303,415,public_area,1
image_8990_3,97,250,432,512,food,1
image_8990_3,23,146,387,465,food,1
image_8990_3,60,230,295,419,food,1
image_8990_3,155,336,158,369,food,1
image_8991_1,200,510,0,511,room,1
image_8992_1,184,311,25,136,food,1
image_8992_1,373,429,218,339,food,1
image_8992_1,198,370,368,511,public_area,1
image_8992_1,150,279,300,380,food,1
image_8992_2,361,389,296,420,room,1
image_8992_2,299,486,0,101,room,1
image_9019_1,184,511,1,509,room,1
image_9020_0,170,294,278,324,room,1
image_9022_0,102,400,2,455,room,1
image_9023_0,137,249,151,350,room,1
image_9023_1,111,259,401,512,room,1
image_9023_1,422,454,323,389,room,1
image_9024_0,22,510,1,308,room,1
image_9025_0,421,511,0,32,public_area,1
image_9025_1,295,512,302,480,public_area,1
image_9026_0,174,508,5,511,room,1
image_9026_1,438,512,1,304,room,1
image_9026_1,343,371,268,300,room,1
image_9026_1,81,218,333,512,room,1
image_9026_2,392,512,234,383,room,1
image_9027_0,136,220,184,282,room,1
image_9027_0,254,320,235,262,room,1
image_9027_0,369,492,130,383,room,1
image_9027_1,437,512,131,267,room,1
image_9027_1,236,281,229,247,room,1
image_9028_0,0,234,0,225,room,1
image_9028_2,83,505,1,511,room,1
image_9028_3,402,512,120,370,room,1
image_9029_0,370,501,124,339,room,1
image_9029_1,335,471,327,511,room,1
image_9114_0,268,511,31,432,room,1
image_9114_1,164,222,315,327,room,1
image_9114_1,188,220,328,338,room,1
image_9114_1,165,223,297,310,room,1
image_9114_1,328,512,66,197,room,1
image_9115_0,183,270,419,464,room,1
image_9115_0,149,511,0,512,room,1
image_9115_1,175,511,1,473,room,1
image_9117_0,293,375,128,218,room,1
image_9117_0,275,443,169,300,room,1
image_9118_0,299,401,165,310,public_area,1
image_9118_0,249,289,81,112,public_area,1
image_9118_0,308,469,346,512,public_area,1
image_9118_0,213,332,292,385,public_area,1
image_9118_1,208,357,315,438,public_area,1
image_9118_2,246,511,1,479,room,1
image_9118_3,185,510,1,505,room,1
image_9118_4,373,512,0,161,public_area,1
image_9118_4,183,309,0,91,public_area,1
image_9118_4,281,424,47,206,public_area,1
image_9118_4,258,512,203,485,public_area,1
image_9120_1,3,508,3,510,room,1
image_9121_0,73,245,276,457,room,1
image_9121_1,1,195,1,151,room,1
image_9121_1,272,502,181,359,room,1
image_9121_1,314,479,0,225,room,1
image_9121_2,363,511,2,511,room,1
image_9121_3,421,473,306,323,room,1
image_9121_3,424,512,199,245,room,1
image_9134_0,182,226,77,151,room,1
image_9134_0,235,284,157,201,room,1
image_9134_0,215,511,76,426,room,1
image_9143_0,293,355,206,275,room,1
image_9143_0,280,359,272,368,room,1
image_9143_0,350,511,90,511,room,1
image_9143_1,301,397,0,42,room,1
image_9143_1,275,511,0,451,room,1
image_9143_2,349,404,296,398,room,1
image_9143_3,1,512,66,511,room,1
image_9143_4,271,425,0,83,room,1
image_9143_4,221,370,0,171,room,1
image_9143_4,219,511,306,512,room,1
image_9173_0,299,323,134,177,room,1
image_9173_0,251,296,432,471,room,1
image_9173_0,301,366,309,356,room,1
image_9173_1,320,509,378,512,room,1
image_9173_1,349,512,19,221,room,1
image_9173_2,297,369,369,476,room,1
image_9173_2,334,427,409,512,room,1
image_9173_2,257,447,73,362,room,1
image_9173_4,216,508,406,512,room,1
image_9173_5,393,512,77,189,room,1
image_9173_5,308,418,299,461,room,1
image_9174_0,320,509,378,512,room,1
image_9174_0,349,512,19,221,room,1
image_9174_1,379,511,312,494,public_area,1
image_9174_1,410,512,2,123,public_area,1
image_9174_1,232,376,473,512,public_area,1
image_9191_0,279,361,25,123,room,1
image_9191_0,257,292,39,81,room,1
image_9191_0,144,267,12,52,room,1
image_9191_0,280,409,57,135,room,1
image_9191_0,223,386,217,456,room,1
image_9192_1,432,512,0,380,room,1
image_9192_1,274,334,0,59,room,1
image_9192_2,259,399,121,285,room,1
image_9192_3,365,415,431,512,room,1
image_9192_3,285,369,442,467,room,1
image_9192_3,391,493,120,177,room,1
image_9192_5,450,512,6,272,room,1
image_9192_5,101,252,25,204,room,1
image_9192_5,396,487,30,61,room,1
image_9223_0,447,512,135,511,room,1
image_9223_0,407,512,20,150,room,1
image_9223_0,248,327,67,148,room,1
image_9223_0,238,328,151,298,room,1
image_9224_0,127,264,234,295,public_area,1
image_9225_0,382,512,44,161,public_area,1
image_9225_0,459,512,1,288,public_area,1
image_9225_0,361,511,129,511,public_area,1
image_9225_2,320,436,176,317,room,1
image_9225_2,290,378,85,210,room,1
image_9225_3,200,413,102,379,room,1
image_9225_4,227,421,443,512,room,1
image_9225_5,358,453,391,469,room,1
image_9225_5,310,403,311,393,room,1
image_9225_5,266,511,1,419,room,1
image_9225_6,75,199,185,335,room,1
image_9226_0,226,421,4,269,room,1
image_9226_0,244,511,167,512,room,1
image_9226_1,289,417,227,308,room,1
image_9226_1,312,394,412,512,room,1
image_9226_2,277,383,377,443,room,1
image_9226_2,135,273,170,307,room,1
image_9267_0,159,510,126,511,room,1
image_9269_0,320,511,1,505,room,1
image_9273_3,392,512,222,511,room,1
image_9285_0,237,284,266,291,room,1
image_9285_0,305,416,0,38,room,1
image_9285_0,227,263,280,300,room,1
image_9285_0,125,145,300,316,room,1
image_9285_0,281,511,341,512,room,1
image_9286_0,0,151,84,472,room,1
image_9286_1,411,512,2,336,room,1
image_9286_1,189,283,338,492,room,1
image_9287_1,1,168,33,511,room,1
image_9289_0,0,107,362,512,room,1
image_9321_0,236,511,89,511,room,1
image_9321_1,319,511,1,153,room,1
image_9321_1,203,366,338,448,room,1
image_9321_2,17,512,0,511,food,1
image_9321_2,0,147,383,512,food,1
image_9330_0,168,506,1,512,room,1
image_9341_0,354,511,347,511,public_area,1
image_9341_0,334,385,190,341,public_area,1
image_9342_0,270,369,304,451,room,1
image_9342_0,241,288,313,334,room,1
image_9342_0,304,512,70,245,room,1
image_9342_1,216,272,212,287,room,1
image_9342_1,316,511,4,457,room,1
image_9343_0,292,317,110,199,public_area,1
image_9343_0,346,510,3,418,public_area,1
image_9343_0,311,511,295,511,public_area,1
image_9343_0,322,348,196,275,public_area,1
image_9343_1,237,292,383,402,public_area,1
image_9343_1,334,428,144,176,public_area,1
image_9343_1,319,405,249,274,public_area,1
image_9343_1,344,442,77,117,public_area,1
image_9343_1,243,307,393,421,public_area,1
image_9343_1,310,394,295,317,public_area,1
image_9343_1,330,417,197,227,public_area,1
image_9343_4,33,423,175,356,public_area,1
image_9369_0,106,289,220,512,room,1
image_9369_0,136,511,1,421,room,1
image_9401_3,263,417,449,512,food,1
image_9401_3,326,452,99,215,food,1
image_9401_3,182,285,260,427,food,1
image_9401_3,61,176,164,339,food,1
image_9401_3,37,225,365,512,food,1
image_9401_3,46,258,0,150,food,1
image_9402_0,267,428,214,405,room,1
image_9402_0,378,511,216,511,room,1
image_9405_0,236,279,2,116,room,1
image_9405_0,224,295,273,368,room,1
image_9405_0,210,337,73,155,room,1
image_9405_0,186,512,111,504,room,1
image_9424_0,230,347,232,353,public_area,1
image_9433_0,157,485,1,402,room,1
image_9433_0,170,219,402,474,room,1
image_9433_0,227,299,325,374,room,1
image_9434_0,167,511,1,342,room,1
image_9447_0,90,130,256,322,public_area,1
image_9447_0,211,511,10,510,public_area,1
image_9447_0,151,243,365,512,public_area,1
image_9447_0,63,127,401,436,public_area,1
image_9447_0,140,302,0,60,public_area,1
image_9448_0,229,354,53,112,public_area,1
image_9448_0,374,512,344,511,public_area,1
image_9448_0,299,392,277,364,public_area,1
image_9448_0,317,481,104,174,public_area,1
image_9448_0,241,480,349,511,public_area,1
image_9448_0,350,509,0,186,public_area,1
image_9448_0,364,512,1,127,public_area,1
image_9449_1,210,232,250,269,room,1
image_9449_2,169,197,417,443,room,1
image_9449_2,198,310,353,512,room,1
image_9449_2,245,511,0,298,room,1
image_9449_2,196,270,122,218,room,1
image_9458_0,223,254,302,344,room,1
image_9458_0,224,253,228,280,room,1
image_9458_0,253,281,197,285,room,1
image_9458_0,158,248,340,366,room,1
image_9458_0,239,302,306,512,room,1
image_9458_0,178,279,274,307,room,1
image_9458_0,278,323,173,290,room,1
image_9460_0,189,438,64,385,room,1
image_9460_2,382,510,1,509,room,1
image_9461_0,388,501,284,317,room,1
image_9461_0,391,479,198,443,room,1
image_9461_1,386,486,0,48,room,1
image_9461_1,362,512,13,274,room,1
image_9462_0,392,512,298,512,public_area,1
image_9462_0,292,444,285,472,public_area,1
image_9463_0,177,265,113,255,room,1
image_9463_0,248,276,238,324,room,1
image_9464_2,0,33,281,443,room,1
image_9464_2,164,219,127,187,room,1
image_9464_2,71,511,334,510,room,1
image_9464_2,232,288,293,332,room,1
image_9464_2,346,374,103,232,room,1
image_9464_2,326,349,129,174,room,1
image_9506_0,171,511,1,506,room,1
image_9506_1,213,256,316,346,room,1
image_9506_1,220,265,348,384,room,1
image_9506_1,228,388,329,512,room,1
image_9506_2,296,346,262,318,room,1
image_9506_2,279,496,0,75,room,1
image_9506_2,1,176,136,394,room,1
image_9507_0,184,245,155,253,public_area,1
image_9507_0,286,364,127,163,public_area,1
image_9507_0,123,377,0,118,public_area,1
image_9507_0,372,500,66,116,public_area,1
image_9507_0,261,486,164,254,public_area,1
image_9508_0,259,403,425,510,public_area,1
image_9508_0,253,448,299,466,public_area,1
image_9510_0,280,350,0,61,public_area,1
image_9510_0,290,321,289,337,public_area,1
image_9510_0,251,386,85,157,public_area,1
image_9510_0,269,374,393,458,public_area,1
image_9510_1,289,510,1,511,room,1
image_9510_1,111,239,161,352,room,1
image_9510_1,260,399,0,62,room,1
image_9512_0,377,407,446,461,room,1
image_9512_0,172,288,433,512,room,1
image_9512_0,338,411,417,441,room,1
image_9570_0,357,377,126,142,room,1
image_9570_0,253,345,260,402,room,1
image_9570_0,337,377,101,114,room,1
image_9570_0,317,379,133,152,room,1
image_9571_0,274,508,1,165,room,1
image_9571_0,246,359,171,356,room,1
image_9571_0,260,502,256,511,room,1
image_9571_0,220,249,443,473,room,1
image_9572_0,293,415,233,328,room,1
image_9572_0,274,451,100,268,room,1
image_9572_2,299,502,230,395,room,1
image_9572_2,248,511,23,262,room,1
image_9574_0,12,507,0,511,room,1
image_9574_1,43,510,0,408,room,1
image_9577_0,236,488,0,134,room,1
image_9577_0,359,394,463,507,room,1
image_9577_0,205,352,205,453,room,1
image_9658_1,253,368,319,512,public_area,1
image_9658_1,321,453,320,394,food,1
image_9658_1,342,494,377,468,food,1
image_9658_3,283,335,90,126,public_area,1
image_9658_3,285,338,0,52,public_area,1
image_9658_4,352,445,302,456,food,1
image_9658_4,385,449,210,260,food,1
image_9658_4,328,349,317,358,food,1
image_9658_4,367,441,142,222,food,1
image_9658_4,202,340,395,512,room,1
image_9658_4,435,512,311,416,food,1
image_9660_0,22,512,2,504,food,1
image_9662_0,0,112,216,411,public_area,1
image_9662_0,39,166,47,185,food,1
image_9662_0,109,195,389,512,food,1
image_9662_0,100,119,381,420,food,1
image_9662_0,115,269,0,110,food,1
image_9662_0,112,142,364,397,food,1
image_9662_0,138,173,316,358,food,1
image_9662_0,92,215,180,323,food,1
image_9662_0,373,457,86,182,food,1
image_9662_0,373,467,0,77,food,1
image_9663_0,316,341,192,219,public_area,1
image_9663_0,318,347,121,183,public_area,1
image_9663_0,314,338,221,255,public_area,1
image_9663_1,296,317,242,261,room,1
image_9663_1,304,469,165,364,room,1
image_9663_1,279,449,273,387,room,1
image_9663_1,318,512,108,263,room,1
image_9677_0,244,270,271,279,room,1
image_9677_0,409,511,477,512,room,1
image_9677_0,224,262,236,267,room,1
image_9677_0,123,278,2,137,room,1
image_9677_1,165,511,1,306,room,1
image_9677_1,316,359,319,337,room,1
image_9677_1,375,498,318,512,room,1
image_9677_2,380,511,128,237,room,1
image_9677_2,328,512,190,348,room,1
image_9677_2,311,511,0,140,room,1
image_9677_3,271,512,346,482,room,1
image_9678_0,273,314,283,310,public_area,1
image_9678_0,253,384,103,186,public_area,1
image_9678_0,265,378,294,408,public_area,1
image_9678_0,191,234,458,493,public_area,1
image_9678_0,273,358,180,264,public_area,1
image_9678_1,365,511,4,510,public_area,1
image_9678_1,202,383,319,430,public_area,1
image_9678_1,190,387,51,207,public_area,1
image_9678_1,112,464,393,512,public_area,1
image_9678_2,333,512,7,369,public_area,1
image_9678_2,201,364,0,212,public_area,1
image_9678_2,114,377,163,351,public_area,1
image_9678_2,209,413,293,459,public_area,1
image_9685_0,267,289,352,369,room,1
image_9685_0,261,287,257,282,room,1
image_9685_0,245,287,289,322,room,1
image_9685_0,201,284,360,409,room,1
image_9685_0,229,286,148,196,room,1
image_9685_0,275,512,1,186,room,1
image_9685_0,311,512,289,433,room,1
image_9686_0,261,289,0,117,room,1
image_9686_0,185,233,294,314,room,1
image_9686_0,356,512,350,510,room,1
image_9687_1,74,512,2,511,room,1
image_9708_0,228,241,205,212,room,1
image_9708_0,227,292,217,246,room,1
image_9708_0,238,299,185,244,room,1
image_9708_0,226,298,266,304,room,1
image_9708_0,227,297,145,186,room,1
image_9708_1,429,512,100,222,room,1
image_9708_1,340,511,258,511,room,1
image_9710_0,377,512,18,344,room,1
image_9710_0,65,159,272,512,room,1
image_9710_0,130,510,142,511,room,1
image_9711_0,321,511,1,373,room,1
image_9711_1,214,249,181,225,room,1
image_9711_1,337,385,160,173,room,1
image_9711_1,397,452,132,286,room,1
image_9711_1,365,485,327,502,room,1
image_9712_0,258,275,75,109,room,1
image_9712_0,184,269,378,512,room,1
image_9712_0,341,509,1,511,room,1
image_9712_1,338,511,1,242,room,1
image_9750_1,320,512,0,149,room,1
image_9750_1,413,511,285,511,room,1
image_9750_1,279,359,168,322,room,1
image_9750_2,241,479,59,363,room,1
image_9751_0,358,468,59,239,food,1
image_9751_0,0,91,322,492,room,1
image_9751_0,236,365,99,136,food,1
image_9751_0,236,387,58,108,food,1
image_9751_0,296,386,248,367,food,1
image_9751_0,271,365,134,251,food,1
image_9752_0,382,512,1,170,room,1
image_9752_1,1,163,332,511,room,1
image_9753_0,106,226,469,512,room,1
image_9753_0,218,511,42,511,room,1
image_9767_1,347,472,344,512,room,1
image_9767_1,286,349,391,512,room,1
image_9767_1,281,328,262,285,room,1
image_9767_1,435,504,0,90,room,1
image_9767_1,373,511,376,511,room,1
image_9767_1,289,511,77,218,room,1
image_9767_2,184,510,2,511,room,1
image_9809_0,66,511,1,438,room,1
image_9809_1,213,242,348,389,room,1
image_9809_1,214,302,300,337,room,1
image_9809_1,313,511,192,511,room,1
image_9809_2,144,510,52,510,room,1
image_9809_3,134,230,164,202,room,1
image_9809_3,140,167,213,255,room,1
image_9809_3,108,511,49,511,room,1
image_9830_0,310,511,100,510,room,1
image_9830_0,178,250,92,185,room,1
image_9831_0,379,511,185,511,room,1
image_9831_2,299,511,0,448,room,1
image_9831_3,318,385,267,467,room,1
image_9831_3,260,306,296,310,room,1
image_9831_3,267,303,318,336,room,1
image_9831_3,249,299,158,245,room,1
image_9832_0,296,436,335,512,room,1
image_9832_0,245,304,446,466,room,1
image_9832_1,213,511,2,426,room,1
image_9832_2,431,512,374,511,room,1
image_9832_3,232,273,396,423,room,1
image_9832_3,311,402,61,341,room,1
image_9832_3,369,512,20,134,room,1
image_9832_3,337,500,340,506,room,1
image_9833_0,150,510,1,507,room,1
image_9833_0,147,265,65,123,room,1
image_9834_0,11,510,3,510,room,1
image_9834_0,63,173,291,426,room,1
image_9834_0,7,162,103,223,room,1
image_9835_0,110,511,391,487,room,1
image_9835_2,202,511,324,511,public_area,1
image_9836_0,159,510,1,511,room,1
image_9836_1,436,512,269,510,room,1
image_9836_2,276,507,102,293,room,1
image_9836_2,39,182,62,304,room,1
image_9836_2,281,512,244,419,room,1
image_9836_2,306,512,22,202,room,1
image_9836_3,226,322,67,123,room,1
image_9836_3,355,512,76,265,room,1
image_9837_0,427,512,2,328,room,1
image_9837_0,444,512,324,441,room,1
image_9837_0,264,311,350,374,room,1
image_9837_1,310,341,219,235,room,1
image_9837_1,303,334,175,189,room,1
image_9837_1,353,386,165,292,room,1
image_9837_1,194,244,183,259,room,1
image_9837_2,373,464,0,52,room,1
image_9837_2,386,512,333,477,room,1
image_9837_2,390,512,70,204,room,1
image_9838_0,103,241,443,491,room,1
image_9838_0,275,439,0,211,room,1
image_9838_0,290,511,324,469,room,1
image_9838_1,286,379,0,58,room,1
image_9838_1,274,373,46,130,room,1
image_9838_1,246,511,114,511,room,1
image_9838_2,279,295,337,407,room,1
image_9838_2,252,286,363,424,room,1
image_9838_3,0,510,104,511,public_area,1
image_9838_4,338,498,106,236,room,1
image_9838_4,352,512,393,512,room,1
image_9838_5,276,511,1,180,public_area,1
image_9844_0,408,491,183,208,room,1
image_9855_0,233,263,27,73,public_area,1
image_9855_0,192,229,354,412,public_area,1
image_9855_0,192,232,272,326,public_area,1
image_9855_0,225,245,309,344,public_area,1
image_9855_0,235,265,0,20,public_area,1
image_9855_0,190,241,162,229,public_area,1
image_9855_0,232,254,166,210,public_area,1
image_9855_0,193,233,126,167,public_area,1
image_9855_0,228,252,209,248,public_area,1
image_9855_0,227,247,276,314,public_area,1
image_9855_0,280,351,449,512,public_area,1
image_9855_0,121,175,396,512,public_area,1
image_9856_0,216,242,132,170,public_area,1
image_9856_0,227,244,454,470,public_area,1
image_9856_0,185,244,403,423,public_area,1
image_9856_0,226,245,421,456,public_area,1
image_9856_0,207,240,104,115,public_area,1
image_9856_0,186,240,24,43,public_area,1
image_9856_1,276,292,486,496,public_area,1
image_9856_1,236,271,293,306,public_area,1
image_9856_1,230,294,435,457,public_area,1
image_9856_3,286,324,133,148,public_area,1
image_9856_3,271,316,420,438,public_area,1
image_9856_3,264,323,70,87,public_area,1
image_9856_3,288,328,344,457,public_area,1
image_9857_0,228,451,372,512,public_area,1
image_9857_0,224,455,0,133,public_area,1
image_9857_2,336,454,310,456,public_area,1
image_9857_2,304,399,97,177,public_area,1
image_9857_2,310,483,373,512,public_area,1
image_9857_2,292,367,64,106,public_area,1
image_9857_2,287,338,371,423,public_area,1
image_9857_2,301,493,184,273,public_area,1
image_9857_4,341,512,35,147,public_area,1
image_9857_4,330,510,344,448,public_area,1
image_9857_5,335,511,1,157,room,1
image_9857_6,356,452,167,239,room,1
image_9857_6,464,512,221,326,room,1
image_9857_6,366,512,332,512,room,1
image_9857_6,353,393,28,41,room,1
image_9857_6,346,458,258,354,room,1
image_9863_0,288,314,296,308,room,1
image_9863_0,301,512,89,511,room,1
image_9863_1,51,118,367,417,room,1
image_9863_1,290,511,139,261,room,1
image_9863_2,256,511,1,511,room,1
image_9863_3,341,406,374,415,room,1
image_9863_3,410,512,54,339,room,1
image_9882_0,372,471,0,150,room,1
image_9882_1,253,372,64,481,public_area,1
image_9882_1,199,222,355,368,public_area,1
image_9882_1,212,256,165,370,public_area,1
image_9882_1,220,252,468,485,public_area,1
image_9882_1,219,253,493,510,public_area,1
image_9882_1,360,512,142,304,public_area,1
image_9882_1,352,512,338,512,public_area,1
image_9882_2,211,234,276,314,public_area,1
image_9882_2,274,439,355,421,public_area,1
image_9882_2,168,188,348,360,public_area,1
image_9882_2,250,284,39,82,public_area,1
image_9882_2,184,254,362,447,public_area,1
image_9882_2,270,415,412,492,public_area,1
image_9882_2,292,491,247,366,public_area,1
image_9882_2,315,512,57,203,public_area,1
image_9882_3,378,415,45,74,room,1
image_9882_3,356,427,120,273,room,1
image_9882_4,293,450,402,512,public_area,1
image_9882_4,407,506,2,511,public_area,1
image_9882_4,290,424,137,414,public_area,1
image_9882_4,362,511,60,196,public_area,1
image_9882_4,352,512,187,306,public_area,1
image_9883_0,144,498,107,512,food,1
image_9883_0,81,289,0,131,food,1
image_9884_0,189,248,9,112,public_area,1
image_9884_0,189,212,0,14,public_area,1
image_9884_1,272,307,0,29,public_area,1
image_9885_0,207,237,378,398,public_area,1
image_9885_0,366,504,1,141,public_area,1
image_9885_0,297,393,0,40,public_area,1
image_9885_0,200,284,156,202,public_area,1
image_9885_0,233,296,328,512,public_area,1
image_9885_0,240,264,402,429,public_area,1
image_9885_0,291,342,49,115,public_area,1
image_9885_1,189,314,415,512,public_area,1
image_9885_1,241,509,71,208,food,1
image_9885_1,178,512,198,454,food,1
image_9886_0,317,404,1,323,room,1
image_9886_0,326,511,206,351,room,1
image_9886_0,309,484,322,408,room,1
image_9886_0,344,512,55,228,room,1
image_9886_1,133,281,0,153,food,1
image_9886_1,63,390,0,277,food,1
image_9886_2,187,303,482,512,public_area,1
image_9886_2,303,351,27,397,public_area,1
image_9886_2,300,353,459,512,public_area,1
image_9886_2,330,492,152,244,public_area,1
image_9886_2,327,492,46,135,public_area,1
image_9886_2,317,443,322,421,public_area,1
image_9886_2,303,386,438,495,public_area,1
image_9886_2,321,490,236,333,public_area,1
image_9886_2,380,512,85,238,public_area,1
image_9886_2,396,511,345,511,public_area,1
image_9886_3,324,380,116,190,public_area,1
image_9886_3,349,424,194,399,public_area,1
image_9886_3,408,512,168,298,public_area,1
image_9886_3,319,440,374,457,public_area,1
image_9886_3,412,512,256,366,public_area,1
image_9886_3,374,512,1,231,public_area,1
image_9926_0,0,505,2,508,room,1
image_9949_0,273,512,270,503,public_area,1
image_9951_2,23,483,71,497,public_area,1
image_9953_0,317,438,365,512,room,1
image_9953_0,285,331,395,454,room,1
image_9953_0,319,434,28,172,room,1
image_9953_0,370,512,0,372,room,1
image_9953_0,335,435,339,418,room,1
image_9953_1,265,335,176,277,room,1
image_9953_1,269,306,450,491,room,1
image_9953_1,307,398,379,449,room,1
image_9953_1,273,511,1,325,room,1
image_9953_2,295,372,26,233,room,1
image_9953_2,271,299,171,198,room,1
image_9953_4,203,276,10,93,room,1
image_9953_4,265,477,165,511,room,1
image_9953_5,295,430,3,202,room,1
image_9954_0,295,414,0,207,room,1
image_9954_1,227,512,147,397,public_area,1
image_9954_3,226,363,120,278,room,1
image_9954_3,267,511,1,425,room,1
image_9956_0,206,330,24,101,public_area,1
image_9956_0,210,312,186,268,public_area,1
image_9956_1,62,509,187,511,public_area,1
image_9957_0,101,202,116,182,food,1
image_9957_0,177,258,161,271,food,1
image_9958_0,354,512,54,249,room,1
image_9958_1,349,483,274,382,public_area,1
image_9958_1,248,435,0,133,public_area,1
image_9958_1,284,467,372,477,public_area,1
image_9958_1,333,512,185,316,public_area,1
image_9958_2,241,373,476,512,room,1
image_9958_2,255,374,426,511,room,1
image_9958_2,175,511,1,389,room,1
image_9958_3,240,512,58,511,room,1
image_9959_0,281,297,457,494,room,1
image_9959_0,282,511,1,490,room,1
image_9974_0,1,372,2,494,public_area,1
image_9974_1,413,456,343,377,public_area,1
image_9974_1,337,510,23,248,public_area,1
image_9974_1,151,511,326,511,public_area,1
image_9993_0,226,510,0,212,public_area,1
image_9993_0,218,339,314,424,public_area,1
image_9994_0,440,512,345,498,public_area,1
image_10019_0,105,261,81,359,room,1
image_10028_0,265,370,370,486,room,1
image_10028_0,187,328,3,112,room,1
image_10028_1,429,511,6,484,public_area,1
image_10028_1,362,485,31,306,public_area,1
image_10028_2,395,512,397,479,room,1
image_10028_2,320,352,290,302,room,1
image_10028_2,352,378,260,344,room,1
image_10028_2,258,511,63,210,room,1
image_10028_2,196,245,117,204,room,1
image_10029_0,249,289,274,389,room,1
image_10029_0,135,265,139,290,room,1
image_10029_0,259,494,98,367,room,1
image_10029_0,182,296,254,361,room,1
image_10029_0,118,210,482,512,room,1
image_10029_1,182,292,186,348,room,1
image_10029_1,260,444,211,512,room,1
image_10029_2,200,208,390,423,room,1
image_10029_2,236,337,271,405,room,1
image_10029_2,302,511,0,224,room,1
image_10029_2,192,265,65,169,room,1
image_10030_0,67,98,278,300,public_area,1
image_10030_0,152,202,104,150,public_area,1
image_10030_0,90,133,113,165,public_area,1
image_10030_0,244,401,385,512,public_area,1
image_10030_0,199,316,233,369,public_area,1
image_10030_0,245,511,1,287,public_area,1
image_10030_1,463,512,262,366,room,1
image_10030_1,409,511,419,512,room,1
image_10030_1,294,375,0,41,room,1
image_10030_1,403,437,172,248,room,1
image_10030_1,427,512,90,263,room,1
image_10032_0,302,494,451,512,public_area,1
image_10033_0,339,512,48,354,room,1
image_10033_1,381,510,2,510,room,1
image_10033_1,285,388,32,196,room,1
image_10049_0,384,512,35,233,room,1
image_10049_2,367,511,0,135,room,1
image_10050_0,412,512,378,471,room,1
image_10050_1,321,380,411,445,room,1
image_10050_1,346,393,434,472,room,1
image_10050_1,424,512,256,456,room,1
image_10050_1,379,512,105,273,room,1
image_10050_2,110,509,1,511,room,1
image_10050_3,237,511,183,511,room,1
image_10051_1,4,167,186,511,room,1
image_10051_1,211,511,1,255,room,1
image_10052_0,0,27,193,220,room,1
image_10052_0,14,105,464,490,room,1
image_10052_0,64,274,235,420,room,1
image_10052_0,88,201,357,477,room,1
image_10052_5,190,511,1,512,room,1
image_10053_0,179,252,24,65,room,1
image_10053_0,258,510,141,473,room,1
image_10053_1,374,388,210,237,room,1
image_10053_1,344,385,182,196,room,1
image_10053_1,427,512,119,241,room,1
image_10053_2,268,292,152,171,room,1
image_10053_2,307,490,205,351,room,1
image_10053_2,326,421,102,232,room,1
image_10054_0,81,263,0,122,room,1
image_10054_1,397,512,222,371,room,1
image_10054_1,343,453,21,203,room,1
image_10054_4,365,512,111,259,room,1
image_10100_0,416,488,136,263,food,1
image_10100_0,360,413,60,162,food,1
image_10100_0,474,512,190,303,food,1
image_10100_0,374,428,425,496,food,1
image_10100_0,478,512,102,168,food,1
image_10100_0,417,452,271,322,food,1
image_10100_0,451,512,326,488,food,1
image_10100_0,350,372,276,303,food,1
image_10100_0,350,404,164,259,food,1
image_10100_0,408,477,330,464,food,1
image_10100_0,234,338,197,358,public_area,1
image_10100_0,410,493,12,147,food,1
image_10100_0,356,411,298,412,food,1
image_10100_0,433,512,0,68,food,1
image_10140_0,375,430,133,151,room,1
image_10140_0,373,427,155,172,room,1
image_10140_0,358,512,192,511,room,1
image_10141_0,422,441,2,27,room,1
image_10141_0,344,443,207,283,room,1
image_10141_0,195,355,22,270,room,1
image_10142_0,292,325,203,219,room,1
image_10142_0,236,300,82,185,room,1
image_10142_1,349,465,289,480,room,1
image_10142_1,359,512,75,250,room,1
image_10142_2,286,362,89,156,room,1
image_10142_2,282,511,121,511,room,1
image_10142_3,273,327,250,297,room,1
image_10142_3,282,351,156,208,room,1
image_10142_3,267,511,276,511,room,1
image_10142_4,292,348,462,502,room,1
image_10142_4,322,511,0,58,room,1
image_10142_4,222,354,188,256,room,1
image_10142_4,178,286,312,433,room,1
image_10143_1,172,275,247,318,room,1
image_10143_1,195,218,125,133,room,1
image_10143_1,266,469,0,74,room,1
image_10143_1,193,286,0,74,room,1
image_10143_1,126,345,378,512,room,1
image_10143_2,127,218,218,276,room,1
image_10143_2,202,346,0,79,room,1
image_10143_2,150,209,1,67,room,1
image_10143_2,153,511,300,512,room,1
image_10143_3,269,512,83,233,room,1
image_10143_4,73,510,1,168,room,1
image_10143_4,137,229,196,225,room,1
image_10143_4,222,357,101,360,room,1
image_10144_0,374,452,344,512,room,1
image_10144_0,341,379,329,376,room,1
image_10144_0,347,384,289,324,room,1
image_10144_1,351,512,2,301,room,1
image_10145_0,163,386,140,504,room,1
image_10146_0,78,509,0,512,room,1
image_10146_1,383,423,368,399,room,1
image_10146_1,230,370,72,288,room,1
image_10147_0,309,342,363,383,room,1
image_10147_0,317,456,235,327,room,1
image_10147_0,315,453,409,512,room,1
image_10147_1,292,445,165,507,room,1
image_10147_2,247,284,479,512,room,1
image_10147_2,272,382,385,512,room,1
image_10147_2,243,473,221,345,room,1
image_10147_3,204,509,1,511,room,1
image_10147_4,209,511,322,511,room,1
image_10209_0,219,281,90,132,public_area,1
image_10209_0,280,512,0,146,public_area,1
image_10209_0,316,498,386,470,public_area,1
image_10209_0,358,511,435,512,public_area,1
image_10209_0,279,402,160,225,public_area,1
image_10219_0,132,496,1,510,room,1
image_10220_0,95,141,131,403,room,1
image_10220_1,178,381,178,328,room,1
image_10222_0,292,512,1,343,room,1
image_10222_1,245,457,261,337,room,1
image_10223_0,203,512,46,397,room,1
image_10223_0,47,511,398,511,room,1
image_10223_1,345,512,2,510,room,1
image_10224_1,272,511,1,512,room,1
image_10224_4,180,511,67,463,room,1
image_10231_0,343,510,386,512,public_area,1
image_10231_0,290,510,0,116,public_area,1
image_10231_0,261,512,156,408,public_area,1
image_10231_0,437,498,371,422,public_area,1
image_10231_0,410,472,59,139,public_area,1
image_10242_1,223,346,384,512,room,1
image_10242_2,3,509,2,512,room,1
image_10242_3,1,509,2,511,room,1
image_10251_1,47,511,2,511,room,1
image_10251_2,158,358,247,511,room,1
image_10251_2,68,281,0,254,room,1
image_10293_0,68,205,385,511,public_area,1
image_10293_0,183,222,355,370,public_area,1
image_10293_0,204,236,226,238,public_area,1
image_10293_0,338,511,78,511,public_area,1
image_10293_0,179,220,389,401,public_area,1
image_10293_0,267,348,331,512,public_area,1
image_10293_0,282,359,26,127,public_area,1
image_10294_0,350,389,261,282,public_area,1
image_10294_0,350,401,294,349,public_area,1
image_10294_0,402,482,339,402,public_area,1
image_10294_0,320,397,106,151,public_area,1
image_10299_0,454,489,150,197,room,1
image_10299_0,317,473,0,20,room,1
image_10299_0,482,512,156,511,room,1
image_10300_0,480,512,228,368,food,1
image_10300_0,346,427,120,208,food,1
image_10300_0,309,438,193,332,food,1
image_10300_0,414,512,171,300,food,1
image_10300_1,357,512,287,512,room,1
image_10300_3,297,462,350,512,room,1
image_10300_3,381,510,1,511,room,1
image_10300_3,313,472,0,141,room,1
image_10300_5,326,433,444,512,room,1
image_10300_5,356,510,2,511,room,1
image_10300_5,269,309,323,337,room,1
image_10300_5,131,271,38,260,room,1
image_10301_2,48,77,204,260,food,1
image_10301_2,89,119,132,208,food,1
image_10301_2,146,205,380,465,food,1
image_10301_2,172,245,321,411,food,1
image_10301_2,251,457,353,512,food,1
image_10301_2,128,499,0,365,food,1
image_10301_4,236,338,0,153,public_area,1
image_10303_2,371,393,273,310,room,1
image_10303_2,405,512,0,278,room,1
image_10319_0,308,395,0,81,room,1
image_10319_1,293,512,203,451,public_area,1
image_10319_1,156,507,442,512,public_area,1
image_10319_2,107,220,432,512,room,1
image_10319_2,150,509,58,325,room,1
image_10319_3,433,511,1,509,room,1
image_10319_4,331,453,0,63,room,1
image_10319_4,348,471,53,155,room,1
image_10319_4,67,151,0,63,room,1
image_10319_4,335,478,140,225,room,1
image_10319_5,168,216,197,218,room,1
image_10319_5,199,262,152,285,room,1
image_10319_5,13,86,449,478,room,1
image_10319_5,454,512,0,50,room,1
image_10319_6,218,251,273,335,room,1
image_10319_6,285,361,104,249,room,1
image_10319_6,118,155,426,441,room,1
image_10322_0,249,498,1,228,room,1
image_10323_1,84,511,296,511,room,1
image_10324_0,0,510,291,509,room,1
image_10342_0,310,403,37,157,room,1
image_10342_0,348,474,391,478,room,1
image_10342_0,460,512,391,511,room,1
image_10350_0,229,270,132,152,room,1
image_10350_0,309,510,3,510,room,1
image_10351_0,358,375,193,215,public_area,1
image_10351_0,276,303,237,246,public_area,1
image_10351_0,281,304,188,194,public_area,1
image_10351_0,428,512,89,397,public_area,1
image_10351_0,418,512,447,512,public_area,1
image_10351_2,256,511,0,445,room,1
image_10351_3,384,512,230,407,room,1
image_10351_4,30,64,458,487,public_area,1
image_10351_4,287,398,247,394,food,1
image_10351_4,78,200,430,512,public_area,1
image_10351_4,85,181,314,432,public_area,1
image_10351_4,241,342,421,507,food,1
image_10351_5,348,414,362,470,room,1
image_10352_0,352,379,187,206,room,1
image_10352_0,323,359,105,165,room,1
image_10352_0,379,479,106,258,room,1
image_10352_1,266,352,19,124,room,1
image_10352_1,335,512,0,163,room,1
image_10352_1,225,446,212,487,room,1
image_10353_0,401,512,0,70,public_area,1
image_10353_0,244,456,169,361,public_area,1
image_10353_0,318,512,27,187,public_area,1
image_10353_0,22,511,285,511,public_area,1
image_10353_2,324,427,390,512,public_area,1
image_10353_2,253,340,430,499,public_area,1
image_10353_2,206,348,316,376,public_area,1
image_10353_2,256,282,382,411,public_area,1
image_10353_2,346,411,305,376,public_area,1
image_10353_2,253,349,139,187,public_area,1
image_10353_3,249,511,4,311,room,1
image_10353_3,252,511,340,493,room,1
image_10354_0,247,265,56,92,room,1
image_10354_0,297,442,467,512,room,1
image_10354_0,416,512,92,284,room,1
image_10354_0,459,512,0,104,room,1
image_10356_0,422,512,31,103,room,1
image_10359_0,1,458,1,509,room,1
image_10360_0,227,511,1,227,room,1
image_10360_0,216,511,134,511,room,1
image_10360_1,260,289,405,417,room,1
image_10360_1,232,269,314,326,room,1
image_10360_1,274,336,189,251,room,1
image_10360_1,181,275,331,440,room,1
image_10360_1,198,510,1,250,room,1
image_10360_2,221,460,226,512,room,1
image_10360_2,353,512,120,186,room,1
image_10360_2,340,512,0,252,room,1
image_10360_3,148,180,399,416,room,1
image_10360_3,144,176,380,396,room,1
image_10360_3,246,327,62,205,room,1
image_10360_3,248,459,197,301,room,1
image_10360_4,420,512,350,512,room,1
image_10360_5,209,248,213,225,room,1
image_10360_5,264,359,292,318,room,1
image_10360_5,310,381,169,225,room,1
image_10361_0,414,512,39,161,room,1
image_10361_0,468,512,177,393,room,1
image_10361_0,382,512,0,92,room,1
image_10361_0,408,512,326,511,room,1
image_10361_0,362,511,130,246,room,1
image_10361_1,213,246,333,366,room,1
image_10361_1,372,512,121,275,room,1
image_10361_1,386,506,0,125,room,1
image_10361_2,403,511,289,511,room,1
image_10361_2,383,512,1,264,room,1
image_10388_0,476,512,299,511,room,1
image_10388_0,123,320,74,313,room,1
image_10389_1,0,331,84,223,room,1
image_10389_3,187,232,173,206,room,1
image_10389_3,0,67,144,332,room,1
image_10389_4,271,383,68,121,public_area,1
image_10389_4,266,349,110,154,public_area,1
image_10389_4,284,425,358,451,public_area,1
image_10389_4,262,475,154,333,public_area,1
image_10389_4,289,512,0,80,public_area,1
image_10389_5,258,333,35,117,public_area,1
image_10389_5,266,374,136,334,public_area,1
image_10426_0,445,512,20,482,room,1
image_10426_0,197,285,73,198,room,1
image_10426_1,439,512,142,207,room,1
image_10428_0,417,512,1,220,room,1
image_10428_0,305,400,6,70,room,1
image_10451_0,191,240,116,158,public_area,1
image_10451_0,235,366,0,70,public_area,1
image_10451_0,333,511,305,512,public_area,1
image_10451_0,238,342,92,175,public_area,1
image_10451_0,246,276,290,331,public_area,1
image_10451_0,304,368,488,512,public_area,1
image_10451_0,244,273,179,198,public_area,1
image_10451_1,299,403,448,512,public_area,1
image_10451_1,66,266,291,481,public_area,1
image_10463_0,251,283,293,325,room,1
image_10463_0,241,293,222,295,room,1
image_10463_0,255,368,288,386,room,1
image_10463_0,211,448,0,289,room,1
image_10464_0,240,383,87,215,room,1
image_10464_0,140,507,262,512,room,1
image_10484_0,399,415,187,215,public_area,1
image_10484_0,463,512,445,510,public_area,1
image_10484_0,366,394,467,479,public_area,1
image_10484_0,409,498,92,147,public_area,1
image_10484_1,284,324,275,286,room,1
image_10484_1,312,323,294,377,room,1
image_10484_1,314,327,231,317,room,1
image_10484_1,350,423,226,264,room,1
image_10484_1,270,388,0,109,room,1
image_10484_1,197,366,86,175,room,1
image_10485_0,336,512,0,170,room,1
image_10485_0,300,512,243,511,room,1
image_10485_0,204,341,79,150,room,1
image_10485_1,303,355,248,379,public_area,1
image_10485_1,324,370,318,475,public_area,1
image_10485_1,299,380,135,207,public_area,1
image_10485_1,278,337,52,132,public_area,1
image_10485_1,172,290,0,62,public_area,1
image_10486_0,379,512,316,511,room,1
image_10486_0,271,290,311,328,room,1
image_10486_0,135,397,376,512,room,1
image_10487_0,274,467,273,455,room,1
image_10487_0,304,511,1,345,room,1
image_10487_1,258,312,379,512,room,1
image_10488_0,291,387,53,333,room,1
image_10488_0,339,511,1,325,room,1
image_10488_0,196,357,336,411,room,1
image_10488_1,272,509,0,387,room,1
image_10504_0,345,410,499,512,room,1
image_10504_0,304,511,0,339,room,1
image_10504_1,0,208,0,202,room,1
image_10504_1,207,240,491,505,room,1
image_10504_1,0,207,0,203,room,1
image_10505_0,438,510,0,89,room,1
image_10505_0,452,512,36,405,room,1
image_10505_0,120,273,251,414,room,1
image_10505_1,439,479,411,438,room,1
image_10505_1,447,512,341,454,room,1
image_10517_0,341,465,169,370,room,1
image_10518_0,303,511,0,50,room,1
image_10518_0,237,249,20,88,room,1
image_10518_0,188,257,421,512,room,1
image_10518_0,157,304,104,144,room,1
image_10557_0,410,512,1,277,room,1
image_10557_0,388,512,340,511,room,1
image_10558_0,242,281,203,267,room,1
image_10558_0,257,345,278,360,room,1
image_10558_0,240,404,0,270,room,1
image_10558_1,0,48,120,367,public_area,1
image_10558_1,84,190,21,161,food,1
image_10558_1,105,208,72,187,food,1
image_10558_1,208,394,0,213,food,1
image_10558_2,350,415,414,512,room,1
image_10558_2,427,512,311,512,room,1
image_10558_2,290,478,167,420,room,1
image_10559_0,281,293,134,166,room,1
image_10559_0,271,511,166,512,room,1
image_10559_1,358,439,403,512,room,1
image_10559_1,270,407,307,448,room,1
image_10559_1,242,511,1,323,room,1
image_10589_0,1,251,0,205,public_area,1
image_10589_0,184,237,223,282,public_area,1
image_10589_0,265,460,370,512,public_area,1
image_10589_0,210,315,282,402,public_area,1
image_10589_0,272,511,1,444,public_area,1
image_10589_0,168,339,1,259,public_area,1
image_10590_0,407,512,0,83,room,1
image_10590_0,361,512,53,281,room,1
image_10590_1,192,511,114,512,room,1
image_10592_0,414,512,63,403,public_area,1
image_10592_0,340,511,406,512,public_area,1
image_10592_0,309,422,155,283,public_area,1
image_10592_0,254,425,231,394,public_area,1
image_10592_0,290,394,104,170,public_area,1
image_10592_0,234,356,0,74,public_area,1
image_10594_0,98,258,324,484,public_area,1
image_10594_0,100,235,13,156,food,1
image_10594_0,213,488,151,385,food,1
image_10594_0,41,188,228,349,food,1
image_10594_0,81,202,150,263,food,1
image_10594_1,425,512,284,483,public_area,1
image_10594_1,294,512,0,316,public_area,1
image_10595_0,425,462,268,301,room,1
image_10595_0,246,284,194,207,room,1
image_10595_0,384,429,289,321,room,1
image_10595_0,267,328,253,272,room,1
image_10595_0,36,278,216,484,room,1
image_10595_0,258,307,279,310,room,1
image_10595_0,397,445,323,357,room,1
image_10595_1,214,510,0,371,room,1
image_10595_1,242,381,326,403,room,1
image_10596_0,363,511,243,511,room,1
image_10596_0,320,512,0,124,room,1
image_10596_0,118,336,214,319,room,1
image_10597_0,316,388,0,109,room,1
image_10597_0,376,512,0,188,room,1
image_10598_0,283,305,263,296,room,1
image_10598_0,397,511,75,511,room,1
image_10598_0,243,332,128,166,room,1
image_10598_0,285,352,208,259,room,1
image_10598_0,313,411,403,512,room,1
image_10598_0,303,359,265,336,room,1
image_10598_1,189,511,0,511,room,1
image_10651_0,174,446,196,510,room,1
image_10661_0,362,512,0,262,room,1
image_10684_0,392,419,420,436,room,1
image_10684_0,393,511,1,482,room,1
image_10684_1,456,512,113,191,room,1
image_10730_0,269,309,369,434,public_area,1
image_10730_0,276,311,456,492,public_area,1
image_10730_0,276,313,331,364,public_area,1
image_10731_0,282,511,0,142,public_area,1
image_10732_1,389,511,1,149,room,1
image_10732_1,405,511,253,510,room,1
image_10733_0,304,511,453,512,public_area,1
image_10734_0,284,510,1,511,room,1
image_10735_0,308,444,202,295,public_area,1
image_10735_0,379,429,304,337,public_area,1
image_10736_1,4,508,1,511,room,1
image_10748_0,253,302,104,311,room,1
image_10748_0,170,404,0,99,room,1
image_10748_0,284,468,126,511,room,1
image_10752_0,282,511,0,426,room,1
image_10768_0,260,511,0,414,room,1
image_10768_1,338,375,62,79,room,1
image_10768_1,350,398,33,63,room,1
image_10768_2,371,399,185,207,room,1
image_10768_2,349,396,140,155,room,1
image_10768_2,356,392,153,167,room,1
image_10768_2,52,110,0,50,room,1
image_10768_2,196,318,17,177,room,1
image_10768_4,240,295,205,240,room,1
image_10768_4,398,444,60,90,room,1
image_10768_4,439,512,0,119,room,1
image_10768_5,30,158,102,360,room,1
image_10768_5,162,276,457,512,room,1
image_10768_5,144,460,32,460,room,1
image_10768_6,154,256,73,317,room,1
image_10768_6,290,373,77,460,room,1
image_10793_1,330,512,401,511,room,1
image_10796_0,262,287,99,114,public_area,1
image_10796_0,221,253,0,28,public_area,1
image_10796_0,114,388,283,511,public_area,1
image_10796_0,208,264,97,115,public_area,1
image_10796_0,126,254,131,303,public_area,1
image_10796_0,280,318,268,298,public_area,1
image_10796_0,246,279,167,192,public_area,1
image_10796_0,298,343,175,206,public_area,1
image_10803_0,155,277,491,512,room,1
image_10803_0,158,321,177,471,room,1
image_10803_0,174,490,1,377,room,1
image_10804_0,236,278,342,357,room,1
image_10804_0,235,277,324,339,room,1
image_10804_2,219,511,41,511,room,1
image_10825_0,445,495,186,215,public_area,1
image_10825_0,370,505,231,332,public_area,1
image_10826_0,132,160,312,329,room,1
image_10826_0,268,349,454,512,room,1
image_10826_0,283,512,179,331,room,1
image_10826_1,249,484,161,462,room,1
image_10826_1,237,271,191,281,room,1
image_10826_1,395,511,306,511,room,1
image_10826_1,361,440,373,480,room,1
image_10826_2,220,511,131,482,room,1
image_10826_2,297,341,396,444,room,1
image_10826_2,338,512,1,167,room,1
image_10827_0,335,512,305,511,room,1
image_10827_1,253,264,359,371,room,1
image_10827_1,166,502,1,315,room,1
image_10827_2,297,423,1,140,room,1
image_10827_2,306,463,170,314,room,1
image_10827_2,200,304,321,485,room,1
image_10827_3,182,510,1,336,room,1
image_10828_0,241,372,200,293,room,1
image_10828_0,82,100,236,261,room,1
image_10828_3,316,397,333,371,room,1
image_10868_1,2,510,3,510,room,1
image_10870_0,348,460,125,225,room,1
image_10870_0,323,512,185,341,room,1
image_10870_1,220,511,77,511,room,1
image_10870_2,379,436,34,54,room,1
image_10870_2,401,512,1,216,room,1
image_10870_2,291,340,133,182,room,1
image_10870_3,300,328,258,424,room,1
image_10870_3,155,170,336,373,room,1
image_10870_3,139,154,314,336,room,1
image_10870_3,267,308,283,300,room,1
image_10920_0,389,423,344,376,public_area,1
image_10920_0,401,450,450,503,public_area,1
image_10920_0,392,425,383,411,public_area,1
image_10920_0,408,437,325,351,public_area,1
image_10920_0,414,445,309,335,public_area,1
image_10920_1,244,404,171,410,room,1
image_10920_1,278,324,91,133,room,1
image_10920_1,285,376,10,91,room,1
image_10930_0,179,315,414,512,room,1
image_10930_1,344,373,463,473,room,1
image_10930_1,304,406,347,439,room,1
image_10930_1,174,251,164,256,room,1
image_10930_1,377,510,88,511,room,1
image_10930_2,179,315,414,512,room,1
image_10931_0,1,512,3,453,room,1
image_10933_0,2,510,1,239,room,1
image_10933_2,131,510,75,510,room,1
image_10935_0,0,90,232,320,room,1
image_10935_0,16,440,2,511,room,1
image_10936_0,463,511,1,50,room,1
image_10937_0,44,206,77,200,room,1
image_10937_1,198,336,449,512,room,1
image_10937_1,104,198,463,512,room,1
image_10937_2,171,421,182,307,room,1
image_10938_0,113,267,42,469,room,1
image_10938_0,235,510,55,511,room,1
image_10939_4,228,247,152,164,room,1
image_10939_4,188,219,155,165,room,1
image_10939_4,237,279,131,219,room,1
image_10939_5,343,475,5,124,room,1
image_10939_5,3,511,39,510,room,1
image_10940_0,301,511,1,511,room,1
image_10940_1,350,511,5,408,room,1
image_10940_1,271,314,439,467,room,1
image_10940_1,298,419,416,512,room,1
image_10995_0,143,159,497,510,public_area,1
image_10995_0,341,510,268,510,public_area,1
image_10995_0,264,385,396,512,public_area,1
image_10995_0,268,511,77,360,public_area,1
image_11005_0,143,254,22,127,room,1
image_11005_0,188,511,49,511,room,1
image_11005_0,100,209,125,507,room,1
image_11005_0,149,318,77,168,room,1
image_11005_2,223,512,1,511,room,1
image_11005_3,388,511,3,508,room,1
image_11007_0,162,372,449,512,public_area,1
image_11007_0,347,507,1,139,public_area,1
image_11007_1,257,287,276,334,public_area,1
image_11007_2,350,510,1,130,public_area,1
image_11007_3,307,512,0,241,public_area,1
image_11007_4,313,512,0,228,public_area,1
image_11008_0,299,500,404,512,public_area,1
image_11008_0,420,512,0,163,public_area,1
image_11009_1,447,472,310,340,room,1
image_11009_1,389,512,1,256,room,1
image_11009_1,432,473,266,279,room,1
image_11010_0,395,512,0,114,room,1
image_11010_0,358,512,128,510,room,1
image_11061_0,329,372,443,501,room,1
image_11061_0,296,355,0,18,room,1
image_11061_0,351,508,1,511,room,1
image_11061_0,260,319,188,231,room,1
image_11061_0,293,404,40,211,room,1
image_11061_0,339,454,0,150,room,1
image_11061_0,318,395,209,305,room,1
image_11064_0,320,442,207,295,room,1
image_11064_0,256,335,53,128,room,1
image_11064_0,231,425,0,79,room,1
image_11064_0,279,495,306,512,room,1
image_11086_0,383,485,497,512,room,1
image_11086_0,160,195,22,51,room,1
image_11086_0,283,325,258,361,room,1
image_11095_0,388,457,435,512,room,1
image_11095_0,283,387,0,321,room,1
image_11095_0,381,512,307,477,room,1
image_11095_1,309,446,0,62,room,1
image_11095_1,345,511,389,512,room,1
image_11095_1,276,351,20,86,room,1
image_11095_1,260,318,104,155,room,1
image_11095_1,241,320,182,309,room,1
image_11095_1,249,413,233,470,room,1
image_11096_0,283,509,58,154,room,1
image_11096_0,329,512,31,202,room,1
image_11096_0,202,448,98,461,room,1
image_11096_1,233,504,297,449,room,1
image_11096_1,221,284,234,286,room,1
image_11096_1,472,512,370,511,room,1
image_11096_1,245,367,0,52,room,1
image_11096_1,201,305,276,364,room,1
image_11096_1,190,279,148,226,room,1
image_11096_2,287,383,0,159,room,1
image_11096_2,314,487,150,299,room,1
image_11123_0,461,512,445,467,public_area,1
image_11124_0,171,204,159,182,room,1
image_11124_0,356,505,300,426,room,1
image_11124_1,224,511,1,273,room,1
image_11125_1,317,389,0,63,public_area,1
image_11125_1,336,413,341,400,public_area,1
image_11125_1,314,397,80,119,public_area,1
image_11125_1,298,339,104,443,public_area,1
image_11125_1,412,511,177,292,public_area,1
image_11125_1,385,512,352,512,public_area,1
image_11125_1,405,509,269,416,public_area,1
image_11125_1,332,467,122,190,public_area,1
image_11125_2,12,505,0,509,room,1
image_11133_0,50,428,314,512,room,1
image_11133_0,179,296,30,148,room,1
image_11133_0,109,201,153,286,room,1
image_11133_1,97,144,264,278,room,1
image_11133_1,181,512,1,425,room,1
image_11134_0,199,508,1,511,room,1
image_11137_0,276,380,88,147,room,1
image_11137_0,289,368,50,90,room,1
image_11139_0,277,371,137,281,room,1
image_11139_0,259,316,353,416,room,1
image_11139_1,308,511,2,510,room,1
image_11139_2,440,483,168,189,room,1
image_11139_2,423,499,187,206,room,1
image_11139_2,382,476,135,164,room,1
image_11139_2,71,262,357,512,room,1
image_11140_1,99,152,219,260,room,1
image_11140_1,98,202,251,298,room,1
image_11140_2,151,511,262,512,room,1
image_11140_5,1,267,327,511,room,1
image_11140_5,0,281,17,348,room,1
image_11171_0,0,303,169,377,public_area,1
image_11171_2,221,275,24,56,public_area,1
image_11172_1,381,487,112,214,public_area,1
image_11172_2,367,398,320,345,public_area,1
image_11172_2,378,405,159,176,public_area,1
image_11172_2,361,397,85,103,public_area,1
image_11172_2,368,405,226,250,public_area,1
image_11172_2,362,404,178,214,public_area,1
image_11180_0,1,255,134,512,room,1
image_11180_1,182,510,2,483,room,1
image_11180_3,321,512,211,339,room,1
image_11188_1,231,332,391,465,room,1
image_11188_1,235,367,121,227,room,1
image_11188_1,233,357,260,393,room,1
image_11188_3,279,373,74,150,public_area,1
image_11188_3,237,306,9,61,public_area,1
image_11209_0,264,326,225,252,public_area,1
image_11209_0,210,366,272,351,public_area,1
image_11209_0,378,440,185,256,public_area,1
image_11209_0,301,364,29,77,public_area,1
image_11209_0,317,512,269,511,public_area,1
image_11210_0,102,223,0,33,room,1
image_11210_0,343,510,1,511,room,1
image_11211_3,322,453,20,252,room,1
image_11212_0,279,354,137,272,room,1
image_11212_0,290,408,19,93,room,1
image_11212_0,273,507,137,429,room,1
image_11212_1,284,320,92,104,room,1
image_11212_1,272,340,226,351,room,1
image_11212_1,279,369,144,195,room,1
image_11212_1,268,495,240,512,room,1
image_11212_2,273,354,316,512,room,1
image_11212_2,263,316,247,287,room,1
image_11212_2,295,511,124,511,room,1
image_11212_2,178,245,12,128,room,1
image_11212_3,225,259,367,379,room,1
image_11212_3,318,353,63,77,room,1
image_11212_3,218,261,382,402,room,1
image_11212_3,330,407,15,148,room,1
image_11212_3,354,512,189,273,room,1
image_11213_0,258,340,293,347,room,1
image_11213_0,262,512,0,462,room,1
image_11214_0,144,327,358,512,room,1
image_11214_0,174,295,262,330,room,1
image_11214_1,124,229,385,469,room,1
image_11214_1,270,512,1,448,room,1
image_11214_2,0,220,420,512,room,1
image_11214_3,264,405,386,457,room,1
image_11214_4,434,512,1,228,room,1
image_11214_4,269,417,222,301,room,1
image_11271_0,389,511,1,511,room,1
image_11271_0,110,146,176,211,room,1
image_11271_0,278,396,323,409,room,1
image_11271_0,216,279,146,242,room,1
image_11273_0,337,404,47,100,public_area,1
image_11274_0,185,512,1,396,room,1
image_11274_1,355,512,31,246,room,1
image_11274_1,301,370,272,370,room,1
image_11289_0,369,511,158,512,room,1
image_11300_0,245,478,28,329,room,1
image_11324_0,69,511,3,509,food,1
image_11324_0,20,109,87,239,food,1
image_11324_1,486,512,342,439,public_area,1
image_11324_2,0,166,203,348,public_area,1
image_11324_2,201,252,150,202,public_area,1
image_11324_2,256,341,263,337,public_area,1
image_11324_2,132,210,76,197,public_area,1
image_11324_2,131,220,0,53,public_area,1
image_11324_2,130,218,405,478,public_area,1
image_11324_2,135,210,293,403,public_area,1
image_11324_2,414,512,56,292,food,1
image_11324_2,298,376,148,258,food,1
image_11324_4,231,511,95,466,room,1
image_11337_0,292,453,364,487,room,1
image_11337_0,239,388,174,405,room,1
image_11348_1,239,417,169,307,room,1
image_11348_1,166,487,303,512,room,1
image_11348_1,193,511,0,264,room,1
image_11348_2,244,511,72,511,room,1
image_11349_0,360,445,252,312,room,1
image_11349_0,301,396,38,63,room,1
image_11349_0,314,391,309,401,room,1
image_11349_0,396,512,73,125,room,1
image_11349_0,332,454,162,253,room,1
image_11349_0,375,512,312,511,room,1
image_11349_1,2,169,2,512,public_area,1
image_11350_0,254,305,0,59,public_area,1
image_11350_0,301,352,17,101,public_area,1
image_11350_0,288,328,135,204,public_area,1
image_11350_0,295,348,213,308,public_area,1
image_11350_0,218,318,44,179,service,1
image_11350_1,46,101,376,402,public_area,1
image_11350_1,121,176,161,178,public_area,1
image_11350_1,134,170,133,158,public_area,1
image_11350_1,254,309,347,469,public_area,1
image_11350_1,55,106,428,459,public_area,1
image_11350_2,14,510,59,509,food,1
image_11350_3,210,260,120,157,public_area,1
image_11350_3,367,512,0,175,food,1
image_11350_3,198,247,347,397,food,1
image_11350_3,160,205,414,512,food,1
image_11363_0,321,417,14,94,room,1
image_11363_0,307,419,99,306,food,1
image_11363_0,437,496,0,36,food,1
image_11363_0,120,322,175,282,room,1
image_11363_0,410,491,133,227,food,1
image_11363_0,432,485,37,99,food,1
image_11363_0,0,100,349,511,room,1
image_11363_0,294,398,311,350,room,1
image_11379_1,153,508,3,511,room,1
image_11404_1,290,459,454,511,public_area,1
image_11404_1,301,406,364,429,public_area,1
image_11404_1,341,512,329,449,public_area,1
image_11404_2,347,478,160,342,public_area,1
image_11407_0,295,502,14,127,room,1
image_11407_0,265,511,229,511,room,1
image_11407_1,308,511,1,510,room,1
image_11431_0,191,264,88,123,room,1
image_11431_0,245,512,176,511,room,1
image_11432_0,236,283,137,170,room,1
image_11432_0,194,486,1,510,room,1
image_11444_0,286,512,7,512,room,1
image_11460_0,251,507,0,478,room,1
image_11460_0,99,208,421,512,room,1
image_11460_1,180,271,210,274,room,1
image_11460_1,182,283,76,151,room,1
image_11460_1,213,511,112,512,room,1
image_11461_0,313,457,0,135,room,1
image_11461_0,391,511,0,69,room,1
image_11461_0,292,472,186,512,room,1
image_11461_0,117,191,178,265,room,1
image_11461_0,342,509,194,359,room,1
image_11468_0,257,338,284,317,public_area,1
image_11468_0,247,309,340,364,public_area,1
image_11468_0,256,336,285,334,public_area,1
image_11481_1,268,309,319,358,room,1
image_11481_1,275,313,134,152,room,1
image_11491_0,328,512,2,392,room,1
image_11491_1,286,511,1,384,room,1
image_11502_0,271,511,281,456,room,1
image_11502_0,202,225,313,329,room,1
image_11502_0,341,512,27,227,room,1
image_11502_1,2,510,1,511,room,1
image_11539_0,160,346,39,159,room,1
image_11539_0,101,141,158,219,room,1
image_11539_0,189,299,220,320,room,1
image_11539_1,195,356,477,512,room,1
image_11539_1,12,101,398,484,room,1
image_11539_1,143,455,31,390,room,1
image_11539_2,93,152,0,54,room,1
image_11539_2,235,427,107,272,room,1
image_11540_0,1,510,4,510,room,1
image_11572_0,409,465,174,227,food,1
image_11572_0,294,439,284,350,food,1
image_11572_0,1,257,1,247,public_area,1
image_11572_0,326,383,196,286,food,1
image_11572_0,279,322,230,301,food,1
image_11572_0,293,340,169,248,food,1
image_11572_0,279,416,342,409,food,1
image_11583_0,99,120,110,132,public_area,1
image_11583_0,98,119,81,104,public_area,1
image_11583_0,197,284,33,82,public_area,1
image_11583_1,161,375,0,115,public_area,1
image_11583_1,282,427,59,114,public_area,1
image_11583_1,192,252,118,191,public_area,1
image_11583_1,187,279,240,332,service,1
image_11583_1,299,464,95,174,public_area,1
image_11583_1,273,465,395,512,public_area,1
image_11583_1,323,512,150,281,public_area,1
image_11583_2,298,390,94,151,room,1
image_11583_2,206,318,286,367,room,1
image_11583_2,279,512,126,512,room,1
image_11585_1,1,507,52,455,room,1
image_11585_2,405,511,0,131,room,1
image_11585_2,55,240,351,424,room,1
image_11585_2,183,510,133,511,room,1
image_11587_0,274,510,2,510,room,1
image_11587_1,50,123,382,424,room,1
image_11587_1,99,267,170,433,room,1
image_11588_1,161,509,1,489,room,1
image_11588_1,67,221,140,246,room,1
image_11589_1,2,511,157,510,room,1
image_11589_2,200,426,360,512,room,1
image_11590_0,302,395,86,200,room,1
image_11590_2,0,502,1,208,room,1
image_11623_0,212,359,437,512,public_area,1
image_11623_0,154,276,362,464,public_area,1
image_11639_0,286,328,275,300,room,1
image_11639_0,348,409,187,294,room,1
image_11639_0,304,400,105,213,room,1
image_11662_0,0,25,229,320,food,1
image_11662_0,0,45,315,429,food,1
image_11662_0,90,142,179,271,food,1
image_11662_0,49,104,218,301,food,1
image_11662_0,47,99,132,214,food,1
image_11662_0,0,268,374,512,food,1
image_11662_0,139,497,0,419,food,1
image_11662_1,206,404,162,460,public_area,1
image_11682_0,269,418,384,512,room,1
image_11682_0,220,323,240,352,room,1
image_11682_0,191,511,1,404,room,1
image_11682_1,186,353,157,207,room,1
image_11682_2,284,438,0,88,room,1
image_11682_2,294,512,36,307,room,1
image_11695_0,359,492,57,315,room,1
image_11695_0,318,511,383,511,room,1
image_11695_1,366,512,68,223,room,1
image_11695_1,342,384,23,49,room,1
image_11695_1,135,251,176,343,room,1
image_11695_1,325,364,91,111,room,1
image_11695_2,313,335,346,384,room,1
image_11695_2,265,511,2,446,room,1
image_11695_4,242,326,403,443,room,1
image_11695_4,394,512,50,167,room,1
image_11704_0,473,512,310,399,room,1
image_11704_0,432,490,205,255,room,1
image_11710_0,3,508,2,511,room,1
image_11726_1,310,393,0,64,room,1
image_11757_1,401,512,351,511,room,1
image_11757_3,0,509,1,509,room,1
image_11758_0,136,356,103,353,room,1
image_11758_1,314,337,440,459,room,1
image_11758_1,277,327,465,487,room,1
image_11758_1,315,510,404,512,room,1
image_11758_1,50,510,1,284,room,1
image_11777_0,399,511,402,512,room,1
image_11777_0,247,357,311,361,room,1
image_11780_0,434,486,274,294,public_area,1
image_11780_0,391,512,213,283,public_area,1
image_11781_0,151,511,25,512,room,1
image_11781_2,104,248,41,149,room,1
image_11781_2,195,258,334,395,room,1
image_11781_2,297,512,211,366,room,1
image_11781_2,0,160,83,320,room,1
image_11781_3,145,278,124,246,room,1
image_11781_3,244,378,33,159,room,1
image_11781_3,46,204,280,347,room,1
image_11781_3,72,232,329,410,room,1
image_11781_4,315,485,138,274,room,1
image_11781_4,315,436,27,143,room,1
image_11781_5,160,509,443,512,room,1
image_11781_5,148,510,8,374,room,1
image_11781_5,123,152,228,245,room,1
image_11781_5,122,175,210,227,room,1
image_11790_0,315,510,1,489,public_area,1
image_11790_0,0,386,159,482,public_area,1
image_11790_0,143,322,0,85,public_area,1
image_11790_0,135,325,86,428,public_area,1
image_11796_0,0,75,196,288,public_area,1
image_11796_0,74,167,114,288,public_area,1
image_11796_0,74,157,455,512,public_area,1
image_11796_0,124,164,349,447,food,1
image_11796_0,266,512,114,417,food,1
image_11796_0,160,227,356,489,food,1
image_11796_0,121,251,0,115,public_area,1
image_11796_0,50,115,260,352,public_area,1
image_11796_0,102,254,234,328,food,1
image_11796_0,133,288,176,294,food,1
image_11797_2,188,291,347,409,room,1
image_11797_2,294,373,158,220,room,1
image_11797_2,258,370,212,281,room,1
image_11797_2,280,452,237,326,room,1
image_11797_2,256,373,88,166,room,1
image_11797_2,334,511,1,159,room,1
image_11797_4,410,512,180,311,room,1
image_11797_4,332,512,35,198,room,1
image_11797_4,344,512,301,465,room,1
image_11797_5,262,509,1,511,room,1
image_11798_0,347,368,203,224,room,1
image_11798_0,374,510,2,511,room,1
image_11799_0,493,512,2,258,room,1
image_11799_1,382,512,175,290,room,1
image_11799_1,342,493,0,50,room,1
image_11799_1,385,511,59,172,room,1
image_11800_0,435,512,11,155,public_area,1
image_11800_0,351,475,363,512,public_area,1
image_11800_0,273,310,171,204,service,1
image_11800_0,232,447,0,123,public_area,1
image_11845_0,180,273,155,367,food,1
image_11845_0,19,137,121,231,public_area,1
image_11845_0,3,39,272,290,food,1
image_11845_0,23,138,0,79,public_area,1
image_11845_0,31,135,372,464,public_area,1
image_11845_0,9,152,476,512,food,1
image_11845_0,176,230,24,155,food,1
image_11845_0,18,196,128,216,food,1
image_11845_0,147,224,431,512,public_area,1
image_11845_0,33,207,295,377,food,1
image_11845_0,220,438,320,512,food,1
image_11845_0,221,424,1,215,food,1
image_11845_1,309,511,0,255,public_area,1
image_11845_1,246,306,350,426,public_area,1
image_11845_1,263,296,464,488,public_area,1
image_11845_1,219,283,222,272,public_area,1
image_11871_0,252,511,1,435,room,1
image_11884_0,0,124,256,466,public_area,1
image_11884_0,195,284,215,284,public_area,1
image_11884_0,218,285,169,221,public_area,1
image_11884_0,263,308,464,512,food,1
image_11884_0,1,122,147,229,public_area,1
image_11884_0,227,264,115,164,food,1
image_11913_0,344,374,446,512,room,1
image_11913_0,169,246,392,433,room,1
image_11913_0,242,289,222,285,room,1
image_11913_0,372,511,0,202,room,1
image_11913_0,237,320,60,193,room,1
image_11913_0,313,511,0,241,room,1
image_11913_0,249,330,431,512,room,1
image_11913_1,206,253,133,159,room,1
image_11913_1,196,278,0,26,room,1
image_11913_1,292,353,59,135,room,1
image_11913_1,287,483,0,400,room,1
image_11914_0,292,511,1,481,room,1
image_11924_0,291,386,0,80,public_area,1
image_11924_0,315,377,92,159,public_area,1
image_11924_0,291,379,191,248,public_area,1
image_11924_0,219,248,375,424,public_area,1
image_11924_0,260,286,355,375,public_area,1
image_11924_0,240,306,0,34,public_area,1
image_11924_1,309,512,359,512,room,1
image_11924_1,172,259,254,289,room,1
image_11924_1,297,337,36,49,room,1
image_11924_1,303,443,130,218,room,1
image_11924_2,247,511,0,456,room,1
image_11924_3,259,511,0,511,room,1
image_11927_0,126,510,143,406,public_area,1
image_11927_4,218,349,202,456,public_area,1
image_11927_4,173,273,295,476,public_area,1
image_11927_4,277,510,0,220,public_area,1
image_11927_4,347,511,165,510,public_area,1
image_11927_5,42,177,302,343,food,1
image_11927_5,196,236,1,90,food,1
image_11927_5,224,250,90,121,food,1
image_11927_5,295,405,223,389,public_area,1
image_11938_0,200,511,285,511,room,1
image_11938_1,355,511,318,451,room,1
image_11938_1,313,509,0,173,room,1
image_11938_2,419,511,2,485,room,1
image_11939_0,24,292,132,511,room,1
image_11939_3,164,510,204,512,room,1
image_11951_0,167,267,442,512,room,1
image_11951_0,0,56,416,512,room,1
image_11951_0,71,510,1,187,room,1
image_11951_1,0,118,403,512,room,1
image_11951_1,1,465,3,242,room,1
image_11977_0,223,510,25,363,room,1
image_11977_1,323,365,57,76,room,1
image_11977_1,317,364,228,292,room,1
image_11977_1,263,308,190,211,room,1
image_11977_1,337,511,34,255,room,1
image_11977_1,283,357,302,389,room,1
image_11977_1,367,512,0,94,room,1
image_11995_0,228,374,0,120,room,1
image_11995_0,0,116,17,188,room,1
image_11995_1,366,505,10,345,room,1
image_11995_2,105,506,1,511,room,1
image_11995_3,357,512,10,235,room,1
image_11996_0,1,509,1,510,room,1
image_11996_3,0,202,33,253,room,1
image_11997_1,14,512,2,486,room,1
image_12016_0,208,279,189,282,room,1
image_12016_2,320,511,298,512,room,1
image_12016_2,68,463,31,512,room,1
image_12016_3,239,285,163,307,room,1
image_12016_3,193,376,352,374,room,1
image_12016_3,145,225,203,274,room,1
image_12016_3,161,178,268,295,room,1
image_12016_3,202,231,286,314,room,1
image_12016_3,231,316,221,248,room,1
image_12025_0,462,490,179,188,room,1
image_12025_0,414,512,284,354,room,1
image_12038_0,374,509,123,254,public_area,1
image_12038_0,379,512,305,450,public_area,1
image_12044_0,145,431,220,413,room,1
image_12044_0,181,216,239,267,room,1
image_12044_0,263,512,353,512,room,1
image_12044_0,129,203,271,306,room,1
image_12044_0,337,512,32,345,room,1
image_12044_2,357,511,29,512,room,1
image_12058_0,255,350,128,194,room,1
image_12058_0,307,511,1,511,room,1
image_12062_0,325,449,160,271,room,1
image_12062_0,161,239,236,349,room,1
image_12062_0,188,315,127,325,room,1
image_12062_2,62,510,104,487,room,1
image_12062_2,34,92,131,152,room,1
image_12062_2,207,299,199,239,room,1
image_12062_2,91,162,147,174,room,1
image_12062_2,111,313,53,149,room,1
image_12062_4,277,341,113,156,room,1
image_12062_4,260,301,347,376,room,1
image_12062_4,209,317,265,322,room,1
image_12062_5,280,352,100,184,room,1
image_12072_0,192,294,292,332,public_area,1
image_12072_0,161,331,436,501,public_area,1
image_12072_0,0,378,0,233,public_area,1
image_12073_0,96,510,1,437,room,1
image_12083_0,232,309,446,497,public_area,1
image_12083_0,458,512,39,86,public_area,1
image_12083_0,394,457,49,123,public_area,1
image_12088_0,403,511,1,315,room,1
image_12088_1,374,512,106,286,room,1
image_12088_1,394,512,2,116,room,1
image_12106_0,151,194,381,469,public_area,1
image_12106_0,131,163,128,140,public_area,1
image_12106_0,267,342,16,124,food,1
image_12106_0,239,298,115,200,food,1
image_12106_0,235,278,16,102,food,1
image_12106_0,242,373,268,504,food,1
image_12106_0,51,271,149,235,service,1
image_12106_0,271,370,153,292,food,1
image_12106_1,226,295,271,472,public_area,1
image_12106_1,138,255,411,490,public_area,1
image_12106_1,238,381,323,487,public_area,1
image_12106_1,293,511,112,344,public_area,1
image_12106_1,212,376,11,266,public_area,1
image_12106_2,100,409,238,350,public_area,1
image_12106_3,172,232,418,442,public_area,1
image_12106_3,191,247,447,511,public_area,1
image_12106_3,250,509,0,160,public_area,1
image_12106_4,259,463,302,410,public_area,1
image_12106_4,260,369,383,486,public_area,1
image_12106_4,401,512,3,326,public_area,1
image_12106_4,188,345,216,291,public_area,1
image_12106_4,338,438,183,226,food,1
image_12106_4,280,511,441,512,public_area,1
image_12107_0,209,511,1,511,room,1
image_12107_1,370,512,141,342,room,1
image_12107_1,266,481,295,495,room,1
image_12107_1,58,374,213,313,room,1
image_12107_1,108,373,107,211,room,1
image_12107_3,348,386,443,473,room,1
image_12107_3,345,393,478,507,room,1
image_12107_3,341,376,415,442,room,1
image_12107_3,313,441,109,182,room,1
image_12107_3,338,407,269,407,room,1
image_12141_0,412,448,226,253,room,1
image_12141_0,426,466,260,289,room,1
image_12141_0,268,509,236,477,room,1
image_12141_0,396,512,474,512,room,1
image_12141_0,396,512,30,413,room,1
image_12142_0,181,332,1,95,food,1
image_12142_0,285,384,125,198,food,1
image_12143_0,282,424,0,185,food,1
image_12143_0,164,250,269,328,food,1
image_12143_0,251,462,225,512,food,1
image_12143_1,82,294,48,138,food,1
image_12144_0,409,511,1,511,room,1
image_12145_0,452,490,207,280,food,1
image_12145_0,472,512,81,177,food,1
image_12145_0,406,484,1,131,food,1
image_12145_0,324,443,193,237,food,1
image_12146_0,10,150,63,169,food,1
image_12146_0,1,122,166,275,food,1
image_12146_0,156,456,113,459,food,1
image_12146_2,141,253,129,283,public_area,1
image_12146_2,33,186,447,512,public_area,1
image_12146_3,258,459,206,433,food,1
image_12146_3,40,278,238,360,food,1
image_12146_4,254,310,208,284,food,1
image_12146_4,0,276,0,96,food,1
image_12146_4,0,275,0,96,food,1
image_12146_5,383,402,386,412,room,1
image_12146_5,395,436,373,461,room,1
image_12146_5,329,399,233,265,room,1
image_12146_5,253,511,1,207,room,1
image_12162_0,281,455,348,432,room,1
image_12162_0,339,474,122,225,room,1
image_12162_0,317,493,34,135,room,1
image_12162_0,311,467,261,369,room,1
image_12163_1,341,511,3,497,room,1
image_12163_3,165,444,120,350,room,1
image_12163_4,62,148,158,216,room,1
image_12163_4,359,512,0,199,room,1
image_12163_5,27,508,1,511,room,1
image_12164_0,279,319,36,87,room,1
image_12164_0,467,512,130,510,room,1
image_12197_1,171,511,1,426,room,1
image_12197_2,232,512,165,319,room,1
image_12197_3,306,432,101,270,room,1
image_12197_4,291,329,276,359,room,1
image_12197_5,123,158,325,362,room,1
image_12197_5,70,129,394,422,room,1
image_12197_5,118,153,423,461,room,1
image_12197_5,210,421,273,482,room,1
image_12197_5,0,32,0,148,room,1
image_12199_0,209,511,13,506,room,1
image_12199_1,341,387,388,414,room,1
image_12199_1,75,278,41,292,room,1
image_12199_1,344,404,432,460,room,1
image_12199_1,396,457,390,457,room,1
image_12199_1,399,465,436,503,room,1
image_12199_2,232,280,22,45,room,1
image_12199_2,260,336,0,205,room,1
image_12199_2,271,470,228,376,room,1
image_12217_0,284,325,207,238,room,1
image_12217_0,185,265,75,195,room,1
image_12217_0,337,511,82,511,room,1
image_12228_0,268,510,1,510,room,1
image_12228_1,133,273,344,454,public_area,1
image_12228_1,182,239,135,171,public_area,1
image_12228_1,118,155,0,28,public_area,1
image_12228_1,255,318,485,512,public_area,1
image_12228_1,237,303,375,512,public_area,1
image_12228_2,244,286,256,270,room,1
image_12228_2,392,496,412,509,room,1
image_12228_2,353,512,204,376,room,1
image_12229_0,425,475,194,222,public_area,1
image_12229_0,454,511,209,236,public_area,1
image_12229_1,321,387,272,302,public_area,1
image_12229_1,357,434,288,331,public_area,1
image_12229_1,416,512,355,464,public_area,1
image_12242_0,401,512,39,118,room,1
image_12242_0,300,361,326,480,room,1
image_12242_1,218,507,1,512,room,1
image_12242_1,223,252,389,455,room,1
image_12242_2,186,287,193,329,room,1
image_12242_2,241,391,440,492,room,1
image_12242_2,113,215,206,266,room,1
image_12242_2,181,303,280,356,room,1
image_12242_2,251,511,95,288,room,1
image_12242_4,217,267,226,275,room,1
image_12242_4,253,511,392,511,room,1
image_12242_4,281,321,188,246,room,1
image_12242_4,274,313,292,340,room,1
image_12259_1,310,511,2,509,room,1
image_12259_2,347,463,329,512,room,1
image_12259_3,323,506,154,310,room,1
image_12259_4,293,396,98,185,room,1
image_12259_4,282,511,117,511,room,1
image_12260_0,232,289,285,326,public_area,1
image_12260_0,107,205,38,218,public_area,1
image_12260_0,193,285,200,277,public_area,1
image_12260_0,229,347,146,234,food,1
image_12260_0,255,332,403,512,food,1
image_12270_3,384,512,46,197,room,1
image_12271_0,2,306,1,511,room,1
image_12271_1,274,511,0,400,room,1
image_12272_0,0,127,395,501,room,1
image_12272_0,3,185,441,512,room,1
image_12272_6,278,299,98,109,room,1
image_12272_6,274,299,85,97,room,1
image_12272_6,296,377,52,167,room,1
image_12272_6,309,512,324,429,room,1
image_12273_0,297,385,362,430,room,1
image_12273_0,285,349,315,371,room,1
image_12273_0,289,395,424,486,room,1
image_12273_0,279,511,1,403,room,1
image_12273_1,199,233,85,113,room,1
image_12273_1,178,224,55,84,room,1
image_12287_1,2,511,51,415,public_area,1
image_12293_0,338,468,0,228,room,1
image_12293_0,252,370,202,341,room,1
image_12293_0,278,323,330,354,room,1
image_12293_0,243,315,358,430,room,1
image_12293_0,362,512,46,241,room,1
image_12294_0,238,511,68,511,room,1
image_12295_0,298,511,115,273,room,1
image_12295_0,146,428,0,216,room,1
image_12295_0,309,366,192,372,room,1
image_12305_0,117,134,74,103,room,1
image_12305_0,214,226,251,354,room,1
image_12305_0,173,213,198,229,room,1
image_12305_0,231,246,362,460,room,1
image_12305_0,167,220,59,139,room,1
image_12305_0,232,352,61,168,room,1
image_12305_1,317,511,0,278,room,1
image_12305_1,248,322,75,220,room,1
image_12305_2,32,56,84,106,room,1
image_12305_3,146,504,1,511,room,1
image_12312_0,324,378,130,176,room,1
image_12312_0,334,360,299,312,room,1
image_12312_0,191,218,260,284,room,1
image_12312_0,232,511,379,512,room,1
image_12312_0,357,423,279,405,room,1
image_12312_2,232,506,1,255,room,1
image_12312_2,221,512,260,512,room,1
image_12312_5,295,364,102,195,room,1
image_12312_5,283,396,226,436,room,1
image_12312_5,310,512,0,131,room,1
image_12312_5,332,512,52,161,room,1
image_12312_5,291,421,432,512,room,1
image_12313_0,280,428,0,105,room,1
image_12313_0,269,441,413,512,room,1
image_12321_0,317,415,353,462,room,1
image_12321_0,260,458,0,184,room,1
image_12325_0,331,511,2,448,room,1
image_12325_0,86,254,247,376,room,1
image_12325_1,60,511,1,211,room,1
image_12342_0,376,478,161,256,room,1
image_12342_2,410,512,362,439,room,1
image_12342_2,127,510,0,403,room,1
image_12342_4,1,509,16,512,public_area,1
image_12346_0,272,308,126,149,room,1
image_12346_0,428,512,212,511,room,1
image_12346_1,126,239,343,434,room,1
image_12346_1,290,511,1,207,room,1
image_12346_1,157,277,377,461,room,1
image_12346_1,114,278,0,251,room,1
image_12346_2,174,273,51,411,room,1
image_12346_2,315,471,0,49,room,1
image_12366_0,178,464,205,511,room,1
image_12366_1,229,304,239,326,room,1
image_12366_1,240,311,368,422,room,1
image_12366_1,368,443,147,234,room,1
image_12366_1,344,427,246,328,room,1
image_12366_1,53,99,353,383,room,1
image_12366_1,394,512,133,512,room,1
image_12366_1,263,512,1,151,room,1
image_12366_2,6,146,195,310,public_area,1
image_12367_0,290,350,0,24,room,1
image_12367_0,304,333,32,47,room,1
image_12367_0,75,146,74,136,room,1
image_12367_0,73,137,22,57,room,1
image_12367_0,273,339,42,119,room,1
image_12367_0,304,449,199,323,room,1
image_12367_0,386,512,3,509,room,1
image_12367_1,212,359,30,178,room,1
image_12367_1,221,511,59,511,room,1
image_12395_0,367,466,106,310,public_area,1
image_12395_0,347,389,0,41,public_area,1
image_12395_0,331,371,419,469,public_area,1
image_12395_0,345,394,56,104,public_area,1
image_12395_0,354,402,322,382,public_area,1
image_12395_0,363,406,0,16,public_area,1
image_12395_0,371,410,399,421,public_area,1
image_12395_0,322,367,56,165,public_area,1
image_12395_0,417,512,426,512,public_area,1
image_12395_1,365,383,304,320,public_area,1
image_12396_2,198,511,102,511,room,1
image_12396_3,340,362,323,341,public_area,1
image_12396_3,340,355,87,125,public_area,1
image_12396_3,352,375,295,310,public_area,1
image_12396_3,333,348,121,158,public_area,1
image_12396_3,341,358,213,249,public_area,1
image_12396_3,462,511,456,511,public_area,1
image_12399_1,373,512,255,512,room,1
image_12399_2,333,452,23,243,room,1
image_12399_2,283,498,251,343,room,1
image_12399_3,458,512,322,401,room,1
image_12399_5,452,512,1,248,room,1
image_12399_6,349,511,164,327,room,1
image_12399_6,429,512,98,270,room,1
image_12399_6,333,511,337,511,room,1
image_12400_0,154,404,0,108,room,1
image_12400_0,285,487,278,512,room,1
image_12401_0,1,167,135,510,room,1
image_12401_2,283,393,85,299,room,1
image_12401_2,245,472,260,364,room,1
image_12431_1,496,512,1,154,room,1
image_12431_1,413,512,288,511,room,1
image_12437_1,230,511,1,82,room,1
image_12437_2,279,333,391,416,room,1
image_12437_2,338,512,110,385,room,1
image_12456_1,131,165,426,459,room,1
image_12457_0,113,197,0,84,room,1
image_12458_0,460,511,0,9,room,1
image_12458_0,334,426,17,175,room,1
image_12483_0,281,339,370,459,public_area,1
image_12484_0,295,422,1,511,room,1
image_12492_0,394,512,303,507,room,1
image_12538_0,304,336,156,171,public_area,1
image_12538_0,332,477,47,227,public_area,1
image_12538_0,271,340,117,138,public_area,1
image_12538_0,56,512,110,445,public_area,1
image_12538_0,295,343,70,92,public_area,1
image_12546_2,394,437,419,451,room,1
image_12546_2,255,368,271,477,room,1
image_12546_2,357,452,255,287,room,1
image_12546_2,394,438,361,398,room,1
image_12546_2,444,512,319,452,room,1
image_12547_0,410,512,234,475,room,1
image_12547_0,400,468,219,271,room,1
image_12547_0,141,395,95,412,room,1
image_12586_0,190,210,402,411,public_area,1
image_12586_0,163,212,219,280,public_area,1
image_12586_0,218,511,0,179,public_area,1
image_12586_0,156,190,421,454,public_area,1
image_12586_0,338,415,406,512,public_area,1
image_12586_0,208,390,137,387,public_area,1
image_12586_1,50,510,0,512,room,1
image_12586_2,129,169,58,95,public_area,1
image_12586_2,394,475,424,484,public_area,1
image_12586_2,46,82,12,46,public_area,1
image_12586_2,278,301,303,326,public_area,1
image_12586_2,280,319,346,375,public_area,1
image_12586_2,325,352,413,443,public_area,1
image_12586_2,155,511,1,242,public_area,1
image_12586_2,342,419,321,371,public_area,1
image_12586_2,365,447,367,422,public_area,1
image_12586_2,319,395,275,321,public_area,1
image_12586_3,119,362,27,172,public_area,1
image_12586_3,0,63,251,384,public_area,1
image_12586_3,206,499,167,340,public_area,1
image_12586_3,22,84,28,103,public_area,1
image_12586_3,0,77,100,180,public_area,1
image_12600_0,234,512,1,331,room,1
image_12605_0,255,316,482,512,room,1
image_12605_0,163,254,19,62,room,1
image_12605_0,235,500,108,476,room,1
image_12605_0,279,488,408,512,room,1
image_12606_0,307,510,1,510,room,1
image_12606_0,314,353,175,187,room,1
image_12606_0,319,358,156,169,room,1
image_12606_1,255,511,55,375,room,1
image_18778_0,221,237,200,240,food,1
image_18778_0,206,223,205,248,food,1
image_18778_0,84,161,0,34,public_area,1
image_18778_0,291,304,136,175,food,1
image_18778_0,1,219,236,364,public_area,1
image_18778_0,295,319,163,206,food,1
image_18778_0,302,329,117,164,food,1
image_18842_0,329,511,0,487,room,1
image_18842_0,249,416,95,487,room,1
image_18842_1,285,408,225,298,room,1
image_18842_2,218,248,429,440,room,1
image_18842_2,218,248,417,428,room,1
image_18842_2,288,415,477,512,room,1
image_18842_2,246,512,0,281,room,1
image_18842_3,246,511,1,85,room,1
image_18842_3,281,393,263,329,room,1
image_18845_0,303,512,399,512,room,1
image_18845_1,195,511,1,365,room,1
image_18845_2,403,512,338,484,room,1
image_18845_2,245,440,1,232,room,1
image_18846_0,1,386,1,512,food,1
image_18846_1,62,381,8,422,food,1
image_18846_2,0,292,1,512,food,1
image_18847_0,0,57,234,308,public_area,1
image_18847_0,0,139,0,160,public_area,1
image_18847_0,280,512,217,512,food,1
image_18847_0,291,512,0,222,food,1
image_18847_1,148,253,367,429,food,1
image_18847_1,1,155,8,100,food,1
image_18847_1,266,415,288,486,food,1
image_18847_3,0,98,0,299,food,1
image_18847_3,195,327,0,52,food,1
image_18847_3,181,304,48,224,food,1
image_18847_3,288,486,8,235,food,1
image_18847_4,0,40,59,281,food,1
image_18847_4,194,237,0,24,food,1
image_18847_4,2,184,207,504,food,1
image_18847_4,96,178,0,55,food,1
image_18847_4,31,100,0,71,food,1
image_18847_5,241,512,159,511,room,1
image_18847_6,221,512,0,455,room,1
image_18872_1,90,388,108,465,food,1
image_18874_0,254,378,0,63,room,1
image_18874_0,234,512,58,500,room,1
image_18874_1,313,423,0,156,room,1
image_18876_0,396,512,0,91,public_area,1
image_18876_0,291,509,72,380,public_area,1
image_18876_1,260,296,357,394,public_area,1
image_18876_1,231,295,405,445,public_area,1
image_18876_1,239,289,124,157,public_area,1
image_18876_1,259,294,318,355,public_area,1
image_18876_1,256,300,173,209,public_area,1
image_18876_1,257,292,208,247,public_area,1
image_18876_1,260,303,481,512,public_area,1
image_18876_2,196,435,0,146,food,1
image_18876_2,99,246,418,512,food,1
image_18876_2,4,177,4,224,food,1
image_18877_1,298,512,0,151,room,1
image_18877_1,146,511,141,414,room,1
image_18878_0,1,365,0,179,room,1
image_18878_0,48,217,203,247,room,1
image_18878_0,49,511,234,511,room,1
image_18878_1,36,511,1,511,room,1
image_18880_0,282,342,69,237,food,1
image_18880_0,385,511,215,378,food,1
image_18880_0,172,275,308,511,food,1
image_18880_0,98,210,0,187,food,1
image_18880_1,332,445,393,512,food,1
image_18880_1,467,512,417,512,food,1
image_18880_1,382,497,245,398,food,1
image_18882_0,258,403,230,332,room,1
image_18882_0,301,498,347,485,room,1
image_18882_0,257,362,61,163,room,1
image_18882_0,343,512,0,175,room,1
image_18882_1,217,287,428,512,room,1
image_18882_1,266,340,30,126,room,1
image_18882_1,264,338,162,242,room,1
image_18882_1,284,378,285,383,room,1
image_18882_1,329,511,1,338,room,1
image_18883_1,282,512,1,471,room,1
image_18884_0,253,511,0,241,room,1
image_18884_0,252,512,287,508,room,1
image_18885_0,153,233,245,377,room,1
image_18885_0,418,511,1,262,room,1
image_18885_0,272,397,0,87,room,1
image_18979_0,0,133,81,415,food,1
image_18979_0,132,484,75,430,food,1
image_18979_1,374,421,255,293,public_area,1
image_18979_1,387,410,113,184,food,1
image_18979_1,362,511,384,511,public_area,1
image_18979_1,139,348,142,372,public_area,1
image_18981_0,112,511,0,512,room,1
image_18981_1,247,267,451,498,room,1
image_18981_1,227,508,2,391,room,1
image_18981_6,293,446,49,150,public_area,1
image_18981_6,464,512,418,469,public_area,1
image_18981_6,368,459,438,508,public_area,1
image_18981_6,377,448,224,296,public_area,1
image_18981_6,375,419,297,368,public_area,1
image_18983_0,169,511,14,512,room,1
image_18983_1,355,511,21,511,room,1
image_18985_1,341,511,6,510,room,1
image_18985_3,370,511,12,511,room,1
image_18986_0,354,511,1,285,room,1
image_18986_0,333,512,382,512,room,1
image_18986_0,318,443,259,389,room,1
image_19051_0,343,427,359,438,public_area,1
image_19051_0,308,355,471,512,public_area,1
image_19051_0,187,219,453,512,public_area,1
image_19055_1,307,411,226,319,room,1
image_19055_1,185,350,307,397,room,1
image_19055_1,351,511,0,65,room,1
image_19088_0,438,512,360,512,room,1
image_19088_0,302,399,325,401,room,1
image_19088_0,316,386,122,221,room,1
image_19088_0,348,512,1,288,room,1
image_19092_0,192,511,14,512,room,1
image_19092_1,185,511,0,356,room,1
image_19093_0,225,511,200,511,room,1
image_19094_0,255,511,126,510,room,1
image_19096_0,285,366,435,512,room,1
image_19096_0,270,372,403,464,room,1
image_19096_0,263,512,1,341,room,1
image_19096_1,311,511,41,510,room,1
image_19096_2,332,456,65,438,food,1
image_19096_3,268,315,33,48,room,1
image_19096_3,286,393,319,433,room,1
image_19096_3,434,512,256,511,room,1
image_19123_0,429,512,1,399,room,1
image_19123_0,198,316,133,312,room,1
image_19125_0,353,385,146,177,public_area,1
image_19125_0,332,353,296,328,public_area,1
image_19125_0,364,388,231,301,public_area,1
image_19125_1,185,385,275,512,food,1
image_19125_1,154,227,0,57,food,1
image_19125_1,204,329,0,104,food,1
image_19125_1,276,489,84,310,food,1
image_19127_0,481,507,344,384,public_area,1
image_19127_0,477,489,459,482,public_area,1
image_19127_0,466,488,481,489,public_area,1
image_19127_0,458,512,284,334,service,1
image_19127_0,435,500,390,437,service,1
image_19129_0,495,512,137,181,public_area,1
image_19129_0,476,512,191,212,public_area,1
image_19129_0,479,512,99,132,public_area,1
image_19129_0,460,507,61,86,public_area,1
image_19131_0,357,511,1,151,room,1
image_19184_0,196,498,1,510,room,1
image_19184_0,130,222,409,512,room,1
image_19190_0,237,511,1,303,room,1
image_19190_1,349,506,0,133,room,1
image_19190_1,314,492,284,349,room,1
image_19190_2,182,282,0,20,room,1
image_19190_2,385,512,415,512,room,1
image_19190_2,262,446,121,376,room,1
image_19190_4,330,510,430,512,room,1
image_19190_4,289,326,282,297,room,1
image_19190_4,293,332,298,313,room,1
image_19190_4,359,512,85,289,room,1
image_19191_0,283,511,1,383,room,1
image_19191_1,260,294,301,452,room,1
image_19191_1,248,293,170,262,room,1
image_19191_1,264,308,100,125,room,1
image_19191_2,226,278,393,448,room,1
image_19191_2,332,465,344,482,room,1
image_19192_0,0,137,22,163,room,1
image_19204_1,410,512,276,340,room,1
image_19204_1,367,511,365,511,room,1
image_19204_1,410,512,1,292,room,1
image_19204_1,324,421,63,320,room,1
image_19205_0,327,512,71,466,public_area,1
image_19205_0,315,352,309,367,public_area,1
image_19206_0,27,474,0,511,room,1
image_19206_1,95,183,472,512,room,1
image_19215_1,142,184,157,225,food,1
image_19215_1,47,291,0,54,food,1
image_19215_1,83,132,121,190,food,1
image_19215_1,223,512,119,511,food,1
image_19215_1,100,166,327,396,food,1
image_19215_3,29,476,2,394,food,1
image_19216_0,270,309,0,74,public_area,1
image_19226_0,235,509,1,511,room,1
image_19247_1,220,298,0,89,room,1
image_19247_1,212,354,334,435,room,1
image_19247_1,283,511,1,250,room,1
image_19247_3,146,511,251,511,room,1
image_19247_4,133,269,1,511,room,1
image_19248_0,395,512,0,154,room,1
image_19248_1,268,512,2,511,room,1
image_19248_1,205,265,0,98,room,1
image_19248_2,208,511,1,511,room,1
image_19249_1,427,496,114,201,public_area,1
image_19249_1,394,435,222,236,public_area,1
image_19249_1,374,389,384,403,public_area,1
image_19249_1,460,512,0,44,public_area,1
image_19249_1,361,463,0,29,public_area,1
image_19249_1,387,440,190,218,public_area,1
image_19249_1,337,376,479,510,service,1
image_19249_1,418,512,54,158,public_area,1
image_19249_2,304,511,1,425,room,1
image_19249_3,190,260,275,315,public_area,1
image_19250_0,213,504,1,511,room,1
image_19253_0,157,511,0,216,public_area,1
image_19253_0,333,458,381,444,public_area,1
image_19253_0,305,512,295,391,public_area,1
image_19263_0,440,512,291,511,room,1
image_19263_0,423,511,1,220,room,1
image_19263_0,277,488,9,188,room,1
image_19272_0,266,511,0,167,room,1
image_19273_1,363,511,378,512,room,1
image_19273_1,357,512,0,191,room,1
image_19276_0,357,446,461,512,food,1
image_19276_0,408,493,109,263,food,1
image_19276_0,359,455,45,103,food,1
image_19276_0,383,511,282,501,food,1
image_19278_1,309,512,389,511,room,1
image_19278_1,288,511,1,160,room,1
image_19341_0,224,244,86,124,public_area,1
image_19341_1,229,467,0,310,public_area,1
image_19341_1,200,209,244,272,public_area,1
image_19341_1,200,210,212,244,public_area,1
image_19341_1,189,231,449,480,public_area,1
image_19341_2,261,316,88,177,public_area,1
image_19341_3,255,279,465,502,public_area,1
image_19341_4,283,326,229,319,room,1
image_19341_4,283,326,228,319,room,1
image_19341_4,444,512,289,511,room,1
image_19341_4,279,429,41,288,room,1
image_19341_4,374,512,246,406,room,1
image_19345_0,2,509,2,510,room,1
image_19345_1,238,511,355,512,room,1
image_19346_0,241,511,33,511,room,1
image_19347_0,190,511,1,510,room,1
image_19348_0,156,503,1,511,room,1
image_19348_1,128,511,90,511,room,1
image_19349_0,188,512,97,509,room,1
image_19349_1,385,511,456,512,room,1
image_19349_1,189,511,3,428,room,1
image_19349_2,440,485,427,455,room,1
image_19349_2,463,508,449,483,room,1
image_19349_2,256,458,30,264,room,1
image_19349_2,373,472,281,441,room,1
image_19349_3,257,441,237,372,room,1
image_19349_3,247,400,11,231,room,1
image_19349_4,220,448,0,488,public_area,1
image_19349_5,298,327,263,288,public_area,1
image_19349_5,267,311,311,483,public_area,1
image_19349_5,288,328,201,219,public_area,1
image_19349_5,181,511,0,77,public_area,1
image_19349_5,294,329,112,139,public_area,1
image_19349_5,299,330,288,315,public_area,1
image_19349_5,238,329,233,248,public_area,1
image_19350_2,303,511,166,510,public_area,1
image_19352_1,274,511,1,256,room,1
image_19352_1,307,512,253,512,room,1
image_19385_0,136,300,134,512,room,1
image_19385_1,212,476,1,337,room,1
image_19392_0,269,330,301,362,room,1
image_19392_0,166,289,473,512,room,1
image_19392_0,239,511,0,316,room,1
image_19393_0,249,333,0,31,food,1
image_19393_0,273,343,148,225,food,1
image_19393_0,226,267,193,248,food,1
image_19393_0,200,248,0,49,food,1
image_19393_0,195,254,255,303,food,1
image_19393_0,190,245,317,396,food,1
image_19393_0,4,133,0,424,public_area,1
image_19394_0,229,511,1,241,room,1
image_19394_0,344,511,195,500,room,1
image_19395_0,226,512,64,512,room,1
image_19439_0,198,253,109,187,food,1
image_19439_0,186,228,6,82,food,1
image_19440_1,190,247,0,89,public_area,1
image_19440_1,252,314,270,313,public_area,1
image_19440_1,229,316,71,107,public_area,1
image_19440_1,253,295,116,235,public_area,1
image_19440_1,250,344,305,385,public_area,1
image_19440_1,198,281,381,465,public_area,1
image_19440_2,314,345,70,287,public_area,1
image_19441_0,289,338,479,512,public_area,1
image_19441_0,215,243,272,300,public_area,1
image_19441_0,215,243,308,336,public_area,1
image_19441_0,214,241,204,232,public_area,1
image_19441_0,215,243,343,373,public_area,1
image_19441_0,215,242,238,266,public_area,1
image_19441_0,245,332,344,462,public_area,1
image_19442_0,278,512,1,344,room,1
image_19442_0,303,397,336,426,room,1
image_19443_0,158,211,175,368,public_area,1
image_19443_0,112,195,418,439,public_area,1
image_19443_0,149,219,20,91,public_area,1
image_19443_0,152,219,113,168,public_area,1
image_19445_0,173,512,27,511,room,1
image_19445_1,343,512,1,234,room,1
image_19445_2,197,511,2,445,room,1
image_19446_0,146,192,445,464,public_area,1
image_19446_0,98,125,457,512,public_area,1
image_19446_0,80,220,235,277,public_area,1
image_19446_0,188,227,296,344,public_area,1
image_19450_0,327,494,189,309,room,1
image_19450_0,290,512,323,511,room,1
image_19450_0,260,497,0,192,room,1
image_19457_0,433,450,98,112,public_area,1
image_19457_0,486,503,112,122,public_area,1
image_19457_0,428,441,332,344,public_area,1
image_19457_0,462,478,84,95,public_area,1
image_19457_0,444,463,480,492,public_area,1
image_19468_0,400,478,169,280,room,1
image_19471_0,196,510,1,511,room,1
image_19471_1,181,284,305,472,room,1
image_19471_2,339,366,262,272,room,1
image_19471_2,339,369,252,263,room,1
image_19471_2,318,382,334,353,room,1
image_19472_1,368,381,234,269,public_area,1
image_19472_1,368,380,194,214,public_area,1
image_19472_1,361,381,0,22,public_area,1
image_19472_1,333,348,193,218,public_area,1
image_19472_1,327,342,45,102,public_area,1
image_19472_1,325,366,0,38,public_area,1
image_19472_1,329,367,106,155,public_area,1
image_19472_1,336,368,225,275,public_area,1
image_19552_1,232,512,57,489,room,1
image_19553_0,412,439,255,296,room,1
image_19553_0,352,511,358,511,room,1
image_19553_0,329,511,1,229,room,1
image_19553_1,330,512,1,237,room,1
image_19553_1,469,510,258,308,room,1
image_19553_2,308,511,25,510,room,1
image_19554_0,383,474,337,371,room,1
image_19554_0,329,353,275,286,room,1
image_19554_0,428,512,126,511,room,1
image_19554_0,200,355,0,187,room,1
image_19554_1,411,495,322,428,room,1
image_19554_1,192,420,0,101,room,1
image_19554_1,424,512,0,82,room,1
image_19554_3,346,432,89,216,room,1
image_19554_3,313,512,264,417,room,1
image_19563_1,388,492,31,103,food,1
image_19563_1,380,418,483,512,food,1
image_19563_1,305,367,18,56,food,1
image_19563_1,37,69,203,255,food,1
image_19563_1,273,321,161,230,food,1
image_19563_1,192,263,166,239,food,1
image_19563_1,182,229,243,297,food,1
image_19563_1,377,439,151,228,food,1
image_19563_1,0,61,140,187,food,1
image_19563_1,153,251,39,121,food,1
image_19563_2,128,203,139,240,food,1
image_19563_2,122,206,248,330,food,1
image_19563_2,216,463,120,333,food,1
image_19563_2,42,118,46,143,food,1
image_19563_2,0,208,342,511,food,1
image_19563_3,82,385,4,197,food,1
image_19563_4,41,511,1,508,food,1
image_19563_6,111,180,173,210,food,1
image_19563_6,467,512,156,221,food,1
image_19563_6,46,102,256,280,food,1
image_19563_6,204,286,109,161,food,1
image_19563_6,240,428,176,246,food,1
image_19569_0,240,511,0,175,food,1
image_19569_0,106,204,0,149,food,1
image_19569_0,354,511,74,510,food,1
image_19569_0,61,187,459,512,food,1
image_19569_0,209,434,404,512,food,1
image_19569_0,45,252,100,203,food,1
image_19570_0,368,511,1,111,room,1
image_19570_0,421,512,180,445,room,1
image_19571_0,164,249,40,233,public_area,1
image_19571_1,363,389,227,277,public_area,1
image_19571_1,366,400,172,222,public_area,1
image_19571_2,268,277,175,216,public_area,1
image_19571_2,231,282,364,438,public_area,1
image_19571_2,271,293,134,179,public_area,1
image_19571_2,272,287,74,129,public_area,1
image_19571_2,219,284,439,511,public_area,1
image_19572_0,167,275,0,94,public_area,1
image_19583_0,238,371,471,512,room,1
image_19583_0,193,389,2,269,room,1
image_19583_0,296,511,0,192,room,1
image_19599_0,397,432,287,319,public_area,1
image_19599_0,366,435,388,474,public_area,1
image_19599_0,366,433,48,144,public_area,1
image_19599_0,399,434,209,240,public_area,1
image_19602_0,340,367,332,364,public_area,1
image_19602_0,299,324,224,264,public_area,1
image_19602_0,384,400,0,27,public_area,1
image_19602_0,327,425,386,465,public_area,1
image_19602_0,322,349,104,142,public_area,1
image_19602_0,484,512,168,223,public_area,1
image_19602_0,358,388,4,37,public_area,1
image_19602_0,440,505,330,377,public_area,1
image_19602_0,461,501,90,143,public_area,1
image_19602_0,405,442,40,88,public_area,1
image_19603_0,304,512,110,337,room,1
image_19603_0,229,343,243,436,room,1
image_19603_0,215,323,16,229,room,1
image_19603_1,249,264,124,142,room,1
image_19603_1,309,485,180,512,room,1
image_19603_2,311,406,0,234,room,1
image_19603_2,318,366,427,512,room,1
image_19603_3,313,504,1,196,public_area,1
image_19608_0,199,240,26,49,public_area,1
image_19608_0,191,270,61,104,public_area,1
image_19608_0,200,248,307,356,public_area,1
image_19608_0,191,285,99,144,public_area,1
image_19608_0,199,304,471,512,public_area,1
image_19608_0,192,377,380,463,public_area,1
image_19609_0,163,338,0,41,room,1
image_19609_0,408,420,32,78,room,1
image_19609_0,304,432,111,195,room,1
image_19609_0,281,511,270,508,room,1
image_19609_2,1,161,374,512,room,1
image_19609_2,327,483,229,338,room,1
image_19609_2,328,489,376,505,room,1
image_19609_6,322,512,54,241,room,1
image_19611_0,64,511,0,206,public_area,1
image_19611_1,139,160,361,400,public_area,1
image_19611_1,169,190,354,393,public_area,1
image_19611_1,216,418,0,343,public_area,1
image_19611_1,225,509,266,511,public_area,1
image_19611_1,160,295,75,172,public_area,1
image_19611_2,277,388,223,337,public_area,1
image_19611_2,163,512,400,471,public_area,1
image_19611_2,351,488,297,422,public_area,1
image_19611_2,0,511,0,245,public_area,1
image_19615_1,326,510,1,511,room,1
image_19615_1,304,351,281,335,room,1
image_19615_1,269,349,158,246,room,1
image_19615_2,122,512,0,327,room,1
image_19615_4,131,276,133,234,public_area,1
image_19615_4,217,271,470,512,public_area,1
image_19615_4,263,511,1,511,public_area,1
image_19615_4,237,275,246,293,service,1
image_19615_4,116,270,303,428,public_area,1
image_19615_4,55,102,222,259,public_area,1
image_19615_4,50,98,164,208,public_area,1
image_19615_5,97,115,135,175,public_area,1
image_19615_5,121,197,15,121,public_area,1
image_19616_0,7,508,2,511,room,1
image_19659_0,490,512,1,215,room,1
image_19660_0,395,488,159,282,room,1
image_19661_0,147,405,0,219,room,1
image_19665_0,0,169,66,164,public_area,1
image_19665_0,3,174,289,381,public_area,1
image_19697_1,327,512,1,197,room,1
image_19697_1,286,512,174,469,room,1
image_19697_2,342,419,459,512,room,1
image_19697_2,416,512,409,512,room,1
image_19697_2,325,511,1,191,room,1
image_19697_2,165,241,242,337,room,1
image_19698_0,252,281,451,463,room,1
image_19698_0,233,324,0,44,room,1
image_19698_0,205,393,136,422,room,1
image_19698_1,207,274,194,250,room,1
image_19698_1,89,174,0,57,room,1
image_19698_1,250,511,57,511,room,1
image_19698_1,203,276,400,495,room,1
image_19698_2,197,511,1,309,room,1
image_19698_5,338,512,231,480,public_area,1
image_19698_5,193,221,202,252,public_area,1
image_19698_5,260,307,13,134,public_area,1
image_19698_5,166,290,105,218,public_area,1
image_19698_5,247,274,442,479,public_area,1
image_19698_5,251,285,493,511,public_area,1
image_19698_5,220,291,237,275,public_area,1
image_19698_5,251,292,284,434,public_area,1
image_19699_0,179,219,209,257,public_area,1
image_19699_0,298,421,472,512,public_area,1
image_19699_0,290,412,392,476,public_area,1
image_19701_0,252,512,149,511,room,1
image_19705_0,411,512,0,80,room,1
image_19705_0,441,512,165,511,room,1
image_19705_0,355,512,113,254,room,1
image_19741_0,248,439,168,419,public_area,1
image_19741_1,225,291,300,346,public_area,1
image_19742_0,366,434,59,185,public_area,1
image_19742_0,361,442,341,472,public_area,1
image_19750_0,254,290,118,131,room,1
image_19750_0,170,252,180,301,room,1
image_19750_0,282,397,317,406,room,1
image_19750_1,251,511,308,512,room,1
image_19750_1,336,447,0,64,room,1
image_19750_1,339,512,270,375,room,1
image_19750_1,220,412,71,311,room,1
image_19750_2,192,511,1,416,room,1
image_19751_0,263,329,31,75,public_area,1
image_19751_0,248,351,406,511,public_area,1
image_19751_0,314,509,2,504,public_area,1
image_19753_0,336,433,123,172,public_area,1
image_19753_0,363,426,425,512,public_area,1
image_19753_0,400,512,192,511,public_area,1
image_19775_0,423,511,97,373,room,1
image_19775_0,402,512,385,512,room,1
image_19775_1,374,512,15,198,room,1
image_19775_1,314,512,254,438,room,1
image_19777_1,308,419,0,78,room,1
image_19777_1,283,511,126,511,room,1
image_19778_2,243,511,0,395,room,1
image_19778_3,283,484,95,352,room,1
image_19778_4,340,511,393,512,room,1
image_19778_4,287,509,0,288,room,1
image_19778_4,301,433,295,382,room,1
image_19779_0,218,510,4,477,room,1
image_19779_1,162,307,249,472,room,1
image_19779_1,375,512,145,231,room,1
image_19779_1,308,334,91,166,room,1
image_19779_2,319,512,190,356,room,1
image_19779_2,332,451,65,243,room,1
image_19789_0,363,512,178,437,room,1
image_19790_0,353,512,312,512,room,1
image_19801_1,463,512,360,512,room,1
image_19802_0,270,370,447,512,room,1
image_19819_0,277,306,152,164,room,1
image_19819_0,277,307,141,154,room,1
image_19819_0,305,346,170,181,room,1
image_19819_0,338,369,174,271,room,1
image_19819_0,201,368,20,136,room,1
image_19819_1,359,512,233,371,room,1
image_19820_0,165,194,227,337,public_area,1
image_19820_0,103,238,327,511,public_area,1
image_19820_0,194,264,191,297,public_area,1
image_19820_0,260,411,114,406,food,1
image_19820_1,191,277,393,511,public_area,1
image_19820_1,0,256,256,398,public_area,1
image_19820_1,151,287,87,217,public_area,1
image_19820_1,262,490,114,401,food,1
image_19820_3,334,364,379,510,room,1
image_19820_3,141,357,222,352,room,1
image_19821_0,283,511,0,213,public_area,1
image_19821_1,431,512,130,282,public_area,1
image_19821_1,417,512,1,104,public_area,1
image_19823_0,262,511,195,510,room,1
image_19823_1,242,511,0,510,room,1
image_19823_2,337,376,329,356,room,1
image_19823_2,431,512,409,512,room,1
image_19823_2,337,423,179,252,room,1
image_19823_2,256,511,1,143,room,1
image_19823_3,233,259,156,176,room,1
image_19823_3,284,345,181,317,room,1
image_19823_3,330,511,0,118,room,1
image_19823_3,239,378,380,512,room,1
image_19823_5,37,195,32,215,room,1
image_19823_5,349,511,147,511,room,1
image_19833_1,56,205,337,511,public_area,1
image_19833_1,209,299,404,511,public_area,1
image_19833_1,300,407,385,511,public_area,1
image_19833_1,395,510,269,420,public_area,1
image_19833_2,269,305,257,280,room,1
image_19833_2,190,298,436,512,room,1
image_19833_2,286,470,314,512,room,1
image_19833_2,297,369,255,309,room,1
image_19833_2,290,493,0,163,room,1
image_19833_2,290,421,176,238,room,1
image_19833_3,385,495,0,64,room,1
image_19833_3,270,329,191,336,room,1
image_19833_3,94,228,0,99,room,1
image_19833_4,285,499,0,100,room,1
image_19833_4,226,253,0,119,room,1
image_19833_4,192,308,120,192,room,1
image_19833_4,152,395,198,511,room,1
image_19833_4,360,508,137,336,room,1
image_19833_4,340,510,408,509,room,1
image_19835_0,331,509,4,435,public_area,1
image_19835_1,294,417,154,383,food,1
image_19835_1,236,302,195,320,public_area,1
image_19836_0,146,225,406,472,room,1
image_19836_0,295,333,172,223,room,1
image_19836_0,253,511,276,511,room,1
image_19836_1,299,317,219,302,room,1
image_19836_1,313,335,144,235,room,1
image_19836_1,275,511,0,74,room,1
image_19836_1,290,331,85,105,room,1
image_19836_1,301,437,320,483,room,1
image_19836_1,208,272,0,32,room,1
image_19837_0,371,450,1,144,room,1
image_19837_0,272,404,144,334,room,1
image_19837_0,275,286,455,512,room,1
image_19837_0,291,368,0,68,room,1
image_19837_0,230,273,480,501,room,1
image_19837_0,232,272,361,374,room,1
image_19837_0,419,511,1,443,room,1
image_19851_0,367,430,411,512,public_area,1
image_19852_0,322,510,268,512,public_area,1
image_19852_1,222,511,115,511,room,1
image_19852_2,123,171,442,493,food,1
image_19852_2,315,383,35,163,food,1
image_19852_2,308,435,189,310,food,1
image_19852_2,274,332,326,384,food,1
image_19852_2,77,172,33,241,food,1
image_19854_0,225,510,97,511,room,1
image_19854_1,252,512,313,452,room,1
image_19856_0,174,220,445,478,public_area,1
image_19856_0,181,243,151,204,service,1
image_19856_1,225,328,234,511,public_area,1
image_19856_1,119,221,292,395,public_area,1
image_19895_0,108,259,0,57,room,1
image_19895_0,423,446,0,91,room,1
image_19895_0,292,409,115,215,room,1
image_19895_0,275,511,295,512,room,1
image_19895_1,276,337,70,114,public_area,1
image_19895_1,247,318,212,280,public_area,1
image_19895_1,229,511,358,512,public_area,1
image_19895_1,318,511,177,444,public_area,1
image_19896_0,359,512,424,512,public_area,1
image_19911_0,23,72,96,126,public_area,1
image_19911_0,15,67,36,69,public_area,1
image_19911_0,0,57,208,276,public_area,1
image_19913_0,73,215,443,512,food,1
image_19913_0,76,218,259,433,food,1
image_19916_0,285,512,163,512,room,1
image_19916_0,364,512,0,202,room,1
image_19951_0,192,271,46,121,public_area,1
image_19951_0,240,281,0,42,public_area,1
image_19951_0,278,511,1,368,public_area,1
image_19951_1,235,510,0,511,room,1
image_19956_1,232,511,1,496,room,1
image_19957_0,36,502,427,512,public_area,1
image_19957_0,184,348,0,44,public_area,1
image_19957_0,194,339,222,341,public_area,1
image_19958_0,245,376,63,386,room,1
image_19958_1,274,388,40,332,room,1
image_19958_1,382,512,1,396,room,1
image_19958_2,288,402,200,341,public_area,1
image_19958_2,272,326,364,383,public_area,1
image_19958_2,264,294,50,105,public_area,1
image_19959_0,338,511,1,401,room,1
image_19959_0,385,510,453,512,room,1
image_19959_0,269,314,440,472,room,1
image_19976_0,23,144,469,512,room,1
image_19976_1,171,510,96,509,room,1
image_19976_2,316,378,173,202,public_area,1
image_19976_2,257,383,324,442,public_area,1
image_19976_3,254,462,400,512,public_area,1
image_20008_0,249,379,12,54,room,1
image_20008_0,261,456,179,422,room,1
image_20008_2,272,451,170,423,room,1
image_20008_3,293,331,300,357,room,1
image_20008_3,232,302,91,179,room,1
image_20008_3,272,386,150,284,room,1
image_20012_0,151,334,256,486,food,1
image_20012_0,122,168,290,361,food,1
image_20012_0,410,512,127,238,food,1
image_20012_0,390,497,20,128,food,1
image_20012_0,105,155,15,85,food,1
image_20012_0,0,136,323,396,food,1
image_20029_0,130,298,153,409,room,1
image_20029_3,37,455,59,437,room,1
image_20029_4,300,405,481,512,room,1
image_20031_0,287,304,216,224,room,1
image_20031_0,333,512,0,141,room,1
image_20031_0,201,248,227,295,room,1
image_20031_0,347,511,174,511,room,1
image_20031_1,92,198,9,154,food,1
image_20031_1,252,511,36,297,food,1
image_20031_1,200,268,0,80,food,1
image_20031_1,88,187,409,499,food,1
image_20031_1,165,268,399,512,food,1
image_20031_1,10,100,87,215,food,1
image_20037_0,296,367,423,464,public_area,1
image_20037_0,424,512,254,341,public_area,1
image_20038_0,152,246,347,478,room,1
image_20038_0,265,300,184,237,room,1
image_20038_0,294,511,1,511,room,1
image_20061_0,218,277,381,438,public_area,1
image_20061_0,309,457,0,108,public_area,1
image_20062_0,219,266,202,235,service,1
image_20062_0,263,367,346,511,public_area,1
image_20062_0,264,401,130,337,public_area,1
image_20062_0,271,485,0,188,public_area,1
image_20072_0,276,511,179,511,room,1
image_20115_0,304,512,165,510,room,1
image_20116_0,198,311,224,408,room,1
image_20116_0,227,511,1,258,room,1
image_20116_0,295,449,370,511,room,1
image_20116_1,94,198,322,473,room,1
image_20116_1,294,480,386,512,room,1
image_20116_1,292,489,1,281,room,1
image_20116_2,122,231,0,45,room,1
image_20116_2,331,495,0,45,room,1
image_20117_0,214,511,111,511,room,1
image_20117_1,221,368,297,512,room,1
image_20117_2,117,224,128,290,room,1
image_20117_2,271,306,389,401,room,1
image_20117_3,299,511,1,494,room,1
image_20119_1,328,423,394,512,public_area,1
image_20119_1,284,396,319,395,public_area,1
image_20119_1,297,433,0,315,public_area,1
image_20119_2,241,512,35,486,room,1
image_20119_3,83,230,52,103,room,1
image_20119_3,335,356,79,102,room,1
image_20119_3,312,358,58,78,room,1
image_20119_3,298,511,267,511,room,1
image_20119_4,267,508,253,512,room,1
image_20122_0,220,511,1,511,room,1
image_20141_0,179,325,1,296,room,1
image_20141_0,276,511,124,511,room,1
image_20145_0,249,289,391,469,public_area,1
image_20145_1,306,511,91,510,room,1
image_20146_0,425,512,178,322,room,1
image_20146_0,371,511,0,120,room,1
image_20146_0,355,512,380,487,room,1
image_20147_0,134,509,1,511,room,1
image_20147_1,189,228,358,371,room,1
image_20147_1,212,229,249,323,room,1
image_20147_1,189,309,157,212,room,1
image_20147_2,117,250,88,305,room,1
image_20179_1,69,511,22,493,food,1
image_20179_2,317,512,180,383,room,1
image_20184_0,142,244,167,212,room,1
image_20184_0,291,512,328,512,room,1
image_20184_0,226,305,228,285,room,1
image_20184_0,249,301,381,449,room,1
image_20184_1,320,348,380,394,room,1
image_20184_1,433,512,214,432,room,1
image_20184_1,287,511,11,250,room,1
image_20207_1,307,511,1,182,room,1
image_20207_2,240,510,76,338,room,1
image_20207_2,163,215,319,416,room,1
image_20207_2,177,511,443,512,room,1
image_20207_2,201,329,0,150,room,1
image_20207_3,219,463,325,434,room,1
image_20207_3,324,511,32,362,room,1
image_20207_3,263,286,204,328,room,1
image_20207_3,125,167,58,88,room,1
image_20229_0,313,326,123,155,room,1
image_20229_0,188,322,21,124,room,1
image_20229_0,309,511,388,511,room,1
image_20229_0,217,441,197,346,room,1
image_20235_1,470,512,1,131,room,1
image_20235_1,428,457,308,335,room,1
image_20235_1,431,471,42,72,room,1
image_20236_0,352,506,2,510,room,1
image_20236_0,299,344,29,45,room,1
image_20236_0,52,206,393,512,room,1
image_20259_0,247,511,174,483,room,1
image_20259_0,371,511,0,96,room,1
image_20260_0,353,484,224,293,room,1
image_20260_0,243,354,383,511,room,1
image_20261_0,298,330,241,256,room,1
image_20261_0,350,423,217,407,room,1
image_20261_1,287,401,0,89,room,1
image_20261_1,226,511,186,511,room,1
image_20261_2,349,512,289,425,room,1
image_20266_0,98,321,291,478,food,1
image_20266_0,228,410,79,284,food,1
image_20266_1,357,511,0,78,public_area,1
image_20267_0,311,397,378,443,room,1
image_20267_0,305,510,0,362,room,1
image_20267_1,433,464,290,363,room,1
image_20267_2,419,512,152,237,room,1
image_20267_2,389,512,0,138,room,1
image_20267_3,177,512,249,480,facilities,1
image_20267_3,143,511,0,219,facilities,1
image_20278_1,289,490,1,511,room,1
image_20278_1,0,62,425,511,room,1
image_20278_2,185,507,1,510,room,1
image_20293_0,257,364,411,482,room,1
image_20293_0,225,511,0,358,room,1
image_20301_0,330,364,152,186,public_area,1
image_20301_0,380,420,348,429,public_area,1
image_20301_0,400,473,449,486,public_area,1
image_20301_0,373,440,192,308,public_area,1
image_20301_2,224,253,228,283,room,1
image_20301_3,265,511,0,188,room,1
image_20301_3,178,267,50,84,room,1
image_20301_3,230,460,242,512,room,1
image_20302_0,288,325,105,141,public_area,1
image_20302_0,236,261,0,18,service,1
image_20302_0,130,411,292,371,public_area,1
image_20302_0,343,511,1,212,public_area,1
image_20302_0,298,487,380,496,public_area,1
image_20302_1,355,512,414,512,room,1
image_20302_1,327,512,0,272,room,1
image_20309_0,252,268,174,184,room,1
image_20309_0,267,300,181,201,room,1
image_20309_0,263,322,1,173,room,1
image_20310_0,230,511,0,511,room,1
image_20327_2,264,511,1,511,room,1
image_20341_0,261,280,320,333,room,1
image_20341_0,170,343,102,239,room,1
image_20341_0,292,509,1,510,room,1
image_20355_1,424,459,392,432,room,1
image_20355_1,294,503,0,277,room,1
image_20355_2,244,430,121,257,food,1
image_20355_2,11,187,140,279,food,1
image_20356_0,379,510,1,511,public_area,1
image_20356_0,162,185,409,437,public_area,1
image_20356_0,17,230,0,58,public_area,1
image_20356_0,134,171,267,294,service,1
image_20356_0,186,424,223,512,public_area,1
image_20373_1,338,351,428,443,room,1
image_20373_1,307,349,446,464,room,1
image_20373_1,309,348,462,476,room,1
image_20373_1,367,511,0,300,room,1
image_20373_2,287,302,275,302,public_area,1
image_20373_4,114,391,0,259,food,1
image_20373_4,48,144,323,427,food,1
image_20373_4,140,412,249,512,food,1
image_20373_4,422,512,0,92,food,1
image_20373_4,349,512,114,342,food,1
image_20374_0,276,330,291,331,public_area,1
image_20374_0,352,512,36,162,public_area,1
image_20374_1,256,283,166,223,public_area,1
image_20374_1,202,262,184,198,public_area,1
image_20374_1,200,271,67,157,public_area,1
image_20374_2,264,331,427,464,public_area,1
image_20374_2,206,446,181,370,public_area,1
image_20374_3,427,510,138,507,public_area,1
image_20375_0,235,274,415,504,public_area,1
image_30319_0,265,511,76,430,room,1
image_30320_2,112,512,119,355,room,1
image_30321_1,192,511,0,173,room,1
image_30322_0,190,493,193,333,room,1
image_30322_0,193,483,346,477,room,1
image_30322_1,0,511,23,502,room,1
image_30342_0,368,512,0,235,room,1
image_30342_0,203,315,462,512,room,1
image_30342_0,357,441,422,495,room,1
image_30342_0,252,403,134,387,room,1
image_30342_1,212,435,195,371,room,1
image_30342_1,197,421,25,166,room,1
image_30342_2,254,407,327,400,room,1
image_30342_2,184,399,65,310,room,1
image_30342_3,164,228,0,21,room,1
image_30342_3,215,455,60,491,room,1
image_30342_4,450,512,372,512,room,1
image_30342_4,231,264,465,512,room,1
image_30342_4,362,444,406,477,room,1
image_30342_4,260,398,124,376,room,1
image_30342_4,339,512,0,177,room,1
image_30437_0,279,334,207,308,room,1
image_30437_0,345,512,100,339,room,1
image_30437_1,421,466,180,199,public_area,1
image_30437_1,434,459,91,105,public_area,1
image_30437_1,367,454,300,426,public_area,1
image_30437_1,401,434,272,302,public_area,1
image_30437_1,386,417,113,122,public_area,1
image_30437_1,356,415,195,214,public_area,1
image_30437_2,338,511,2,510,room,1
image_30437_2,158,284,0,102,room,1
image_30438_0,462,512,67,254,public_area,1
image_30438_1,0,54,74,312,public_area,1
image_30438_1,154,295,119,301,food,1
image_30438_1,3,99,330,502,public_area,1
image_30438_1,220,321,16,123,food,1
image_30438_1,44,186,225,434,food,1
image_30440_0,235,511,176,511,room,1
image_30440_1,210,236,129,151,room,1
image_30440_1,9,61,304,350,room,1
image_30440_1,350,469,297,382,room,1
image_30440_2,322,349,352,382,room,1
image_30440_2,378,423,250,310,room,1
image_30440_2,349,422,295,387,room,1
image_30440_2,395,508,78,111,room,1
image_30440_2,397,510,19,56,room,1
image_30440_3,96,247,419,488,room,1
image_30440_3,254,469,1,396,room,1
image_30441_0,258,295,84,131,room,1
image_30441_0,165,315,126,467,room,1
image_30441_0,243,281,0,49,room,1
image_30441_0,271,512,237,417,room,1
image_30441_1,263,453,307,512,room,1
image_30441_1,267,351,20,193,room,1
image_30441_1,440,512,419,512,room,1
image_30442_0,163,180,181,211,public_area,1
image_30443_0,285,299,160,183,room,1
image_30443_0,248,390,241,471,room,1
image_30443_0,332,442,242,327,room,1
image_30443_0,278,301,115,170,room,1
image_30443_1,260,394,235,336,public_area,1
image_30443_1,206,229,157,179,public_area,1
image_30443_1,344,417,0,97,public_area,1
image_30443_2,254,267,124,143,public_area,1
image_30443_2,295,431,0,56,public_area,1
image_30443_2,196,241,495,512,public_area,1
image_30443_2,309,379,82,170,public_area,1
image_30444_0,226,511,0,494,room,1
image_30468_0,264,511,75,511,room,1
image_30469_0,196,287,436,505,room,1
image_30469_0,250,511,1,313,room,1
image_30471_0,227,511,1,344,room,1
image_30472_0,276,433,436,477,room,1
image_30472_0,229,511,1,387,room,1
image_30472_1,333,426,2,154,room,1
image_30472_1,329,512,183,323,room,1
image_30533_0,171,261,335,381,public_area,1
image_30533_0,162,185,10,38,service,1
image_30533_0,44,338,368,512,public_area,1
image_30533_0,213,512,162,353,public_area,1
image_30534_0,174,291,394,444,room,1
image_30534_0,312,512,326,452,room,1
image_30534_0,293,460,26,250,room,1
image_30535_0,273,362,437,512,room,1
image_30535_0,174,511,0,401,room,1
image_30545_0,126,199,200,270,room,1
image_30545_0,346,458,49,112,room,1
image_30546_0,174,368,0,53,room,1
image_30546_0,252,510,95,511,room,1
image_30547_0,369,411,60,75,room,1
image_30547_0,219,327,0,163,room,1
image_30548_0,2,510,2,509,room,1
image_30548_1,1,510,2,510,room,1
image_30549_1,327,346,351,374,room,1
image_30549_1,113,179,306,357,room,1
image_30549_1,311,338,410,450,room,1
image_30549_1,332,355,391,417,room,1
image_30549_1,197,511,1,274,room,1
image_30549_2,172,511,1,253,room,1
image_30638_0,371,407,448,512,room,1
image_30638_0,296,396,383,449,room,1
image_30638_0,388,511,351,512,room,1
image_30638_0,195,297,482,512,room,1
image_30638_0,306,510,1,293,room,1
image_30639_0,273,373,438,512,public_area,1
image_30639_0,265,326,266,343,service,1
image_30639_0,261,338,183,270,service,1
image_30639_1,21,309,50,193,public_area,1
image_30639_1,18,372,379,512,public_area,1
image_30639_1,73,273,194,382,public_area,1
image_30773_1,269,511,133,511,room,1
image_30781_1,225,511,0,511,room,1
image_30782_0,82,231,0,83,room,1
image_30782_0,277,511,405,512,room,1
image_30782_1,286,512,88,511,room,1
image_30795_1,351,382,58,148,public_area,1
image_30796_0,259,303,211,276,public_area,1
image_30796_0,266,312,119,188,public_area,1
image_30796_0,344,461,32,203,food,1
image_30796_3,196,272,29,111,public_area,1
image_30797_0,315,481,30,163,room,1
image_30797_0,334,476,330,395,room,1
image_30797_1,337,511,364,511,room,1
image_30798_3,372,462,261,289,public_area,1
image_30798_3,390,460,232,263,public_area,1
image_30799_0,272,360,324,376,public_area,1
image_30799_0,264,353,141,208,public_area,1
image_30800_0,296,390,147,231,room,1
image_30800_0,359,512,165,511,room,1
image_30800_1,212,509,37,482,room,1
image_30800_3,302,338,409,429,room,1
image_30800_3,213,385,170,302,room,1
image_30800_3,329,345,449,462,room,1
image_30800_3,338,458,350,443,room,1
image_30801_0,137,424,64,511,public_area,1
image_30801_0,333,431,3,102,public_area,1
image_30801_1,246,273,375,397,food,1
image_30801_1,193,215,376,428,public_area,1
image_30801_1,361,512,315,511,public_area,1
image_30801_1,216,313,446,512,food,1
image_30801_1,274,309,354,387,food,1
image_30801_2,7,499,114,510,public_area,1
image_30801_3,0,511,1,266,public_area,1
image_30807_0,97,509,0,511,room,1
image_30808_1,261,310,401,423,room,1
image_30808_1,260,283,428,442,room,1
image_30808_1,260,292,446,460,room,1
image_30808_1,280,511,362,512,room,1
image_30808_2,57,512,211,415,public_area,1
image_30809_0,344,511,1,442,room,1
image_30809_0,374,512,441,512,room,1
image_30811_0,219,251,414,424,public_area,1
image_30811_0,242,261,316,428,public_area,1
image_30811_0,132,394,482,512,public_area,1
image_30811_0,215,242,246,297,public_area,1
image_30811_0,157,423,0,84,public_area,1
image_30811_0,362,512,215,511,public_area,1
image_30811_0,291,511,1,358,public_area,1
image_30811_1,302,398,57,74,room,1
image_30811_1,228,271,47,72,room,1
image_30811_1,271,407,138,411,room,1
image_30811_2,261,464,170,512,room,1
image_30811_2,151,234,123,226,room,1
image_30811_3,250,313,410,451,room,1
image_30811_3,238,279,233,268,room,1
image_30811_3,168,231,253,321,room,1
image_30811_3,286,512,0,180,room,1
image_30832_0,254,429,252,428,food,1
image_30832_0,343,448,413,511,food,1
image_30832_0,211,281,192,245,food,1
image_30832_0,166,225,210,280,food,1
image_30832_0,274,343,410,439,food,1
image_30832_0,145,207,146,217,food,1
image_30832_0,0,88,140,222,food,1
image_30832_0,130,192,60,144,food,1
image_30832_1,246,385,1,92,public_area,1
image_30832_1,363,511,1,191,public_area,1
image_30832_1,290,512,145,322,public_area,1
image_30832_3,0,46,186,266,public_area,1
image_30832_3,0,28,376,418,public_area,1
image_30832_3,296,326,366,455,food,1
image_30832_3,415,512,133,305,food,1
image_30832_3,138,166,232,279,public_area,1
image_30832_3,93,132,196,256,food,1
image_30832_3,110,156,146,220,food,1
image_30832_4,234,511,1,374,room,1
image_30832_5,240,312,98,252,public_area,1
image_30832_6,61,82,118,147,public_area,1
image_30832_6,79,102,109,163,food,1
image_30832_6,103,167,105,169,public_area,1
image_30832_6,172,319,385,512,public_area,1
image_30832_6,213,368,350,445,food,1
image_30832_6,55,88,59,82,public_area,1
image_30832_6,153,210,146,209,public_area,1
image_30833_0,434,473,336,388,food,1
image_30833_0,262,405,183,361,public_area,1
image_30833_0,381,443,140,232,food,1
image_30833_0,403,451,269,330,food,1
image_30833_1,185,234,67,177,food,1
image_30833_1,78,203,315,395,public_area,1
image_30833_1,170,271,391,512,food,1
image_30833_1,0,43,109,213,public_area,1
image_30833_1,195,266,282,368,food,1
image_30833_1,289,512,0,127,food,1
image_30833_1,170,271,391,511,food,1
image_30833_1,18,82,371,445,food,1
image_30833_1,309,482,343,512,food,1
image_30833_1,0,49,275,362,food,1
image_30834_0,489,512,118,195,public_area,1
image_30834_0,401,512,332,431,public_area,1
image_30834_0,449,512,165,363,public_area,1
image_30835_0,76,157,279,338,food,1
image_30835_0,259,343,309,388,food,1
image_30835_0,368,507,283,413,food,1
image_30835_0,146,234,155,256,food,1
image_30836_1,338,506,20,317,room,1
image_30837_0,80,511,1,512,room,1
image_30838_0,241,391,162,508,public_area,1
image_30838_0,35,155,362,469,public_area,1
image_30839_0,80,167,490,512,food,1
image_30839_0,0,70,213,351,food,1
image_30839_0,55,179,366,463,food,1
image_30839_0,92,149,279,363,food,1
image_30839_0,161,234,320,427,food,1
image_30839_0,209,450,102,399,food,1
image_30839_0,53,173,147,235,food,1
image_30840_0,77,145,120,176,public_area,1
image_30840_0,140,383,0,304,food,1
image_30840_0,165,389,395,512,food,1
image_30864_0,315,511,351,505,public_area,1
image_30865_0,398,512,297,446,room,1
image_30865_0,351,420,111,213,room,1
image_30865_0,287,374,146,256,room,1
image_30865_0,359,409,349,406,room,1
image_30865_0,328,511,455,511,room,1
image_30865_0,307,430,0,147,room,1
image_30866_0,271,313,206,246,room,1
image_30866_0,313,356,409,438,room,1
image_30866_0,317,510,215,381,room,1
image_30866_0,287,436,0,201,room,1
image_30868_1,0,114,3,507,public_area,1
image_30868_1,111,248,257,512,food,1
image_30868_1,219,374,286,481,food,1
image_30868_1,108,330,121,270,food,1
image_30870_0,376,512,403,512,room,1
image_30870_0,320,459,250,426,room,1
image_30870_0,128,242,361,492,room,1
image_30870_0,306,356,441,482,room,1
image_30870_0,306,511,1,93,room,1
image_30870_1,310,510,115,396,room,1
image_30870_1,360,512,50,123,room,1
image_30926_0,276,510,1,466,room,1
image_30926_1,20,505,1,511,room,1
image_30926_2,214,511,0,471,room,1
image_30926_3,307,334,453,483,room,1
image_30926_3,236,509,114,444,room,1
image_30927_1,146,308,408,512,food,1
image_30927_1,0,92,0,110,food,1
image_30927_2,89,204,0,134,food,1
image_30928_0,347,417,156,195,public_area,1
image_30928_1,195,256,69,154,public_area,1
image_30928_1,291,417,84,184,public_area,1
image_30928_1,249,478,0,88,public_area,1
image_30928_1,407,475,105,171,public_area,1
image_30940_0,349,512,117,357,public_area,1
image_30940_0,230,396,66,457,public_area,1
image_30943_0,298,335,258,286,public_area,1
image_30943_0,402,467,451,485,public_area,1
image_30943_0,261,327,379,403,public_area,1
image_30943_0,323,367,367,480,public_area,1
image_30943_0,324,392,0,24,public_area,1
image_30945_1,195,320,444,512,room,1
image_30945_1,336,511,1,398,room,1
image_30945_2,418,509,357,407,public_area,1
image_30945_2,342,409,333,422,public_area,1
image_30945_3,471,512,0,151,room,1
image_30945_3,305,512,73,511,room,1
image_30948_0,248,335,44,116,service,1
image_30950_0,239,512,30,512,room,1
image_30953_0,338,381,268,303,public_area,1
image_30953_0,263,511,331,512,public_area,1
image_30955_0,307,360,70,124,service,1
image_30955_0,320,371,42,78,service,1
image_30955_1,146,241,39,69,public_area,1
image_30955_1,364,407,500,512,public_area,1
image_30955_1,209,424,64,308,public_area,1
image_30956_0,367,439,293,388,public_area,1
image_30956_0,271,407,345,410,public_area,1
image_30956_0,280,394,94,152,public_area,1
image_30957_0,260,512,93,511,room,1
image_30959_0,212,224,331,356,room,1
image_30959_0,226,282,208,240,room,1
image_30961_0,482,510,131,181,public_area,1
image_30961_0,463,482,148,184,public_area,1
image_30961_0,477,512,18,78,public_area,1
image_30962_0,392,468,114,158,public_area,1
image_30976_0,405,512,1,353,public_area,1
image_30976_0,318,434,144,219,service,1
image_30978_0,433,512,181,343,room,1
image_30978_0,435,511,0,152,room,1
image_30978_1,148,170,115,130,room,1
image_30978_1,171,454,0,357,room,1
image_30978_2,201,510,0,511,room,1
image_30979_0,248,371,51,98,public_area,1
image_30979_0,196,403,224,407,service,1
image_30980_0,184,284,0,66,public_area,1
image_30980_0,180,477,169,350,service,1
image_30981_0,33,509,1,506,room,1
image_31097_1,297,511,1,459,room,1
image_31097_3,0,82,179,210,room,1
image_31097_3,50,97,433,511,room,1
image_31097_3,50,210,0,222,room,1
image_31097_3,0,90,218,261,room,1
image_31097_3,178,511,350,512,room,1
image_31221_0,359,396,165,251,public_area,1
image_31221_0,256,449,427,512,public_area,1
image_31223_0,437,512,1,225,room,1
image_31224_0,270,508,3,510,room,1
image_31225_0,352,376,484,500,room,1
image_31225_0,335,369,462,485,room,1
image_31225_0,298,475,337,439,room,1
image_31225_0,271,486,54,337,room,1
image_31225_1,295,359,157,218,room,1
image_31225_1,325,512,430,494,room,1
image_31226_0,260,345,324,364,room,1
image_31226_0,436,512,378,511,room,1
image_31226_0,262,386,131,323,room,1
image_31226_0,267,511,1,225,room,1
image_31227_0,93,510,472,512,room,1
image_31345_0,292,426,470,512,room,1
image_31345_0,425,512,277,506,room,1
image_31345_0,305,337,285,332,room,1
image_31345_1,405,511,3,510,room,1
image_31345_1,366,417,375,391,room,1
image_31395_0,54,117,158,184,room,1
image_31395_0,332,457,0,84,room,1
image_31395_0,298,512,60,312,room,1
image_31395_1,224,249,360,368,room,1
image_31395_1,282,511,0,511,room,1
image_31395_2,239,276,320,347,room,1
image_31395_2,294,475,0,266,room,1
image_31395_2,227,468,376,488,room,1
image_31395_3,156,179,218,281,room,1
image_31395_3,446,512,443,512,room,1
image_31395_3,157,176,153,199,room,1
image_31395_3,162,182,294,333,room,1
image_31395_3,342,378,137,354,room,1
image_31395_3,278,345,167,191,room,1
image_31395_3,200,511,1,128,room,1
image_31397_0,360,422,150,214,food,1
image_31397_0,475,512,129,254,food,1
image_31397_0,445,512,18,108,food,1
image_31397_0,385,419,217,275,food,1
image_31397_0,345,465,52,111,food,1
image_31397_0,342,419,329,460,food,1
image_31397_0,327,398,29,88,food,1
image_31397_0,359,405,267,337,food,1
image_31397_0,118,362,0,458,room,1
image_31397_0,391,486,278,420,food,1
image_31414_2,357,459,225,250,room,1
image_31414_2,319,396,31,88,room,1
image_31414_2,336,509,125,190,room,1
image_31414_2,369,474,330,512,room,1
image_31427_0,257,370,0,46,room,1
image_31427_0,166,351,345,479,public_area,1
image_31427_0,345,371,58,86,room,1
image_31427_0,262,510,188,314,room,1
image_31428_0,59,509,3,511,room,1
image_31428_1,362,511,150,511,public_area,1
image_31428_1,291,511,0,125,public_area,1
image_31428_1,140,423,0,445,public_area,1
image_31428_1,85,104,77,91,public_area,1
image_31428_1,52,73,74,99,public_area,1
image_31428_1,188,353,412,512,public_area,1
image_31428_1,53,136,316,418,public_area,1
image_31428_2,289,511,1,187,public_area,1
image_31428_2,265,334,310,397,public_area,1
image_31428_2,182,443,189,342,public_area,1
image_31444_2,3,295,16,512,food,1
image_31444_2,404,512,146,453,public_area,1
image_31444_2,368,512,36,163,food,1
image_31445_1,303,357,394,450,room,1
image_31445_1,207,291,497,512,room,1
image_31445_1,249,511,25,335,room,1
image_31445_2,168,184,460,482,room,1
image_31445_2,280,352,0,98,room,1
image_31445_3,407,441,340,366,public_area,1
image_31445_3,472,512,409,512,public_area,1
image_31445_3,407,465,406,511,public_area,1
image_31445_3,421,483,351,409,public_area,1
image_31445_4,184,379,0,131,public_area,1
image_31445_4,147,356,126,349,public_area,1
image_31445_4,200,377,345,512,public_area,1
image_31457_0,355,473,30,164,room,1
image_31457_1,264,308,296,315,room,1
image_31457_2,67,251,0,57,room,1
image_31457_2,186,447,0,511,room,1
image_31476_0,242,511,2,356,room,1
image_31476_1,251,512,169,509,room,1
image_31476_2,322,511,0,511,public_area,1
image_31476_2,215,250,425,438,public_area,1
image_31476_2,259,337,81,173,public_area,1
image_31476_2,221,247,289,316,service,1
image_31477_0,190,508,1,511,room,1
image_31478_0,357,460,327,406,public_area,1
image_31478_0,296,340,234,270,public_area,1
image_31478_0,0,180,3,419,public_area,1
image_31478_0,364,487,386,508,public_area,1
image_31478_0,331,450,266,337,public_area,1
image_31480_0,283,402,227,456,food,1
image_31480_0,108,192,396,470,public_area,1
image_31480_0,116,241,97,304,public_area,1
image_31480_0,345,512,22,216,food,1
image_31480_2,291,383,183,512,public_area,1
image_31480_2,338,435,0,99,public_area,1
image_31480_2,420,512,0,448,public_area,1
image_31480_2,2,469,15,288,public_area,1
image_31498_0,232,510,4,512,room,1
image_31499_0,160,304,238,432,room,1
image_31499_0,183,511,3,375,room,1
image_31500_0,440,480,246,291,public_area,1
image_31500_0,367,408,165,207,public_area,1
image_31500_0,347,479,374,497,public_area,1
image_31500_0,382,412,118,145,public_area,1
image_31500_0,329,511,0,61,public_area,1
image_31500_0,384,415,72,107,public_area,1
image_31533_2,189,510,1,510,room,1
image_31552_0,218,255,365,382,public_area,1
image_31552_0,315,418,100,162,public_area,1
image_31552_0,126,162,462,494,public_area,1
image_31552_0,125,161,383,417,public_area,1
image_31552_0,118,158,228,266,public_area,1
image_31552_0,110,153,133,175,public_area,1
image_31552_0,122,161,309,345,public_area,1
image_31553_0,379,509,1,511,room,1
image_31553_0,241,257,186,208,room,1
image_31553_0,257,351,179,207,room,1
image_31553_0,301,356,224,266,room,1
image_31553_0,309,399,0,122,room,1
image_31553_0,301,417,278,453,room,1
image_31554_0,269,511,1,511,room,1
image_31554_0,71,193,140,335,room,1
image_31554_1,272,412,8,45,room,1
image_31554_1,207,344,141,322,room,1
image_31554_1,252,392,295,497,room,1
image_31555_0,416,511,93,511,room,1
image_31555_0,246,465,1,456,room,1
image_31556_0,228,271,300,319,room,1
image_31556_1,373,512,1,150,room,1
image_31556_1,301,512,204,457,room,1
image_31556_2,276,435,0,57,room,1
image_31556_2,244,510,416,512,room,1
image_31556_2,108,303,8,314,room,1
image_31557_0,406,512,46,284,room,1
image_31557_0,367,439,131,188,room,1
image_31558_0,432,512,144,336,room,1
image_31558_0,373,512,1,135,room,1
image_31558_0,382,512,395,512,room,1
image_31560_0,397,512,399,512,room,1
image_31560_0,281,459,54,285,room,1
image_31560_0,327,410,330,377,room,1
image_31617_0,291,344,0,85,room,1
image_31617_0,245,302,0,38,room,1
image_31617_0,285,401,84,125,room,1
image_31617_0,253,448,228,500,room,1
image_31618_1,284,326,26,63,room,1
image_31618_1,265,301,123,160,room,1
image_31618_1,278,367,57,92,room,1
image_31618_1,107,192,462,512,room,1
image_31618_2,263,436,72,186,room,1
image_31618_2,215,504,158,512,room,1
image_31624_0,245,265,319,335,room,1
image_31624_0,284,511,1,181,room,1
image_31624_1,329,438,20,70,public_area,1
image_31624_1,250,313,30,235,public_area,1
image_31624_1,386,474,212,359,public_area,1
image_31624_1,156,445,369,512,public_area,1
image_31624_1,387,444,91,196,public_area,1
image_31624_2,301,349,147,180,room,1
image_31624_2,259,512,165,504,room,1
image_31624_2,284,368,40,109,room,1
image_31624_3,214,416,97,257,public_area,1
image_31624_3,86,512,388,512,public_area,1
image_31625_0,328,511,35,270,room,1
image_31625_1,229,299,189,225,room,1
image_31625_1,222,409,287,466,room,1
image_31625_2,431,512,1,227,room,1
image_31625_2,207,289,0,74,room,1
image_31625_3,381,475,342,402,room,1
image_31625_3,394,512,120,325,room,1
image_31626_0,0,75,291,489,public_area,1
image_31626_0,484,512,0,54,public_area,1
image_31626_0,441,512,53,185,public_area,1
image_31641_0,120,510,1,512,room,1
image_31642_0,285,313,113,164,public_area,1
image_31642_0,257,305,232,272,public_area,1
image_31642_0,236,316,207,246,public_area,1
image_31642_0,278,313,271,309,public_area,1
image_31642_0,123,257,203,300,public_area,1
image_31651_0,251,402,151,463,public_area,1
image_31651_0,105,295,239,353,public_area,1
image_31651_0,204,309,442,512,public_area,1
image_31651_0,137,160,61,70,public_area,1
image_31651_0,396,511,261,512,public_area,1
image_31651_3,285,511,231,511,room,1
image_31651_3,32,214,205,409,room,1
image_31651_4,245,385,307,354,room,1
image_31651_4,222,510,1,205,room,1
image_31651_5,266,339,170,341,room,1
image_31651_6,126,161,133,160,room,1
image_31651_6,255,512,332,512,room,1
image_31654_0,261,356,242,385,room,1
image_31654_1,298,512,273,427,room,1
image_31654_2,292,315,188,204,room,1
image_31654_2,306,507,45,266,room,1
image_31654_2,160,377,312,395,room,1
image_31654_3,289,341,71,178,public_area,1
image_31654_3,273,326,168,274,public_area,1
image_31654_3,217,248,47,98,public_area,1
image_31654_3,245,278,319,350,public_area,1
image_31654_3,315,422,277,371,public_area,1
image_31654_3,375,501,247,429,public_area,1
image_31654_3,298,399,239,301,public_area,1
image_31654_4,0,127,20,153,public_area,1
image_31654_4,188,225,280,309,public_area,1
image_31654_4,254,452,106,374,public_area,1
image_31654_4,155,187,455,480,public_area,1
image_31654_4,162,193,155,173,public_area,1
image_31654_4,207,305,387,512,public_area,1
image_31654_4,169,351,0,166,public_area,1
image_31654_4,144,214,381,414,public_area,1
image_31654_4,205,253,232,321,public_area,1
image_31654_5,130,242,429,466,room,1
image_31654_5,198,397,65,342,room,1
image_31654_6,145,271,0,33,room,1
image_31654_6,214,464,141,460,room,1
image_31659_0,287,511,0,407,room,1
image_31659_0,295,335,483,511,room,1
image_31683_0,391,511,1,508,room,1
image_31683_0,340,449,237,325,room,1
image_31685_1,225,256,267,276,room,1
image_31685_1,255,272,231,286,room,1
image_31685_1,279,511,137,512,room,1
image_31685_1,226,406,145,235,room,1
image_31685_2,263,315,189,292,room,1
image_31685_2,212,263,265,284,room,1
image_31685_2,204,511,1,194,room,1
image_31685_3,283,365,324,456,room,1
image_31685_3,295,501,63,177,room,1
image_31686_1,1,498,81,511,room,1
image_31686_2,197,512,322,512,room,1
image_31686_3,1,197,141,384,room,1
image_31686_5,1,507,3,509,room,1
image_31687_1,384,510,2,511,room,1
image_31687_1,0,295,277,424,room,1
image_31688_1,320,437,146,266,room,1
image_31688_1,265,366,267,293,room,1
image_31688_2,29,464,25,332,room,1
image_31688_3,167,239,347,377,room,1
image_31688_3,316,498,147,268,room,1
image_31688_3,265,366,268,294,room,1
image_31688_4,150,231,348,380,room,1
image_31688_4,137,315,96,365,room,1
image_31688_6,100,511,53,511,room,1
image_31689_0,3,511,230,511,public_area,1
image_31747_0,219,511,96,408,room,1
image_31747_1,331,511,264,511,room,1
image_31747_1,219,277,183,218,room,1
image_31747_1,272,404,163,337,room,1
image_31747_2,210,499,308,512,room,1
image_31747_2,236,339,146,403,room,1
image_31747_2,163,254,239,288,room,1
image_31747_3,271,290,67,97,room,1
image_31747_3,288,307,0,26,room,1
image_31747_3,249,290,138,155,room,1
image_31747_3,328,380,0,52,room,1
image_31747_3,290,306,78,170,room,1
image_31747_3,160,460,181,286,room,1
image_31747_4,237,509,77,454,room,1
image_31747_5,208,230,197,207,room,1
image_31747_5,270,445,0,170,room,1
image_31747_5,162,308,225,275,room,1
image_31748_0,259,298,71,126,room,1
image_31748_0,226,278,0,61,room,1
image_31748_0,226,302,144,200,room,1
image_31748_0,265,511,2,501,room,1
image_31748_1,328,394,244,314,room,1
image_31748_1,171,206,399,423,room,1
image_31748_1,249,393,30,111,room,1
image_31748_1,241,314,310,346,room,1
image_31748_1,247,315,379,431,room,1
image_31748_1,334,511,382,512,room,1
image_31748_1,269,310,208,288,room,1
image_31748_1,281,444,90,219,room,1
image_31749_0,271,355,201,280,public_area,1
image_31749_0,291,356,140,196,public_area,1
image_31749_0,206,510,321,512,public_area,1
image_31750_0,172,233,309,343,room,1
image_31750_0,265,511,354,511,room,1
image_31750_0,77,129,408,435,room,1
image_31750_0,199,241,196,279,room,1
image_31750_0,137,267,0,46,room,1
image_31750_0,176,247,368,426,room,1
image_31750_0,204,324,62,200,room,1
image_31752_0,66,481,95,424,room,1
image_31752_0,246,511,1,509,room,1
image_31753_1,337,512,1,314,room,1
image_31780_0,340,511,0,68,room,1
image_31780_0,356,512,124,437,room,1
image_31780_0,192,284,329,462,room,1
image_31780_0,316,371,226,242,room,1
image_31780_0,317,381,183,203,room,1
image_31799_0,266,511,0,355,public_area,1
image_31799_0,297,512,391,512,public_area,1
image_31801_0,244,441,0,89,room,1
image_31801_0,271,511,53,511,room,1
image_31801_1,191,231,434,511,room,1
image_31801_1,201,413,173,265,room,1
image_31801_1,265,334,291,320,room,1
image_31801_1,328,512,1,237,room,1
image_31801_2,285,511,1,450,room,1
image_31801_3,434,512,15,256,room,1
image_31801_3,225,294,250,291,room,1
image_31801_3,238,265,0,14,room,1
image_31801_3,342,470,0,63,room,1
image_31801_3,271,360,0,38,room,1
image_31801_3,285,507,147,358,room,1
image_31801_3,206,370,129,188,room,1
image_31801_4,232,301,133,181,room,1
image_31801_4,402,512,103,385,room,1
image_31801_4,340,511,293,511,room,1
image_31801_4,225,347,360,456,room,1
image_31801_4,286,472,74,270,room,1
image_31801_5,226,394,140,223,room,1
image_31801_5,170,275,0,33,room,1
image_31801_5,312,511,0,142,room,1
image_31801_5,276,481,289,512,room,1
image_31801_6,282,355,456,512,room,1
image_31801_6,207,318,292,351,room,1
image_31801_6,123,510,126,281,room,1
image_31801_6,324,512,1,147,room,1
image_31802_0,275,284,433,498,room,1
image_31802_0,371,512,7,243,room,1
image_31802_0,258,278,410,434,room,1
image_31802_0,192,224,382,434,room,1
image_31802_0,287,509,132,423,room,1
image_31803_0,208,465,24,154,room,1
image_31803_0,271,511,304,511,room,1
image_31803_1,333,448,43,200,room,1
image_31803_1,366,512,0,107,room,1
image_31803_1,263,308,485,512,room,1
image_31803_1,300,511,395,452,room,1
image_31803_1,218,351,235,301,room,1
image_31803_1,274,359,87,260,room,1
image_31803_2,165,220,305,340,room,1
image_31803_2,407,512,287,372,room,1
image_31803_2,396,512,374,512,room,1
image_31803_2,138,225,231,300,room,1
image_31803_3,298,465,30,235,room,1
image_31803_3,248,310,123,161,room,1
image_31803_3,279,511,419,511,room,1
image_31803_3,203,282,167,274,room,1
image_31803_4,319,509,27,72,room,1
image_31803_4,192,239,205,269,room,1
image_31803_4,249,509,332,510,room,1
image_31803_4,248,339,128,251,room,1
image_31803_4,251,317,87,141,room,1
image_31803_5,224,301,379,422,room,1
image_31803_5,220,380,471,491,room,1
image_31803_5,262,511,1,394,room,1
image_31804_0,462,512,28,112,room,1
image_31804_0,302,404,144,284,room,1
image_31805_0,191,231,433,511,room,1
image_31805_0,201,412,173,265,room,1
image_31805_0,265,335,291,320,room,1
image_31805_0,328,511,1,238,room,1
image_31851_0,270,303,81,94,room,1
image_31851_0,272,304,99,114,room,1
image_31851_0,375,512,71,472,room,1
image_31852_0,254,406,268,472,room,1
image_31852_0,242,466,187,373,room,1
image_31852_1,151,338,406,512,public_area,1
image_31853_0,214,511,1,460,room,1
image_31853_1,219,276,72,95,room,1
image_31853_1,296,441,0,123,room,1
image_31853_1,247,474,33,191,room,1
image_31863_0,224,320,15,54,room,1
image_31863_0,264,423,197,436,room,1
image_31863_0,294,511,319,512,room,1
image_31864_1,383,512,260,378,room,1
image_31864_1,343,511,1,72,room,1
image_31875_0,229,317,362,418,room,1
image_31875_0,156,208,323,405,room,1
image_31875_0,262,509,1,311,room,1
image_31876_0,145,499,1,511,room,1
image_31876_1,316,382,451,512,room,1
image_31876_1,369,512,36,227,room,1
image_31876_2,223,381,206,284,room,1
image_31876_2,229,382,324,421,room,1
image_31876_2,124,393,0,190,room,1
image_31876_2,135,368,414,511,room,1
image_31876_3,389,511,0,257,room,1
image_31876_3,335,512,268,511,room,1
image_31876_4,313,511,1,224,room,1
image_31890_0,449,512,275,511,public_area,1
image_31890_0,125,465,367,474,public_area,1
image_31891_3,1,215,221,510,room,1
image_31891_4,215,508,0,288,room,1
image_31891_4,261,444,404,512,room,1
image_31906_0,417,512,28,177,room,1
image_31906_0,322,512,112,283,room,1
image_31906_1,433,512,1,337,room,1
image_31913_0,301,408,0,33,room,1
image_31913_0,306,509,81,511,room,1
image_31914_0,263,511,7,394,room,1
image_31914_1,260,363,163,224,public_area,1
image_31915_0,238,431,227,346,room,1
image_31915_0,424,511,1,507,room,1
image_31915_0,160,289,341,494,room,1
image_31916_0,282,512,95,416,room,1
image_31918_0,256,291,102,129,room,1
image_31918_0,243,417,138,402,room,1
image_31918_2,298,487,139,252,room,1
image_31919_1,281,512,304,480,room,1
image_31919_2,173,511,1,512,room,1
image_31958_0,281,468,425,512,room,1
image_31958_1,282,511,159,449,room,1
image_31959_1,266,385,127,253,room,1
image_31959_1,291,463,0,128,room,1
image_31959_2,210,512,7,331,room,1
image_31959_3,169,509,0,510,room,1
image_31995_0,245,506,1,511,room,1
image_31995_0,178,210,449,460,room,1
image_31995_0,211,263,114,190,room,1
image_31995_0,175,257,343,422,room,1
image_31995_0,143,212,216,314,room,1
image_32007_0,2,511,79,480,room,1
image_32028_0,247,511,46,420,room,1
image_32028_1,156,205,384,408,room,1
image_32028_1,334,388,108,148,room,1
image_32028_1,310,437,150,370,room,1
image_32032_0,240,312,42,92,public_area,1
image_32032_0,240,296,233,309,public_area,1
image_32032_0,257,369,299,440,public_area,1
image_32032_0,173,226,87,156,public_area,1
image_32032_0,290,435,395,511,public_area,1
image_32032_1,438,511,147,187,public_area,1
image_32032_1,360,396,232,268,public_area,1
image_32043_0,86,264,99,327,public_area,1
image_32043_0,80,405,313,512,public_area,1
image_32076_2,277,332,66,106,public_area,1
image_32076_3,219,275,130,166,public_area,1
image_32077_0,0,193,370,511,room,1
image_32077_0,0,166,173,342,room,1
image_32080_1,1,423,1,270,room,1
image_32080_2,206,439,5,225,room,1
image_32080_2,273,404,257,506,room,1
image_32085_0,180,279,0,72,room,1
image_32085_0,375,510,1,511,room,1
image_32085_0,270,425,345,441,room,1
image_32085_1,188,510,1,510,room,1
image_32087_0,100,511,296,511,room,1
image_32087_1,137,511,0,94,room,1
image_32087_1,0,154,116,497,room,1
image_32087_2,276,325,467,508,room,1
image_32087_2,212,304,346,375,room,1
image_32087_2,383,512,280,512,room,1
image_32087_2,330,512,0,228,room,1
image_32092_0,297,511,1,511,room,1
image_32092_0,252,293,370,384,room,1
image_32092_0,218,328,435,512,room,1
image_32092_0,221,315,235,320,room,1
image_32093_1,301,332,27,39,room,1
image_32093_1,292,372,100,139,room,1
image_32093_1,382,430,8,27,room,1
image_32093_1,211,327,0,18,room,1
image_32093_1,281,465,229,498,room,1
image_32094_0,455,512,4,422,room,1
image_32094_0,162,305,0,83,room,1
image_32094_1,461,512,301,434,room,1
image_32096_0,350,512,3,217,food,1
image_32096_0,126,180,395,467,food,1
image_32096_0,0,122,329,462,food,1
image_32097_0,203,471,11,462,room,1
image_32117_0,268,431,112,233,room,1
image_32117_0,223,344,349,422,room,1
image_32117_0,218,272,110,174,room,1
image_32117_1,306,379,466,512,room,1
image_32117_1,253,511,2,449,room,1
image_32125_0,243,336,87,106,room,1
image_32125_0,237,479,209,511,room,1
image_32126_0,239,301,487,512,room,1
image_32126_0,305,418,0,168,room,1
image_32126_0,298,511,439,512,room,1
image_32127_0,292,381,278,343,room,1
image_32127_0,328,413,251,346,room,1
image_32127_0,236,346,0,81,room,1
image_32127_0,284,492,365,512,room,1
image_32138_0,316,509,0,134,room,1
image_32138_0,219,511,77,348,room,1
image_32138_1,53,96,172,206,room,1
image_32138_1,357,439,328,439,room,1
image_32138_1,236,275,254,267,room,1
image_32138_1,267,297,152,302,room,1
image_32138_1,138,447,25,184,room,1
image_32138_2,251,511,94,512,room,1
image_32138_3,208,424,26,467,room,1
image_32139_0,227,258,336,353,room,1
image_32139_0,304,511,0,389,room,1
image_32140_0,437,512,165,481,room,1
image_32140_0,114,224,395,512,room,1
image_32140_1,146,306,23,105,room,1
image_32140_1,377,512,28,435,room,1
image_32140_1,22,136,185,375,room,1
image_32140_1,48,184,343,481,room,1
image_32140_1,153,319,324,429,room,1
image_32141_0,371,427,36,121,public_area,1
image_32141_0,373,426,152,170,public_area,1
image_32141_0,272,337,231,246,public_area,1
image_32141_0,297,346,32,120,public_area,1
image_32141_0,218,269,54,82,public_area,1
image_32141_0,192,233,357,388,public_area,1
image_32141_0,222,269,95,112,public_area,1
image_32141_0,358,421,210,257,public_area,1
image_32141_0,283,342,169,191,public_area,1
image_32141_0,266,326,283,407,public_area,1
image_32141_0,250,314,488,511,public_area,1
image_32141_0,252,320,434,454,public_area,1
image_32142_0,191,390,232,509,food,1
image_32142_0,67,205,291,416,food,1
image_32142_1,142,251,259,375,food,1
image_32142_1,251,379,268,400,food,1
image_32142_1,68,220,0,145,food,1
image_32163_0,185,236,94,119,public_area,1
image_32163_0,268,381,265,503,public_area,1
image_32163_0,409,512,2,502,public_area,1
image_32163_0,181,237,149,197,public_area,1
image_32163_0,255,333,0,46,public_area,1
image_32163_0,261,346,146,210,public_area,1
image_32164_0,354,502,38,227,public_area,1
image_32164_1,203,506,1,510,room,1
image_32167_0,244,307,114,150,room,1
image_32167_0,170,254,0,36,room,1
image_32167_0,182,458,223,511,room,1
image_32168_0,69,507,2,511,room,1
image_32169_0,375,512,1,337,room,1
image_32169_0,154,247,265,410,room,1
image_32170_0,196,441,132,253,room,1
image_32170_0,138,236,248,387,room,1
image_32170_0,347,512,169,512,room,1
image_32172_0,279,509,1,510,room,1
image_32173_0,259,511,134,512,room,1
image_32203_0,103,149,58,102,public_area,1
image_32203_0,164,216,147,186,public_area,1
image_32203_0,338,512,0,129,public_area,1
image_32203_0,232,380,124,212,public_area,1
image_32203_1,307,500,361,424,public_area,1
image_32203_1,295,466,112,224,public_area,1
image_32203_1,333,512,0,127,public_area,1
image_32204_1,207,277,196,257,public_area,1
image_32204_1,205,427,327,511,public_area,1
image_32204_1,288,512,0,188,public_area,1
image_32205_0,273,380,100,160,public_area,1
image_32205_0,278,314,44,75,public_area,1
image_32205_0,312,512,371,512,public_area,1
image_32205_0,258,512,204,357,public_area,1
image_32230_0,277,485,91,259,room,1
image_32230_0,394,512,148,511,room,1
image_32237_0,192,334,424,512,public_area,1
image_32237_0,152,197,301,342,public_area,1
image_32237_0,256,511,0,345,public_area,1
image_32237_0,350,465,344,404,public_area,1
image_32237_0,153,268,374,443,public_area,1
image_32237_0,127,417,70,268,public_area,1
image_32237_0,213,297,289,391,public_area,1
image_32242_0,206,253,184,200,public_area,1
image_32252_1,287,339,497,512,room,1
image_32252_1,186,510,1,318,room,1
image_32252_1,309,362,438,460,room,1
image_32252_1,276,328,416,434,room,1
image_32255_0,368,455,251,353,food,1
image_32255_0,205,370,287,419,food,1
image_32255_0,357,434,353,418,food,1
image_32255_0,146,388,187,323,food,1
image_32255_0,264,476,115,169,food,1
image_32255_1,321,378,479,512,room,1
image_32255_1,265,511,0,373,room,1
image_32282_0,186,217,19,57,room,1
image_32282_0,389,512,1,151,room,1
image_32282_0,180,362,238,510,room,1
image_32282_1,345,379,322,417,room,1
image_32282_1,331,379,290,333,room,1
image_32282_1,351,512,136,252,room,1
image_32282_1,377,443,295,426,room,1
image_32309_0,321,462,124,204,public_area,1
image_32309_0,420,512,402,498,public_area,1
image_32309_0,423,512,33,117,public_area,1
image_32385_0,263,511,0,269,public_area,1
image_32385_0,74,226,0,90,public_area,1
image_32385_0,0,192,329,470,public_area,1
image_32405_0,249,509,83,512,room,1
image_32405_1,255,392,360,512,room,1
image_32405_1,371,417,380,396,room,1
image_32405_1,379,424,407,421,room,1
image_32405_1,357,488,0,64,room,1
image_32405_1,426,512,1,321,room,1
image_32405_2,293,333,263,277,room,1
image_32405_2,327,362,259,352,room,1
image_32405_2,321,511,123,215,room,1
image_32414_0,143,510,1,512,room,1
image_32418_0,292,400,138,197,room,1
image_32418_0,252,298,213,285,room,1
image_32418_0,371,512,47,510,room,1
image_32419_0,1,510,1,491,room,1
image_32419_3,1,510,4,505,room,1
image_32430_0,233,371,0,295,room,1
image_32430_0,202,254,347,407,room,1
image_32430_0,234,387,407,472,room,1
image_32435_0,295,510,0,309,public_area,1
image_32435_0,251,329,6,185,public_area,1
image_32435_1,259,510,0,200,public_area,1
image_32435_1,223,340,302,437,public_area,1
image_32435_1,312,511,338,511,public_area,1
image_32436_0,321,369,227,266,room,1
image_32436_0,341,377,83,144,room,1
image_32436_0,220,405,265,318,room,1
image_32436_0,194,370,0,128,room,1
image_32436_0,253,437,395,479,room,1
image_32438_0,149,271,349,382,public_area,1
image_32438_0,142,194,125,150,public_area,1
image_32438_0,92,136,394,409,public_area,1
image_32467_0,0,511,82,511,room,1
image_32467_1,114,509,0,512,room,1
image_32472_0,110,511,0,511,room,1
image_32472_1,139,511,2,510,room,1
image_32474_0,153,358,0,140,public_area,1
image_32474_0,313,390,89,130,public_area,1
image_32474_0,340,433,446,512,service,1
image_32497_0,205,511,156,510,room,1
image_32524_1,171,509,0,434,room,1
image_32525_2,427,512,73,512,room,1
image_32525_4,321,511,1,440,room,1
image_32527_0,314,511,122,512,room,1
image_32545_1,216,231,385,393,room,1
image_32545_1,251,273,449,512,room,1
image_32545_1,151,471,185,336,room,1
image_32545_1,229,240,364,428,room,1
image_32545_2,314,408,350,471,room,1
image_32545_3,1,510,3,511,room,1
image_32545_4,173,198,238,257,room,1
image_32545_4,333,384,164,185,room,1
image_32545_4,367,454,132,344,room,1
image_32545_5,257,357,384,473,room,1
image_32545_5,183,287,0,116,room,1
image_32545_6,355,403,478,512,room,1
image_32545_6,225,249,255,317,room,1
image_32545_6,390,451,315,511,room,1
image_32545_6,340,383,7,31,room,1
image_32545_6,373,441,0,157,room,1
image_32597_1,182,193,75,115,room,1
image_32597_1,317,341,19,137,room,1
image_32597_1,326,511,318,511,room,1
image_32597_1,135,191,0,76,room,1
image_32597_1,0,56,0,44,room,1
image_32597_3,39,509,73,511,room,1
image_32600_0,240,286,420,468,room,1
image_32600_0,256,396,177,409,room,1
image_32600_0,409,512,43,209,room,1
image_32600_1,333,512,149,256,room,1
image_32600_2,479,512,1,287,room,1
image_32600_2,314,333,256,298,room,1
image_32640_0,134,276,113,267,public_area,1
image_32640_0,268,434,317,511,public_area,1
image_32641_0,184,244,433,457,public_area,1
image_32660_0,473,512,290,511,room,1
image_32660_0,261,337,155,264,room,1
image_32660_1,223,512,3,504,room,1
image_32662_0,337,511,407,512,room,1
image_32662_0,203,511,1,307,room,1
image_32673_0,214,511,107,457,room,1
image_32674_0,243,484,71,435,room,1
image_32693_0,24,504,1,501,room,1
image_32693_1,236,264,94,112,room,1
image_32693_1,363,512,385,512,room,1
image_32699_0,230,245,250,278,room,1
image_32699_0,197,298,464,512,room,1
image_32699_0,244,451,111,371,room,1
image_32700_0,1,156,90,474,room,1
image_32702_0,215,502,0,458,room,1
image_32702_1,297,390,1,101,room,1
image_32702_2,192,272,197,222,room,1
image_32702_2,392,506,0,192,room,1
image_32702_2,200,300,288,319,room,1
image_32702_2,223,491,362,512,room,1
image_32734_0,274,303,293,309,room,1
image_32734_0,303,511,255,432,room,1
image_32734_0,250,349,102,253,room,1
image_32734_1,293,512,1,436,room,1
image_32735_0,385,512,1,287,room,1
image_32735_0,297,373,363,419,room,1
image_32735_0,345,512,298,511,room,1
image_32736_0,441,512,2,461,room,1
image_32736_0,347,511,315,511,room,1
image_32736_0,219,323,180,331,room,1
image_32739_0,365,421,256,295,room,1
image_32739_0,264,356,257,383,room,1
image_32739_1,323,511,1,511,room,1
image_32740_0,240,280,3,49,room,1
image_32740_0,236,323,176,344,room,1
image_32740_0,200,275,31,123,room,1
image_32740_0,181,345,79,172,room,1
image_32740_0,283,492,300,436,room,1
image_32742_0,408,511,0,114,room,1
image_32742_0,1,511,286,477,room,1
image_32742_1,300,510,1,511,room,1
image_32742_1,259,340,17,82,room,1
image_32742_1,134,238,376,512,room,1
image_32742_2,326,512,379,512,room,1
image_32742_3,414,512,338,512,room,1
image_32742_3,330,421,318,344,room,1
image_32757_0,263,511,36,511,room,1
image_32757_2,165,476,0,236,room,1
image_32757_2,79,472,332,511,room,1
image_32757_3,316,336,361,376,room,1
image_32757_3,316,356,229,329,room,1
image_32757_4,221,512,47,504,room,1
image_32759_0,257,487,119,392,room,1
image_32790_0,4,469,1,511,room,1
image_32791_0,149,510,1,459,room,1
image_32791_1,134,294,142,190,room,1
image_32799_0,256,453,229,512,public_area,1
image_32800_0,84,329,428,512,public_area,1
image_32800_0,109,213,20,135,public_area,1
image_32800_0,174,510,1,423,public_area,1
image_32801_0,293,421,248,414,public_area,1
image_32801_0,328,473,164,242,public_area,1
image_32801_2,226,312,0,62,public_area,1
image_32808_0,424,512,0,82,room,1
image_32808_0,420,512,173,314,room,1
image_32808_0,328,422,170,236,room,1
image_32808_0,336,512,352,512,room,1
image_32808_1,295,332,0,127,room,1
image_32808_1,314,474,299,473,room,1
image_32808_2,267,512,51,454,room,1
image_32808_3,371,512,122,252,room,1
image_32808_3,387,502,0,32,room,1
image_32808_5,207,511,2,398,room,1
image_32817_0,342,447,0,46,public_area,1
image_32817_0,312,512,307,511,public_area,1
image_32817_0,310,512,229,290,public_area,1
image_32817_0,252,304,324,367,service,1
image_32818_0,225,459,0,137,room,1
image_32818_1,374,491,247,428,room,1
image_32818_2,220,511,52,511,room,1
image_32818_3,450,512,21,465,room,1
image_32818_5,100,477,0,309,room,1
image_32832_0,196,510,1,512,room,1
image_32848_0,410,502,231,332,room,1
image_32848_0,142,190,271,311,room,1
image_32848_0,153,256,309,468,room,1
image_32848_0,469,512,17,321,room,1
image_32848_0,147,283,185,288,room,1
image_32848_0,297,484,87,205,room,1
image_32848_1,429,512,339,408,room,1
image_32848_1,2,205,172,512,room,1
image_32849_0,0,294,382,512,room,1
image_32849_0,312,511,145,511,room,1
image_32849_0,203,336,327,402,room,1
image_32858_0,245,342,162,316,room,1
image_32858_0,332,396,144,166,room,1
image_32858_1,6,508,3,511,room,1
image_32858_3,274,321,179,245,room,1
image_32858_3,323,401,77,282,room,1
image_32858_3,333,512,317,512,room,1
image_32869_0,285,510,2,511,room,1
image_32870_0,261,511,86,447,room,1
image_32871_0,47,154,208,309,room,1
image_32871_0,108,508,1,511,room,1
image_32871_1,127,384,327,512,room,1
image_32871_1,273,353,217,244,room,1
image_32871_1,257,397,0,63,room,1
image_32884_0,366,511,0,492,room,1
image_32884_0,240,349,331,400,room,1
image_32884_0,251,414,194,351,room,1
image_32884_0,197,373,408,512,room,1
image_32886_0,456,512,152,511,room,1
image_32886_0,200,288,193,312,room,1
image_32886_1,361,512,363,512,room,1
image_32886_1,265,425,226,373,room,1
image_32908_0,201,364,117,390,room,1
image_32913_0,86,193,6,98,food,1
image_32913_0,173,243,134,237,food,1
image_32913_0,150,230,233,332,food,1
image_32913_0,144,220,329,429,food,1
image_32913_0,232,481,16,285,food,1
image_32921_0,353,476,431,512,room,1
image_32921_2,333,511,293,511,room,1
image_32921_2,275,358,458,512,room,1
image_32921_2,242,420,1,166,room,1
image_32921_3,167,176,399,421,room,1
image_32921_3,248,273,192,284,room,1
image_32921_3,167,176,374,395,room,1
image_32921_3,89,122,362,376,room,1
image_32921_3,87,125,337,350,room,1
image_32921_4,121,162,344,360,room,1
image_32921_4,207,218,401,429,room,1
image_32921_4,121,156,377,393,room,1
image_32921_4,205,217,436,463,room,1
image_32921_4,314,343,202,293,room,1
image_32921_5,259,383,212,331,room,1
image_32921_5,293,380,306,406,room,1
image_32921_6,245,285,199,240,room,1
image_32921_6,248,429,0,49,room,1
image_32921_6,257,443,140,393,room,1
image_32924_0,394,416,230,255,room,1
image_32924_0,440,512,223,511,room,1
image_32983_0,229,413,0,123,public_area,1
image_32983_0,76,100,415,439,public_area,1
image_32983_0,75,98,445,469,public_area,1
image_32983_0,82,105,332,354,public_area,1
image_32983_0,78,101,387,411,public_area,1
image_32983_0,80,103,360,383,public_area,1
image_32984_0,291,424,192,286,room,1
image_32984_0,313,391,345,472,room,1
image_32984_1,260,352,13,90,room,1
image_32984_1,189,285,0,19,room,1
image_32984_1,262,330,83,134,room,1
image_32984_1,242,412,151,381,room,1
image_32984_1,268,511,276,511,room,1
image_32994_2,199,511,20,511,room,1
image_33001_0,403,512,375,511,room,1
image_33001_0,360,511,1,285,room,1
image_33003_0,132,193,99,164,public_area,1
image_33003_0,164,236,135,204,public_area,1
image_33003_0,238,348,248,353,public_area,1
image_33003_0,281,451,355,452,public_area,1
image_33003_0,186,282,182,263,public_area,1
image_33004_0,139,373,457,512,public_area,1
image_33004_0,174,382,263,349,public_area,1
image_33006_0,273,511,0,497,room,1
image_33006_1,258,512,0,472,room,1
image_33020_0,320,348,371,387,room,1
image_33020_0,344,396,336,387,room,1
image_33020_0,235,302,161,255,room,1
image_33020_3,279,413,252,373,room,1
image_33020_4,281,509,0,115,room,1
image_33020_4,2,187,349,512,room,1
image_33020_5,436,482,69,131,room,1
image_33020_5,276,511,285,511,room,1
image_33020_6,278,511,1,299,room,1
image_33025_0,188,512,63,431,room,1
image_33025_0,89,458,0,124,room,1
image_33025_0,255,454,416,512,room,1
image_33026_0,234,291,417,462,room,1
image_33026_0,241,351,183,387,room,1
image_33026_0,237,295,493,512,room,1
image_33030_0,272,369,90,197,room,1
image_33030_0,331,511,210,511,room,1
image_33030_0,405,512,0,165,room,1
image_33030_0,225,292,0,30,room,1
image_33030_0,256,356,283,351,room,1
image_33041_0,253,511,30,377,room,1
image_33041_1,444,512,391,512,room,1
image_33041_2,259,348,252,304,room,1
image_33041_2,27,219,289,451,room,1
image_33041_2,127,275,450,512,room,1
image_33046_0,198,511,0,511,public_area,1
image_33060_0,77,449,30,193,public_area,1
image_33060_0,117,140,265,288,public_area,1
image_33060_0,269,455,357,512,public_area,1
image_33063_0,273,295,353,376,public_area,1
image_33063_0,303,317,254,264,public_area,1
image_33063_0,276,292,406,430,public_area,1
image_33063_0,312,332,375,393,public_area,1
image_33063_0,238,298,51,79,public_area,1
image_33063_0,280,294,437,450,public_area,1
image_33063_1,179,511,0,259,room,1
image_33063_1,188,367,404,511,room,1
image_33069_0,25,51,299,335,public_area,1
image_33069_0,197,511,0,258,public_area,1
image_33069_0,204,282,339,371,public_area,1
image_33069_0,1,49,243,276,public_area,1
image_33069_1,256,274,39,107,room,1
image_33069_1,244,372,82,168,room,1
image_33069_1,142,179,93,111,room,1
image_33069_1,161,482,0,46,room,1
image_33069_1,307,511,146,511,room,1
image_33070_0,240,361,197,309,room,1
image_33070_0,267,414,282,512,room,1
image_33070_0,300,512,115,409,room,1
image_33070_0,194,281,0,73,room,1
image_33082_0,269,511,26,511,room,1
image_33098_0,355,382,131,154,room,1
image_33098_0,320,424,378,512,room,1
image_33098_0,171,311,104,174,room,1
image_33098_0,345,512,435,512,room,1
image_33098_0,326,365,100,126,room,1
image_33098_0,224,323,434,511,room,1
image_33098_1,120,150,208,311,room,1
image_33098_2,229,511,174,380,room,1
image_33099_0,359,424,0,47,room,1
image_33099_1,264,314,392,411,public_area,1
image_33099_1,178,234,138,220,public_area,1
image_33099_1,199,218,447,492,food,1
image_33099_1,320,366,193,302,food,1
image_33099_1,469,512,247,359,food,1
image_33099_1,284,331,238,352,food,1
image_33099_1,249,280,314,393,food,1
image_33099_1,206,257,328,345,public_area,1
image_33099_1,282,302,454,492,food,1
image_33099_1,222,255,244,318,food,1
image_33099_1,411,477,303,397,food,1
image_33099_1,264,300,160,242,food,1
image_33099_1,222,259,354,391,public_area,1
image_33099_1,273,337,0,123,food,1
image_33099_1,331,393,97,243,food,1
image_33099_1,118,261,99,140,service,1
image_33099_1,310,415,329,469,food,1
image_33100_0,96,263,461,512,public_area,1
image_33120_0,204,511,30,511,room,1
image_33120_1,179,269,148,218,room,1
image_33120_1,275,511,341,511,room,1
image_33120_1,248,510,1,200,room,1
image_33127_0,234,481,128,365,room,1
image_33127_0,232,382,24,231,room,1
image_33143_0,204,316,0,48,room,1
image_33143_0,206,512,37,512,room,1
image_33144_0,164,291,489,512,public_area,1
image_33144_0,189,257,0,459,public_area,1
image_33144_0,87,135,427,460,public_area,1
image_33144_0,290,511,1,511,public_area,1
image_33145_0,287,511,4,306,food,1
image_33145_0,0,243,1,321,food,1
image_33146_0,246,265,44,53,room,1
image_33146_0,275,285,36,110,room,1
image_33146_0,160,198,109,174,room,1
image_33146_0,225,512,333,496,room,1
image_33159_0,302,511,1,370,public_area,1
image_33159_0,47,354,0,235,public_area,1
image_33159_0,186,511,279,511,public_area,1
image_33159_0,35,227,250,460,public_area,1
image_33159_1,371,511,1,176,room,1
image_33159_1,390,512,256,511,room,1
image_33159_2,307,511,71,499,room,1
image_33159_3,258,369,24,48,room,1
image_33159_3,287,376,68,165,room,1
image_33159_3,373,429,13,35,room,1
image_33159_3,275,490,198,490,room,1
image_33159_4,217,248,40,55,room,1
image_33159_4,364,512,137,288,room,1
image_33159_4,369,509,275,425,room,1
image_33159_5,289,350,292,362,room,1
image_33159_5,256,318,260,276,room,1
image_33193_0,439,512,1,198,room,1
image_33221_1,471,512,1,414,room,1
image_33221_1,422,512,435,512,room,1
image_33222_0,338,483,373,512,room,1
image_33222_0,221,510,8,388,room,1
image_33222_1,262,511,8,285,room,1
image_33222_1,363,440,275,357,room,1
image_33222_1,249,279,402,429,room,1
image_33222_2,363,408,213,246,room,1
image_33222_2,135,398,0,102,room,1
image_33222_2,148,327,74,441,room,1
image_33222_3,308,409,150,294,room,1
image_33233_0,210,260,233,265,room,1
image_33233_0,220,510,0,175,room,1
image_33233_1,0,142,291,420,room,1
image_33233_1,92,189,108,336,room,1
image_33233_2,141,250,95,147,room,1
image_33233_2,68,121,51,122,room,1
image_33233_2,0,82,253,391,room,1
image_33233_2,183,218,266,297,room,1
image_33233_2,201,239,191,226,room,1
image_33233_2,194,227,234,267,room,1
image_33233_2,207,248,148,185,room,1
image_33247_0,353,510,1,510,room,1
image_33248_0,231,368,0,266,public_area,1
image_33248_1,180,511,0,432,room,1
image_33248_2,53,501,2,511,room,1
image_33248_3,1,198,1,181,room,1
image_33248_3,322,385,2,30,room,1
image_33248_3,350,387,114,143,room,1
image_33248_3,360,403,70,102,room,1
image_33248_3,277,512,296,454,room,1
image_33248_4,274,310,427,460,room,1
image_33248_4,334,369,164,189,room,1
image_33248_4,332,433,27,166,room,1
image_33255_0,235,511,104,511,room,1
image_33255_3,66,110,326,357,room,1
image_33255_3,92,132,299,315,room,1
image_33255_3,72,117,383,405,room,1
image_33255_3,357,391,254,277,room,1
image_33255_3,292,319,104,129,room,1
image_33255_3,204,253,93,137,room,1
image_33255_3,296,441,264,346,room,1
image_33255_3,146,192,88,134,room,1
image_33255_3,230,339,135,291,room,1
image_33256_0,164,404,55,361,room,1
image_33256_1,43,411,8,510,room,1
image_33273_1,290,511,1,166,public_area,1
image_33273_1,278,415,305,342,public_area,1
image_33273_1,324,411,415,453,public_area,1
image_33273_1,381,437,363,409,public_area,1
image_33275_0,351,450,0,77,room,1
image_33275_0,141,166,328,350,room,1
image_33275_0,220,431,221,496,room,1
image_33275_1,263,494,0,182,room,1
image_33275_1,259,339,207,268,room,1
image_33275_1,296,404,272,371,room,1
image_33288_0,293,511,0,70,public_area,1
image_33288_0,162,316,63,215,public_area,1
image_33288_0,178,315,230,308,public_area,1
image_33289_1,332,341,170,199,public_area,1
image_33289_1,331,343,242,264,public_area,1
image_33289_1,143,219,137,182,public_area,1
image_33289_1,290,300,408,443,public_area,1
image_33289_1,279,300,454,488,public_area,1
image_33289_1,304,380,446,511,public_area,1
image_33300_3,2,510,67,511,room,1
image_33300_4,1,287,1,325,room,1
image_33300_5,328,511,79,511,room,1
image_33316_0,0,82,396,512,room,1
image_33316_0,301,511,41,510,room,1
image_33326_0,305,512,316,375,room,1
image_33326_0,416,512,0,130,room,1
image_33328_0,1,508,3,511,room,1
image_33328_4,164,354,80,393,room,1
image_33328_5,1,287,421,512,room,1
image_33356_0,332,512,2,397,room,1
image_33356_1,316,511,1,496,room,1
image_33359_1,179,511,6,510,public_area,1
image_33387_0,315,512,262,512,room,1
image_33387_0,286,452,64,322,room,1
image_33387_1,302,434,0,212,room,1
image_33387_1,399,512,2,332,room,1
image_33387_1,224,315,422,512,room,1
image_33387_2,322,351,330,349,room,1
image_33387_2,373,474,338,505,room,1
image_33387_2,329,500,91,200,room,1
image_33406_0,395,511,1,174,room,1
image_33406_0,234,484,169,302,room,1
image_33407_0,422,512,20,367,room,1
image_33438_0,248,511,100,511,room,1
image_33448_1,228,511,302,512,food,1
image_33448_1,316,512,48,266,food,1
image_33448_3,78,508,3,511,food,1
image_33475_0,403,512,7,287,room,1
image_33495_0,183,512,1,512,room,1
image_33496_0,100,510,2,482,room,1
image_33526_0,396,431,202,229,public_area,1
image_33526_0,395,446,76,140,public_area,1
image_33526_0,394,431,233,253,public_area,1
image_33526_0,371,437,0,26,public_area,1
image_33526_0,370,437,34,76,public_area,1
image_33526_0,357,512,360,483,public_area,1
image_33553_0,323,393,68,92,room,1
image_33553_0,357,512,189,384,room,1
image_33553_0,395,512,0,164,room,1
image_33554_0,140,511,53,383,room,1
image_33554_1,328,511,130,371,room,1
image_33554_1,132,209,258,341,room,1
image_33554_2,383,512,399,459,room,1
image_33554_2,294,512,143,394,room,1
image_33572_0,347,474,368,474,room,1
image_33572_0,264,409,220,353,room,1
image_33572_1,298,502,397,512,room,1
image_33572_1,257,278,202,245,room,1
image_33572_1,241,337,458,512,room,1
image_33572_1,336,511,1,359,room,1
image_33579_0,229,506,34,419,room,1
image_33580_0,396,512,429,512,room,1
image_33580_0,253,329,160,249,room,1
image_33580_1,352,512,75,512,room,1
image_33580_2,296,511,0,45,room,1
image_33580_2,308,340,368,496,room,1
image_33580_3,324,382,113,294,room,1
image_33580_4,420,512,0,121,room,1
image_33580_4,329,512,28,233,room,1
image_33580_5,344,512,82,483,room,1
image_33580_5,321,347,189,203,room,1
image_33580_6,315,446,278,386,room,1
image_33580_6,371,471,128,261,room,1
image_33581_1,232,333,427,475,room,1
image_33581_1,252,449,1,231,room,1
image_33581_2,332,511,11,474,public_area,1
image_33581_3,337,379,265,278,public_area,1
image_33581_3,337,378,217,244,public_area,1
image_33581_3,314,509,300,511,public_area,1
image_33581_4,292,427,134,254,room,1
image_33581_4,326,400,60,140,room,1
image_33588_0,283,296,242,287,food,1
image_33588_0,335,354,65,85,public_area,1
image_33588_0,303,315,195,227,food,1
image_33588_0,423,512,0,110,public_area,1
image_33588_0,291,308,297,345,food,1
image_33588_0,290,308,361,413,food,1
image_33588_0,276,291,196,238,food,1
image_33588_0,310,330,410,457,public_area,1
image_33588_0,341,432,0,44,public_area,1
image_33588_0,393,512,361,492,public_area,1
image_33588_1,240,450,344,512,public_area,1
image_33588_1,199,347,0,63,public_area,1
image_33588_2,282,313,385,418,service,1
image_33589_0,0,114,220,321,room,1
image_33614_0,115,511,0,510,room,1
image_33628_0,424,512,127,280,public_area,1
image_33628_1,325,398,190,272,public_area,1
image_33628_1,292,512,0,83,public_area,1
image_33662_1,440,512,1,221,room,1
image_33662_2,453,511,331,414,room,1
image_33662_3,234,511,1,430,room,1
image_33662_4,180,214,420,472,room,1
image_33662_4,266,511,159,467,room,1
image_33662_4,217,360,112,209,room,1
image_33662_4,212,277,280,375,room,1
image_33662_5,294,511,2,460,room,1
image_33688_0,0,49,207,265,room,1
image_33688_0,13,53,285,316,room,1
image_33688_0,76,123,264,354,room,1
image_33688_0,7,329,0,190,room,1
image_33688_0,0,47,370,408,room,1
image_33688_1,154,229,4,56,room,1
image_33688_1,313,512,0,163,room,1
image_33688_1,168,376,222,408,room,1
image_33688_2,377,511,412,512,room,1
image_33688_3,185,510,1,511,room,1
image_33706_0,169,308,1,81,room,1
image_33706_0,298,511,0,368,room,1
image_33711_0,395,419,381,407,public_area,1
image_33711_0,489,512,354,395,public_area,1
image_33711_0,469,497,453,479,public_area,1
image_33711_0,466,492,327,354,public_area,1
image_33715_0,254,310,0,34,room,1
image_33715_0,201,511,55,511,room,1
image_33715_1,290,511,102,393,room,1
image_33715_1,267,448,0,101,room,1
image_33715_1,268,284,116,228,room,1
image_33717_0,369,511,438,512,room,1
image_33717_0,334,511,0,164,room,1
image_33717_1,263,510,5,511,room,1
image_33729_0,0,182,1,207,public_area,1
image_33729_0,253,327,2,98,public_area,1
image_33729_0,119,373,121,194,public_area,1
image_33729_0,28,283,243,512,public_area,1
image_33729_1,184,279,433,493,room,1
image_33729_1,236,318,321,360,room,1
image_33729_1,206,445,1,280,room,1
image_33729_3,346,399,293,371,food,1
image_33729_3,205,248,285,317,public_area,1
image_33729_3,165,208,34,95,public_area,1
image_33729_3,200,269,368,426,public_area,1
image_33729_3,67,183,16,93,public_area,1
image_33729_3,168,231,101,159,public_area,1
image_33729_3,268,351,351,475,food,1
image_33729_3,220,276,315,384,food,1
image_33729_3,111,267,183,225,food,1
image_33729_3,205,269,18,106,food,1
image_33729_3,325,413,401,487,food,1
image_33729_3,222,283,106,199,public_area,1
image_33729_3,265,401,0,156,food,1
image_33729_4,336,512,116,390,food,1
image_33736_0,257,509,1,511,room,1
image_33772_1,6,157,445,512,food,1
image_33772_1,88,511,0,511,food,1
image_33772_2,220,392,361,511,food,1
image_33772_2,152,277,211,314,public_area,1
image_33772_2,0,178,346,490,public_area,1
image_33772_2,28,490,0,227,food,1
image_33779_0,293,511,0,321,room,1
image_33779_0,220,284,461,512,room,1
image_33779_0,312,405,423,493,room,1
image_33779_1,312,364,415,452,room,1
image_33779_1,245,317,0,67,room,1
image_33779_2,331,419,238,264,room,1
image_33779_2,375,422,297,319,room,1
image_33779_2,429,504,37,135,food,1
image_33779_2,186,420,374,512,room,1
image_33779_2,468,512,0,55,room,1
image_33779_2,344,459,320,371,room,1
image_33779_2,417,507,133,337,room,1
image_33779_3,256,353,342,413,room,1
image_33779_3,402,511,1,511,room,1
image_33779_3,107,145,348,387,room,1
image_33779_3,198,280,210,351,room,1
image_33779_3,323,436,194,286,room,1
image_33779_4,396,440,210,239,room,1
image_33779_4,353,447,237,332,room,1
image_33779_4,268,511,341,511,room,1
image_33780_0,82,446,255,512,room,1
image_33780_0,402,476,193,228,room,1
image_33780_0,449,492,1,183,room,1
image_33780_1,338,512,1,502,room,1
image_33780_1,145,187,393,512,room,1
image_33780_1,168,347,260,325,room,1
image_33780_2,336,512,0,269,room,1
image_33780_2,265,448,12,337,room,1
image_33805_2,320,398,137,198,public_area,1
image_33805_2,238,255,113,121,public_area,1
image_33805_2,262,282,98,105,public_area,1
image_33805_2,422,512,276,511,public_area,1
image_33805_2,342,412,402,512,public_area,1
image_33805_2,302,406,190,350,public_area,1
image_33805_2,101,188,0,79,public_area,1
image_33805_3,281,299,151,165,public_area,1
image_33805_3,257,283,41,52,public_area,1
image_33805_3,295,324,56,69,public_area,1
image_33805_3,299,322,17,29,public_area,1
image_33805_3,289,320,0,9,public_area,1
image_33805_3,263,288,76,85,public_area,1
image_33805_3,296,323,36,48,public_area,1
image_33805_3,227,278,259,298,public_area,1
image_33805_3,439,512,451,512,public_area,1
image_33805_3,367,510,49,362,public_area,1
image_33810_0,105,131,370,379,public_area,1
image_33810_0,233,504,59,355,public_area,1
image_33810_0,267,360,234,385,public_area,1
image_33810_0,234,382,364,482,public_area,1
image_33810_1,172,234,27,81,public_area,1
image_33810_1,255,339,0,74,food,1
image_33810_1,149,211,54,106,public_area,1
image_33810_1,0,79,0,106,public_area,1
image_33810_1,337,399,0,41,food,1
image_33810_1,0,68,273,379,food,1
image_33810_1,261,462,160,350,food,1
image_33810_1,34,100,407,493,food,1
image_33819_1,256,355,180,335,room,1
image_33819_2,120,511,1,503,room,1
image_33820_0,233,410,136,358,room,1
image_33820_0,248,491,0,242,room,1
image_33820_1,378,413,478,511,room,1
image_33820_1,414,512,383,512,room,1
image_33820_1,358,512,256,434,room,1
image_33820_2,93,147,114,182,public_area,1
image_33820_2,142,285,421,511,public_area,1
image_33820_2,23,184,289,350,public_area,1
image_33820_2,175,297,4,189,public_area,1
image_33820_2,207,279,293,344,public_area,1
image_33820_2,46,246,199,290,public_area,1
image_33820_2,244,511,12,510,public_area,1
image_33820_2,148,236,321,361,public_area,1
image_33830_1,305,449,75,197,room,1
image_33830_1,184,300,368,421,room,1
image_33830_1,242,336,71,239,room,1
image_33830_2,265,338,340,395,room,1
image_33830_2,223,334,93,274,room,1
image_33830_2,232,511,0,211,room,1
image_33831_0,96,455,72,266,public_area,1
image_33831_0,283,372,30,114,public_area,1
image_33831_0,276,360,246,440,public_area,1
image_33831_1,262,318,86,125,public_area,1
image_33831_1,89,456,317,512,public_area,1
image_33831_1,284,363,149,247,public_area,1
image_33831_1,280,362,270,333,public_area,1
image_33831_2,395,512,148,511,room,1
image_33831_2,282,511,0,228,room,1
image_33831_2,194,295,216,329,room,1
image_33832_0,258,333,86,183,public_area,1
image_33832_0,231,345,150,230,public_area,1
image_33832_0,48,91,250,287,public_area,1
image_33832_0,234,358,0,111,public_area,1
image_33832_0,2,451,323,512,public_area,1
image_33832_2,295,308,343,370,room,1
image_33832_2,280,512,1,293,room,1
image_33832_3,255,302,339,447,room,1
image_33833_1,405,512,198,295,public_area,1
image_33833_1,380,459,108,168,public_area,1
image_33833_1,372,442,0,65,public_area,1
image_33833_1,448,510,0,30,public_area,1
image_33833_1,407,500,24,86,public_area,1
image_33833_1,445,512,62,192,public_area,1
image_33833_2,345,365,55,88,public_area,1
image_33833_2,316,373,195,287,public_area,1
image_33833_2,330,375,112,139,public_area,1
image_33833_2,342,415,265,316,public_area,1
image_33833_2,327,379,147,181,public_area,1
image_33833_2,374,421,234,275,public_area,1
image_33833_2,325,510,315,511,public_area,1
image_33833_3,9,244,0,107,public_area,1
image_33834_0,155,466,127,511,room,1
image_33834_1,217,250,448,464,room,1
image_33834_1,285,391,110,194,room,1
image_33834_1,229,283,336,437,room,1
image_20392_0,305,349,139,170,room,1
image_20392_0,296,364,43,115,room,1
image_20392_0,274,512,169,496,room,1
image_20392_1,106,283,85,285,room,1
image_20392_1,252,453,212,508,room,1
image_20392_2,342,512,143,254,room,1
image_20392_6,0,241,132,512,room,1
image_20402_0,196,506,1,511,room,1
image_20403_0,361,481,0,511,room,1
image_20403_1,240,510,142,370,room,1
image_20428_2,428,512,133,206,room,1
image_20429_0,455,512,402,511,public_area,1
image_20429_0,411,511,0,187,public_area,1
image_20430_1,217,446,254,462,room,1
image_20431_0,400,511,370,512,room,1
image_20431_0,238,512,50,318,room,1
image_20431_1,268,511,227,388,room,1
image_20431_2,460,508,409,477,room,1
image_20431_2,457,506,320,384,room,1
image_20431_2,362,481,156,228,room,1
image_20431_3,238,512,0,96,public_area,1
image_20431_4,242,274,190,277,room,1
image_20431_4,278,327,287,359,room,1
image_20440_0,188,471,301,512,room,1
image_20443_0,213,430,377,509,public_area,1
image_20445_0,83,511,191,511,room,1
image_20445_0,284,323,68,112,room,1
image_20447_0,190,511,143,511,room,1
image_20475_0,285,496,71,182,room,1
image_20475_0,457,512,1,331,room,1
image_20475_1,281,511,0,98,public_area,1
image_20487_0,341,511,1,471,public_area,1
image_20488_1,160,499,1,510,room,1
image_20495_0,280,327,336,367,public_area,1
image_20495_0,294,327,453,470,public_area,1
image_20495_0,281,320,390,435,public_area,1
image_20495_0,279,312,108,216,public_area,1
image_20496_0,219,511,91,487,room,1
image_20496_1,229,512,199,511,public_area,1
image_20499_2,329,441,384,512,room,1
image_20499_3,337,351,209,229,food,1
image_20499_3,312,344,190,213,food,1
image_20499_3,345,359,300,320,food,1
image_20499_3,380,395,211,236,food,1
image_20499_3,361,405,272,360,food,1
image_20507_0,61,139,186,319,room,1
image_20522_0,389,506,123,196,room,1
image_20522_0,437,512,0,122,room,1
image_20522_0,204,282,154,182,room,1
image_20522_0,285,475,309,420,room,1
image_20522_3,386,465,438,512,room,1
image_20525_1,349,398,433,480,public_area,1
image_20525_1,458,512,251,310,public_area,1
image_20526_0,181,370,51,160,public_area,1
image_20526_0,323,510,388,511,public_area,1
image_20528_0,320,370,305,327,public_area,1
image_20528_0,294,356,80,146,public_area,1
image_20528_0,313,374,375,398,public_area,1
image_20528_0,304,365,258,292,public_area,1
image_20529_0,34,121,365,463,public_area,1
image_20529_0,81,125,69,122,public_area,1
image_20529_0,92,147,0,29,public_area,1
image_20529_0,0,114,223,354,public_area,1
image_20538_0,310,509,69,372,room,1
image_20538_1,356,502,351,476,room,1
image_20538_2,241,511,110,511,room,1
image_20542_0,346,512,118,230,room,1
image_20542_0,360,477,262,364,room,1
image_20555_0,95,510,2,511,room,1
image_20568_0,334,414,471,512,room,1
image_20568_0,277,511,6,477,room,1
image_20568_1,359,506,389,512,room,1
image_20568_1,239,501,7,314,room,1
image_20615_0,272,345,28,134,room,1
image_20615_0,269,273,273,314,room,1
image_20615_0,220,336,379,431,room,1
image_20615_0,329,512,113,511,room,1
image_20632_1,33,269,426,512,food,1
image_20632_1,35,148,307,459,food,1
image_20632_1,200,512,175,511,food,1
image_20632_2,312,442,236,381,food,1
image_20632_2,0,85,200,344,food,1
image_20632_2,54,189,79,256,food,1
image_20632_2,209,320,397,512,food,1
image_20632_2,35,164,402,512,food,1
image_20633_1,284,511,319,472,room,1
image_20633_1,199,290,0,98,room,1
image_20633_2,426,511,2,506,room,1
image_20633_2,168,260,328,464,room,1
image_20633_2,348,384,323,377,room,1
image_20633_3,228,510,0,511,public_area,1
image_20633_5,364,406,449,500,service,1
image_20634_0,466,512,104,194,room,1
image_20635_0,275,307,119,166,public_area,1
image_20635_0,244,370,176,269,public_area,1
image_20635_0,191,488,331,511,public_area,1
image_20639_0,263,321,0,126,public_area,1
image_20639_0,374,511,0,130,public_area,1
image_20639_0,324,366,219,305,public_area,1
image_20639_0,321,358,134,208,public_area,1
image_20639_1,147,512,0,501,food,1
image_20639_1,25,250,383,512,food,1
image_20639_2,185,335,220,361,room,1
image_20639_3,285,512,26,474,room,1
image_20639_4,45,442,0,123,public_area,1
image_20639_4,295,375,348,395,public_area,1
image_20639_5,300,388,176,239,public_area,1
image_20639_5,382,502,124,422,public_area,1
image_20639_5,205,440,0,92,public_area,1
image_20639_6,184,512,386,512,food,1
image_20639_6,115,373,73,415,food,1
image_20639_6,1,180,3,116,food,1
image_20640_0,233,408,0,159,food,1
image_20640_2,199,303,356,512,public_area,1
image_20641_0,292,305,10,58,public_area,1
image_20641_2,349,453,45,162,food,1
image_20641_2,393,508,147,253,food,1
image_20641_2,400,512,329,434,food,1
image_20641_3,240,423,118,281,public_area,1
image_20667_0,248,511,0,511,room,1
image_20667_0,151,226,420,479,room,1
image_20678_0,67,496,0,394,food,1
image_20679_0,359,397,0,95,public_area,1
image_20681_0,288,511,1,337,public_area,1
image_20681_1,317,342,291,349,food,1
image_20681_1,309,334,179,233,food,1
image_20681_1,357,442,192,302,food,1
image_20681_1,302,348,235,261,food,1
image_20681_1,316,366,186,216,food,1
image_20681_1,333,362,126,175,food,1
image_20684_0,193,341,313,431,room,1
image_20684_0,210,312,231,313,room,1
image_20696_0,40,186,394,512,public_area,1
image_20696_0,0,80,113,215,public_area,1
image_20696_1,123,279,450,512,public_area,1
image_20696_1,94,187,154,251,public_area,1
image_20696_2,198,509,0,437,public_area,1
image_20715_0,19,127,116,259,food,1
image_20715_0,0,99,0,39,food,1
image_20715_0,35,103,34,114,food,1
image_20733_0,0,361,0,284,public_area,1
image_20739_0,3,510,1,510,room,1
image_20739_2,281,401,0,182,room,1
image_20739_2,245,512,190,407,room,1
image_20739_3,140,303,72,233,room,1
image_20739_4,222,290,193,310,room,1
image_20740_0,203,301,0,69,room,1
image_20740_0,249,512,203,512,room,1
image_20740_1,287,328,28,100,room,1
image_20740_1,253,502,184,442,room,1
image_20740_2,252,488,349,475,room,1
image_20740_2,283,474,92,295,room,1
image_20748_0,223,512,6,415,room,1
image_20750_0,101,511,263,511,room,1
image_20750_0,20,510,1,123,room,1
image_20750_0,304,511,52,493,room,1
image_20750_1,473,512,173,362,public_area,1
image_20751_0,185,488,25,511,public_area,1
image_20751_1,238,366,412,512,public_area,1
image_20751_1,238,365,81,225,public_area,1
image_20751_1,292,364,310,434,public_area,1
image_20751_2,280,416,308,481,room,1
image_20751_3,282,300,287,310,room,1
image_20751_4,274,334,391,433,room,1
image_20751_4,312,490,452,512,room,1
image_20751_4,205,309,256,324,room,1
image_20751_4,242,344,33,224,room,1
image_20752_0,195,510,1,510,public_area,1
image_20752_1,324,463,471,512,public_area,1
image_20752_1,243,340,95,152,public_area,1
image_20752_1,261,347,370,452,public_area,1
image_20752_1,191,425,151,324,public_area,1
image_20754_1,349,372,287,302,service,1
image_20754_1,353,407,125,177,public_area,1
image_20754_1,343,407,324,374,public_area,1
image_20754_1,321,486,23,120,public_area,1
image_20754_1,323,498,392,511,public_area,1
image_20754_2,273,465,185,434,room,1
image_20769_0,253,511,1,511,room,1
image_20778_0,312,512,450,512,room,1
image_20778_0,252,317,304,347,room,1
image_20778_0,261,349,416,469,room,1
image_20778_0,232,511,1,280,room,1
image_20778_1,289,319,11,41,room,1
image_20778_1,256,319,50,157,room,1
image_20778_1,269,414,235,342,room,1
image_20778_2,233,393,116,351,room,1
image_20801_0,205,270,80,159,room,1
image_20801_0,354,440,88,245,room,1
image_20803_0,235,255,197,217,room,1
image_20803_0,295,348,147,257,room,1
image_20803_0,359,512,175,400,room,1
image_20812_0,223,289,20,84,public_area,1
image_20812_0,181,286,379,432,public_area,1
image_20812_0,220,275,170,342,public_area,1
image_20812_0,201,302,335,382,service,1
image_20812_1,225,274,426,454,public_area,1
image_20812_1,209,221,180,215,public_area,1
image_20812_1,240,254,157,173,public_area,1
image_20812_1,264,292,66,82,public_area,1
image_20812_1,233,245,401,420,public_area,1
image_20812_1,273,304,87,127,public_area,1
image_20812_1,273,304,262,311,public_area,1
image_20812_1,277,310,199,250,public_area,1
image_20827_0,247,321,368,485,public_area,1
image_20828_0,312,467,77,168,room,1
image_20828_0,191,344,0,63,room,1
image_20828_0,281,512,231,511,room,1
image_20828_1,232,487,69,387,room,1
image_20828_2,240,484,238,511,public_area,1
image_20828_3,252,281,300,323,service,1
image_20828_3,181,202,246,254,public_area,1
image_20828_3,242,307,205,257,public_area,1
image_20828_3,258,284,18,37,public_area,1
image_20828_3,175,197,261,270,public_area,1
image_20828_3,167,192,279,290,public_area,1
image_20828_3,158,186,300,314,public_area,1
image_20828_3,251,280,272,293,service,1
image_20828_3,146,177,327,343,public_area,1
image_20830_0,236,461,1,512,room,1
image_20831_0,179,512,1,389,food,1
image_20831_0,84,194,0,124,food,1
image_20831_0,0,136,304,474,food,1
image_20831_0,0,143,135,306,food,1
image_20832_2,298,335,178,210,room,1
image_20832_2,298,354,228,317,room,1
image_20834_0,233,506,37,309,food,1
image_20861_0,309,511,34,511,room,1
image_20861_1,203,283,303,402,room,1
image_20861_1,333,511,1,392,room,1
image_20865_0,379,511,0,35,room,1
image_20865_0,389,512,291,494,room,1
image_20865_0,440,512,148,271,room,1
image_20865_1,281,511,165,511,room,1
image_20866_0,314,482,154,291,room,1
image_20866_0,224,457,307,512,room,1
image_20890_0,284,444,0,55,room,1
image_20890_0,232,512,91,511,room,1
image_20906_0,441,512,0,37,public_area,1
image_20906_0,449,512,464,504,public_area,1
image_20906_0,359,429,347,421,public_area,1
image_20908_0,276,510,20,375,food,1
image_20909_0,381,509,1,511,room,1
image_20909_0,176,293,385,512,room,1
image_20910_0,304,457,0,172,room,1
image_20911_1,349,479,412,484,room,1
image_20911_1,330,511,1,343,room,1
image_20913_0,371,512,1,244,public_area,1
image_20915_0,348,511,1,233,room,1
image_20915_1,212,227,167,205,room,1
image_20915_1,229,512,86,511,room,1
image_20941_0,239,512,184,511,room,1
image_20941_1,286,511,1,374,room,1
image_20941_1,335,506,421,512,room,1
image_20941_2,216,261,29,59,room,1
image_20941_2,264,462,315,474,room,1
image_20941_2,291,388,43,221,room,1
image_20942_0,333,512,77,285,public_area,1
image_20942_0,63,114,230,276,public_area,1
image_20946_0,432,512,220,510,public_area,1
image_20946_0,354,481,389,501,public_area,1
image_20948_0,155,294,301,496,public_area,1
image_20948_0,152,295,13,215,public_area,1
image_20949_0,227,511,1,437,room,1
image_20949_1,214,297,91,193,room,1
image_20949_1,269,512,224,511,room,1
image_20949_2,355,451,152,221,public_area,1
image_20949_3,340,393,79,458,room,1
image_20949_5,397,441,0,66,public_area,1
image_20950_0,215,510,0,511,public_area,1
image_20950_2,166,430,37,512,room,1
image_20951_0,446,463,195,240,public_area,1
image_20951_0,424,512,264,364,public_area,1
image_20951_0,493,512,155,232,public_area,1
image_20951_0,364,417,87,108,public_area,1
image_20951_0,427,512,51,125,public_area,1
image_20952_0,324,489,100,194,public_area,1
image_20952_0,409,424,278,310,public_area,1
image_20952_0,434,455,222,256,public_area,1
image_20952_0,402,416,306,329,public_area,1
image_20952_0,442,467,188,234,public_area,1
image_20952_1,213,222,240,262,public_area,1
image_20952_1,215,225,283,314,public_area,1
image_20952_1,298,512,0,194,public_area,1
image_20952_1,0,153,1,230,public_area,1
image_20952_2,50,163,0,183,food,1
image_20952_2,75,162,256,382,food,1
image_20952_2,0,140,344,463,food,1
image_20952_2,207,404,135,394,food,1
image_20952_3,305,511,0,386,public_area,1
image_20952_4,27,245,32,483,room,1
image_20953_0,342,453,255,423,room,1
image_20967_0,256,398,133,355,room,1
image_20967_2,289,512,0,499,room,1
image_20969_0,134,306,0,374,room,1
image_20969_0,89,163,441,505,room,1
image_20969_1,272,318,331,388,public_area,1
image_20969_1,222,311,436,512,public_area,1
image_20969_1,210,229,364,396,public_area,1
image_20969_1,187,209,38,68,service,1
image_20969_1,142,170,2,19,public_area,1
image_20969_1,147,173,23,40,public_area,1
image_20969_1,152,176,44,58,public_area,1
image_20969_1,327,511,274,512,public_area,1
image_20969_1,205,266,211,251,public_area,1
image_21007_0,180,234,283,349,food,1
image_21007_0,67,98,171,232,food,1
image_21007_0,53,83,110,172,food,1
image_21007_0,249,321,0,75,food,1
image_21007_0,298,478,76,348,food,1
image_21007_1,315,348,128,153,service,1
image_21007_1,286,393,49,133,service,1
image_21007_2,376,511,170,378,room,1
image_21007_3,87,249,369,512,food,1
image_21007_3,176,227,168,222,food,1
image_21007_3,122,173,0,34,food,1
image_21007_3,122,181,33,101,food,1
image_21007_3,203,251,296,373,food,1
image_21007_3,319,489,0,121,food,1
image_21026_1,40,84,389,427,public_area,1
image_21027_0,252,312,153,221,room,1
image_21027_0,297,511,131,511,room,1
image_21037_2,180,511,0,512,room,1
image_21038_1,411,512,0,64,public_area,1
image_21038_2,318,427,54,161,food,1
image_21038_2,315,512,137,267,food,1
image_21038_2,321,512,293,431,food,1
image_21072_0,459,512,132,511,room,1
image_21080_0,333,479,45,109,room,1
image_21080_0,251,319,198,298,room,1
image_21080_0,422,511,361,511,room,1
image_21080_2,187,234,256,292,room,1
image_21080_6,93,282,100,334,food,1
image_21091_0,265,280,371,431,room,1
image_21091_0,283,511,1,336,room,1
image_21096_0,357,369,355,412,public_area,1
image_21096_0,351,391,201,214,public_area,1
image_21096_0,356,417,259,343,public_area,1
image_21100_0,65,276,257,512,food,1
image_21103_0,293,357,77,295,room,1
image_21106_0,290,394,274,497,public_area,1
image_21109_0,426,463,0,47,public_area,1
image_21128_0,233,510,84,511,room,1
image_21128_1,263,461,158,475,room,1
image_21128_1,235,313,0,23,room,1
image_21128_1,253,376,29,135,room,1
image_21128_3,263,334,408,511,public_area,1
image_21129_1,229,511,1,511,room,1
image_21129_2,216,228,98,151,room,1
image_21129_3,349,511,1,230,room,1
image_21129_3,114,271,466,512,room,1
image_21130_0,449,495,160,177,public_area,1
image_21131_1,300,498,0,230,public_area,1
image_21131_1,303,424,257,510,public_area,1
image_21146_0,115,511,281,512,public_area,1
image_21146_0,112,407,0,273,public_area,1
image_21164_1,360,510,131,511,public_area,1
image_21164_2,352,436,0,168,public_area,1
image_21164_2,360,473,192,421,public_area,1
image_21166_0,290,325,443,508,room,1
image_21166_0,423,512,100,281,room,1
image_21166_0,353,512,266,484,room,1
image_21166_1,244,512,95,511,room,1
image_21170_0,322,345,58,79,room,1
image_21170_0,300,354,95,187,room,1
image_21170_0,336,512,378,512,room,1
image_21170_1,253,511,72,510,room,1
image_21170_2,427,511,259,467,public_area,1
image_21170_2,246,304,59,175,public_area,1
image_21170_2,255,276,219,238,service,1
image_21170_2,233,277,177,205,service,1
image_21170_2,285,318,300,387,public_area,1
image_21173_0,211,511,128,460,room,1
image_21173_1,149,250,245,353,room,1
image_21173_1,150,256,142,222,room,1
image_21173_1,325,435,0,54,room,1
image_21173_2,496,512,116,158,public_area,1
image_21173_2,377,512,0,81,public_area,1
image_21190_0,208,314,464,512,room,1
image_21190_0,172,511,1,326,room,1
image_21190_1,316,350,88,152,room,1
image_21190_1,256,421,216,457,room,1
image_21190_2,268,434,135,342,room,1
image_21190_2,320,467,0,15,room,1
image_21190_2,307,412,37,107,room,1
image_21190_3,289,335,285,367,room,1
image_21190_5,227,271,472,512,food,1
image_21190_5,318,379,351,511,food,1
image_21191_0,149,511,1,478,room,1
image_21191_3,378,510,31,496,public_area,1
image_21192_0,243,510,0,451,public_area,1
image_21193_0,167,243,476,499,public_area,1
image_21193_0,185,262,20,39,public_area,1
image_21193_0,183,258,49,66,public_area,1
image_21194_0,129,511,353,511,public_area,1
image_21194_0,237,345,132,407,public_area,1
image_21194_1,258,498,0,284,room,1
image_21194_1,298,492,327,460,room,1
image_21195_0,285,329,164,281,public_area,1
image_21195_0,271,336,397,511,public_area,1
image_21195_2,310,353,165,249,room,1
image_21195_2,281,425,376,512,room,1
image_21196_0,275,459,194,330,room,1
image_21196_0,321,512,1,113,room,1
image_21196_1,327,377,135,219,room,1
image_21196_1,384,490,0,17,room,1
image_21196_1,268,411,417,511,room,1
image_21196_1,276,415,320,371,room,1
image_21196_2,338,510,117,376,public_area,1
image_21196_3,284,327,387,503,public_area,1
image_21196_3,357,411,394,463,public_area,1
image_21196_3,330,413,59,232,public_area,1
image_21196_5,302,510,0,511,room,1
image_21197_0,178,506,1,511,room,1
image_21202_0,305,511,1,299,room,1
image_21228_0,109,130,443,458,public_area,1
image_21228_0,92,106,447,489,public_area,1
image_21228_0,126,151,31,53,public_area,1
image_21228_0,88,126,137,188,public_area,1
image_21228_0,95,115,35,84,public_area,1
image_21228_0,92,110,85,138,public_area,1
image_21231_0,257,373,329,423,public_area,1
image_21231_0,368,433,0,51,public_area,1
image_21231_0,277,318,420,496,public_area,1
image_21231_0,274,338,223,281,public_area,1
image_21231_0,311,324,192,220,public_area,1
image_21231_0,318,371,50,92,public_area,1
image_21301_0,308,332,362,383,room,1
image_21301_0,185,238,162,378,room,1
image_21301_0,302,338,234,271,room,1
image_21301_0,312,354,306,364,room,1
image_21301_0,361,466,74,418,room,1
image_21301_0,304,352,187,239,room,1
image_21315_0,10,280,0,384,public_area,1
image_21315_0,86,304,403,511,public_area,1
image_21315_1,139,177,255,282,public_area,1
image_21315_1,128,169,400,431,public_area,1
image_21316_0,382,512,73,511,public_area,1
image_21316_0,1,213,126,511,public_area,1
image_21317_0,263,322,0,80,public_area,1
image_21317_1,271,300,295,347,food,1
image_21317_1,357,431,337,412,food,1
image_21317_1,241,312,412,461,food,1
image_21317_1,279,347,353,450,food,1
image_21317_1,328,443,46,122,food,1
image_21317_1,300,367,136,241,food,1
image_21321_0,152,302,0,176,public_area,1
image_21321_0,138,309,191,439,public_area,1
image_21321_1,104,154,255,280,public_area,1
image_21321_1,0,54,418,512,public_area,1
image_21321_1,110,161,384,495,public_area,1
image_21331_0,251,392,0,258,room,1
image_21331_1,314,407,412,512,room,1
image_21394_0,201,301,330,460,room,1
image_21394_2,265,355,371,512,room,1
image_21394_2,327,459,57,213,room,1
image_21394_3,220,326,295,402,room,1
image_21394_3,221,425,79,280,room,1
image_21394_4,256,455,90,414,room,1
image_21394_5,197,504,104,500,room,1
image_21394_6,341,440,299,415,room,1
image_21394_6,371,511,32,234,room,1
image_21424_0,224,511,0,404,room,1
image_21424_1,236,370,6,276,room,1
image_21425_1,380,512,11,501,room,1
image_21426_0,225,512,0,487,room,1
image_21427_0,299,511,323,511,room,1
image_21427_0,341,511,1,335,room,1
image_21429_0,179,511,1,466,room,1
image_21457_0,308,412,5,396,food,1
image_21457_1,297,355,198,380,public_area,1
image_21457_1,282,360,0,77,public_area,1
image_21460_0,171,347,191,393,food,1
image_21460_0,50,158,393,512,food,1
image_21460_0,0,40,310,392,food,1
image_21460_0,0,49,125,221,food,1
image_21460_0,32,175,0,58,food,1
image_21461_0,266,332,407,432,room,1
image_21461_0,257,512,2,335,room,1
image_21462_0,398,482,22,132,food,1
image_21462_0,322,402,190,241,food,1
image_21465_0,199,511,1,431,room,1
image_21465_2,287,307,246,279,public_area,1
image_21465_2,271,311,36,55,public_area,1
image_21465_2,285,305,363,401,public_area,1
image_21465_2,269,308,417,442,public_area,1
image_21465_2,270,309,285,300,public_area,1
image_21467_0,66,171,373,511,public_area,1
image_21467_1,349,512,67,438,food,1
image_21467_1,232,362,172,249,food,1
image_21468_0,286,366,380,512,room,1
image_21468_0,308,460,0,85,room,1
image_21468_0,229,399,87,333,room,1
image_21468_2,268,329,212,262,public_area,1
image_21468_2,224,313,276,401,public_area,1
image_21499_0,422,510,51,428,public_area,1
image_21500_0,221,363,141,210,public_area,1
image_21500_1,181,232,440,512,public_area,1
image_21500_1,15,234,224,436,public_area,1
image_21501_1,381,405,303,365,public_area,1
image_21501_1,379,402,185,212,public_area,1
image_21501_1,379,402,151,177,public_area,1
image_21502_0,298,317,380,407,public_area,1
image_21532_0,293,418,368,512,room,1
image_21532_0,312,470,0,93,room,1
image_21532_1,207,388,407,512,room,1
image_21541_0,390,494,240,388,public_area,1
image_21541_0,410,498,378,444,public_area,1
image_21542_0,220,438,1,243,public_area,1
image_21559_0,259,484,190,329,public_area,1
image_21563_0,234,262,0,161,public_area,1
image_21563_0,226,241,185,232,public_area,1
image_21563_1,172,256,0,21,public_area,1
image_21563_1,263,284,6,99,public_area,1
image_21563_1,180,264,63,82,public_area,1
image_21563_1,386,511,0,296,public_area,1
image_21585_0,295,320,270,324,room,1
image_21585_0,303,332,347,410,room,1
image_21585_1,252,500,2,392,room,1
image_21585_2,303,512,59,437,room,1
image_21597_1,337,410,200,243,public_area,1
image_21597_1,315,341,154,196,public_area,1
image_21597_2,0,366,165,452,room,1
image_21598_0,436,512,0,72,public_area,1
image_21598_0,287,358,0,75,public_area,1
image_21601_1,399,502,170,269,public_area,1
image_21602_0,214,244,196,216,public_area,1
image_21602_0,218,254,286,316,public_area,1
image_21602_0,214,253,241,272,public_area,1
image_21602_0,226,282,420,511,public_area,1
image_21603_0,154,206,0,94,public_area,1
image_21603_0,143,191,457,511,public_area,1
image_21603_0,149,195,291,320,public_area,1
image_21603_0,151,199,257,290,public_area,1
image_21603_0,152,197,224,254,public_area,1
image_21605_2,1,244,322,507,public_area,1
image_21648_0,257,512,135,511,room,1
image_21649_0,316,511,94,511,room,1
image_21684_2,365,456,332,492,public_area,1
image_21684_2,272,348,153,252,public_area,1
image_21684_2,275,351,291,380,public_area,1
image_21685_1,284,394,220,339,public_area,1
image_21685_1,286,396,35,166,public_area,1
image_21686_0,150,192,195,270,food,1
image_21686_0,238,293,172,260,food,1
image_21686_0,187,237,163,247,food,1
image_21686_0,89,160,173,227,food,1
image_21686_0,308,512,129,458,food,1
image_21687_0,92,290,0,153,public_area,1
image_21687_0,118,294,264,508,public_area,1
image_21688_0,166,198,110,157,public_area,1
image_21688_0,169,216,0,80,public_area,1
image_21689_5,2,511,4,429,room,1
image_21697_0,361,490,17,210,public_area,1
image_21697_1,234,305,134,180,food,1
image_21697_5,320,384,182,235,room,1
image_21697_5,326,511,340,431,room,1
image_21698_0,287,354,236,279,public_area,1
image_21699_1,160,321,234,379,public_area,1
image_21699_1,196,310,458,512,public_area,1
image_21701_0,74,291,0,294,public_area,1
image_21701_0,0,113,249,299,public_area,1
image_21701_0,248,511,1,406,public_area,1
image_21712_0,281,371,435,512,public_area,1
image_21712_0,255,479,212,415,public_area,1
image_21713_1,417,512,287,511,public_area,1
image_21713_4,303,511,34,511,room,1
image_21714_1,249,341,0,29,room,1
image_21714_1,330,508,88,150,room,1
image_21714_1,288,510,200,511,room,1
image_21716_0,302,346,145,214,public_area,1
image_21716_0,303,366,430,512,public_area,1
image_21716_0,344,512,374,433,public_area,1
image_21720_0,309,320,219,242,public_area,1
image_21720_0,309,319,194,216,public_area,1
image_21720_0,375,401,149,157,public_area,1
image_21720_0,308,317,273,296,public_area,1
image_21721_1,406,512,168,213,public_area,1
image_21721_1,362,474,252,511,public_area,1
image_21721_1,367,417,18,90,public_area,1
image_21721_2,173,512,249,493,public_area,1
image_21742_1,316,339,204,224,public_area,1
image_21742_1,316,339,155,173,public_area,1
image_21742_1,317,339,104,123,public_area,1
image_21742_1,296,343,223,257,public_area,1
image_21742_1,308,346,68,97,public_area,1
image_21742_1,304,345,171,196,public_area,1
image_21743_4,189,321,186,352,food,1
image_21743_4,84,176,168,227,food,1
image_21743_4,117,231,0,158,food,1
image_21743_4,289,383,0,111,food,1
image_21745_0,484,512,3,452,room,1
image_21745_0,87,282,499,512,room,1
image_21747_2,183,386,61,511,public_area,1
image_21748_1,304,403,295,384,room,1
image_21748_1,289,511,37,273,room,1
image_21748_2,290,428,116,421,room,1
image_21748_5,192,240,452,490,public_area,1
image_21748_5,146,180,296,366,public_area,1
image_21748_5,186,216,476,512,public_area,1
image_21748_5,135,184,439,512,public_area,1
image_21748_5,131,213,88,153,public_area,1
image_21748_5,185,242,400,445,public_area,1
image_21748_5,165,243,188,244,public_area,1
image_21748_6,369,415,99,255,public_area,1
image_21748_6,290,326,0,91,public_area,1
image_21748_6,345,388,69,99,public_area,1
image_21748_6,384,448,23,58,public_area,1
image_21748_6,376,460,251,280,public_area,1
image_21748_6,404,455,136,171,public_area,1
image_21749_1,237,315,348,512,room,1
image_21749_1,248,295,254,279,room,1
image_21749_1,192,231,106,156,room,1
image_21749_2,259,433,140,387,room,1
image_21749_5,197,245,272,290,public_area,1
image_21749_5,329,456,111,420,public_area,1
image_21749_5,67,384,150,223,public_area,1
image_21757_0,172,251,133,150,public_area,1
image_21765_0,430,512,43,116,public_area,1
image_21765_0,71,104,268,308,public_area,1
image_21765_0,68,169,306,454,public_area,1
image_21765_1,263,321,290,402,room,1
image_21765_1,314,512,133,248,room,1
image_21795_0,331,356,468,512,public_area,1
image_21807_6,220,298,445,509,public_area,1
image_21808_2,284,313,241,311,food,1
image_21808_2,244,346,129,194,food,1
image_21808_2,199,270,259,302,food,1
image_21808_2,313,416,0,134,food,1
image_21810_0,255,446,0,277,room,1
image_21810_1,245,257,82,134,public_area,1
image_21810_1,247,258,145,186,public_area,1
image_21810_1,249,259,230,270,public_area,1
image_21810_1,244,282,20,77,public_area,1
image_21810_1,247,258,186,229,public_area,1
image_21811_0,130,254,443,512,food,1
image_21811_0,79,133,474,512,food,1
image_21811_0,267,345,380,450,food,1
image_21811_0,246,335,5,107,food,1
image_21811_0,206,260,0,37,food,1
image_21811_0,15,84,114,158,food,1
image_21811_3,300,330,155,202,public_area,1
image_21811_3,311,321,33,73,public_area,1
image_21811_3,289,304,254,304,public_area,1
image_21811_3,307,317,75,117,public_area,1
image_21811_3,303,314,116,157,public_area,1
image_21812_0,238,396,40,251,public_area,1
image_21812_0,217,452,223,502,public_area,1
image_21827_0,386,512,299,436,public_area,1
image_21827_0,209,386,343,511,public_area,1
image_21828_0,27,183,173,458,public_area,1
image_21828_0,230,510,118,511,public_area,1
image_21828_1,295,332,306,327,public_area,1
image_21828_1,325,512,142,269,public_area,1
image_21829_0,86,245,13,189,public_area,1
image_21829_0,129,202,411,469,public_area,1
image_21836_0,310,338,459,511,public_area,1
image_21837_0,33,509,2,510,room,1
image_21837_1,392,420,39,61,public_area,1
image_21837_1,382,397,124,158,public_area,1
image_21837_1,453,482,399,453,public_area,1
image_21837_1,399,431,3,42,public_area,1
image_21837_2,233,336,310,381,room,1
image_21837_2,330,496,415,512,room,1
image_21837_2,356,512,260,422,room,1
image_21839_1,317,335,324,357,public_area,1
image_21839_1,283,317,385,395,public_area,1
image_21839_1,202,351,0,30,public_area,1
image_21839_1,317,338,369,399,public_area,1
image_21839_1,435,512,1,301,public_area,1
image_21839_1,317,346,407,511,public_area,1
image_21855_0,358,387,171,208,public_area,1
image_21855_0,168,475,85,182,public_area,1
image_21857_1,472,512,11,286,room,1
image_21857_1,0,96,134,385,room,1
image_21865_0,178,359,119,304,public_area,1
image_21868_0,293,322,380,404,public_area,1
image_21868_0,290,319,349,374,public_area,1
image_21868_0,271,287,136,153,public_area,1
image_21868_0,272,292,158,175,public_area,1
image_21868_0,275,300,29,79,public_area,1
image_21868_0,288,312,287,304,public_area,1
image_21868_0,283,334,474,512,public_area,1
image_21868_3,145,510,171,511,public_area,1
image_21868_4,315,348,75,104,public_area,1
image_21868_4,315,352,0,35,public_area,1
image_21868_4,321,348,115,154,public_area,1
image_21868_4,312,355,254,355,public_area,1
image_21868_4,316,359,401,505,public_area,1
image_21868_4,313,350,164,245,public_area,1
image_21869_0,390,511,0,510,room,1
image_21870_4,132,325,91,328,food,1
image_21870_4,0,111,1,180,food,1
image_21871_1,343,367,158,222,public_area,1
image_21871_1,377,392,158,185,public_area,1
image_21871_2,446,512,13,246,food,1
image_21871_2,264,365,66,122,food,1
image_21871_2,328,496,0,71,food,1
image_21871_2,241,335,136,186,food,1
image_21871_2,364,463,379,512,food,1
image_21872_0,176,497,83,417,public_area,1
image_21872_0,409,495,389,512,public_area,1
image_21872_0,422,511,0,106,public_area,1
image_21873_0,332,402,302,337,food,1
image_21873_1,174,210,219,278,food,1
image_21873_1,220,379,0,114,food,1
image_21873_2,234,276,93,141,food,1
image_21873_2,166,337,374,512,food,1
image_21873_2,13,168,0,73,food,1
image_21873_3,35,165,242,511,public_area,1
image_21874_0,282,328,408,422,public_area,1
image_21874_0,274,368,143,391,public_area,1
image_21874_0,271,321,75,103,public_area,1
image_21876_0,455,512,408,512,public_area,1
image_21876_0,435,512,43,229,public_area,1
image_21876_0,462,512,258,368,public_area,1
image_21878_1,243,364,64,365,public_area,1
image_21880_0,312,381,335,438,food,1
image_21880_0,289,345,125,221,food,1
image_21880_0,178,338,22,103,food,1
image_21880_1,378,465,0,228,public_area,1
image_21896_0,176,216,131,160,public_area,1
image_21896_0,192,228,211,230,public_area,1
image_21896_0,181,223,159,188,public_area,1
image_21896_0,153,234,0,111,public_area,1
image_21896_1,252,291,280,297,public_area,1
image_21896_1,274,510,315,450,public_area,1
image_21897_0,0,56,466,512,food,1
image_21897_0,46,200,0,109,food,1
image_21897_0,142,432,123,512,food,1
image_21912_2,61,147,1,57,food,1
image_21912_2,206,290,0,33,food,1
image_21912_2,292,456,185,354,food,1
image_21912_2,0,74,170,200,food,1
image_21912_2,181,222,51,103,food,1
image_21912_2,7,91,333,377,food,1
image_21912_2,300,380,371,444,food,1
image_21912_2,231,384,16,143,food,1
image_21912_2,94,189,55,161,food,1
image_21912_2,144,245,163,269,food,1
image_21913_1,439,506,410,474,public_area,1
image_21914_1,360,371,138,161,public_area,1
image_21914_1,361,379,171,211,public_area,1
image_21914_1,356,377,51,114,public_area,1
image_21935_0,145,477,94,209,public_area,1
image_21935_0,123,482,300,443,public_area,1
image_21936_0,121,511,188,508,public_area,1
image_21969_0,452,512,1,214,public_area,1
image_21969_0,341,472,248,361,public_area,1
image_21969_0,311,512,348,512,public_area,1
image_21969_0,371,462,111,228,public_area,1
image_21969_1,289,376,123,214,public_area,1
image_21969_1,293,370,218,298,public_area,1
image_21969_1,289,385,0,80,public_area,1
image_21971_0,355,480,454,512,room,1
image_21971_0,236,374,251,510,room,1
image_21971_0,205,259,41,84,room,1
image_21971_0,296,412,0,79,room,1
image_21976_0,304,367,447,512,public_area,1
image_21976_0,356,512,247,511,public_area,1
image_21976_0,258,396,12,393,public_area,1
image_21976_1,402,512,54,379,room,1
image_21977_0,390,512,65,241,public_area,1
image_21978_0,343,394,353,433,food,1
image_21978_0,292,415,0,181,food,1
image_21980_1,287,335,79,117,public_area,1
image_22016_0,274,511,125,511,room,1
image_22016_1,128,509,265,443,public_area,1
image_22017_0,304,340,82,128,public_area,1
image_22017_0,307,332,206,228,public_area,1
image_22017_0,312,334,173,196,public_area,1
image_22018_0,170,198,291,307,public_area,1
image_22018_0,167,189,205,220,public_area,1
image_22018_0,167,193,188,207,public_area,1
image_22018_0,168,210,330,350,public_area,1
image_22018_0,169,196,153,168,public_area,1
image_22018_0,173,217,416,454,public_area,1
image_22018_0,169,199,135,151,public_area,1
image_22018_0,172,213,16,54,public_area,1
image_22018_0,161,207,64,101,public_area,1
image_22059_0,285,373,167,247,public_area,1
image_22059_0,334,413,257,332,public_area,1
image_22059_0,300,426,0,159,public_area,1
image_22059_0,335,374,347,443,public_area,1
image_22060_0,46,510,1,511,room,1
image_22060_1,391,511,236,511,room,1
image_22060_2,285,322,165,183,room,1
image_22060_2,341,512,275,430,room,1
image_22060_2,361,512,59,206,room,1
image_22060_3,408,511,0,88,room,1
image_22060_4,282,512,33,258,room,1
image_22060_4,299,453,293,479,room,1
image_22072_0,296,460,387,511,room,1
image_22072_0,290,405,71,167,room,1
image_22072_0,398,512,1,291,room,1
image_22072_1,377,431,67,118,public_area,1
image_22073_4,237,511,1,442,room,1
image_22073_4,272,438,459,512,room,1
image_22088_0,243,267,475,501,public_area,1
image_22088_0,195,239,213,226,public_area,1
image_22088_0,189,245,38,72,public_area,1
image_22088_0,193,247,146,176,public_area,1
image_22088_0,197,256,284,320,public_area,1
image_22088_0,189,262,353,418,public_area,1
image_22088_2,395,456,418,509,public_area,1
image_22095_0,207,266,96,169,food,1
image_22095_0,61,242,250,302,food,1
image_22095_4,110,202,267,366,public_area,1
image_22101_0,311,396,204,335,food,1
image_22108_0,295,341,292,408,public_area,1
image_22109_1,388,412,80,106,public_area,1
image_22109_1,454,512,0,25,public_area,1
image_22109_1,383,405,121,144,public_area,1
image_22109_1,390,419,53,75,public_area,1
image_22109_1,449,511,91,265,public_area,1
image_22109_1,390,427,1,23,public_area,1
image_22109_3,345,443,311,512,food,1
image_22109_3,394,512,26,260,food,1
image_22109_3,317,403,146,220,food,1
image_22109_3,308,400,237,305,food,1
image_22110_1,384,511,0,102,room,1
image_22127_0,231,268,449,488,public_area,1
image_22127_0,426,512,0,88,public_area,1
image_22127_1,311,338,454,484,public_area,1
image_22127_1,310,338,190,214,public_area,1
image_22127_1,310,338,139,161,public_area,1
image_22127_1,309,337,0,29,public_area,1
image_22127_1,309,338,46,83,public_area,1
image_22135_0,172,254,292,335,public_area,1
image_22135_0,213,236,342,367,public_area,1
image_22135_0,174,226,97,121,public_area,1
image_22135_0,212,234,178,207,public_area,1
image_22135_0,217,243,252,292,public_area,1
image_22135_0,193,236,200,233,public_area,1
image_22147_3,183,213,173,247,public_area,1
image_22147_3,137,162,220,304,public_area,1
image_22147_3,184,214,261,301,public_area,1
image_22147_3,144,203,56,98,public_area,1
image_22147_3,245,324,156,424,public_area,1
image_22147_3,145,192,106,152,public_area,1
image_22147_3,320,494,5,382,public_area,1
image_22147_4,222,379,0,311,room,1
image_22147_4,204,259,480,512,room,1
image_22149_0,362,416,154,294,public_area,1
image_22149_0,453,471,67,116,public_area,1
image_22149_0,450,469,157,199,public_area,1
image_22149_0,341,456,349,503,public_area,1
image_22149_0,367,446,0,76,public_area,1
image_22150_1,37,245,0,287,public_area,1
image_22151_1,77,402,29,281,public_area,1
image_22151_4,299,340,271,326,public_area,1
image_22151_4,256,283,195,236,public_area,1
image_22151_4,225,252,336,387,public_area,1
image_22151_4,311,355,138,257,public_area,1
image_22151_4,333,433,1,155,public_area,1
image_22151_4,219,252,239,315,public_area,1
image_22151_4,221,272,148,189,public_area,1
image_22152_0,341,370,478,512,public_area,1
image_22152_0,338,396,0,134,public_area,1
image_22152_0,394,486,489,512,public_area,1
image_22152_2,313,347,183,205,public_area,1
image_22152_2,338,358,302,326,public_area,1
image_22152_2,315,338,209,235,public_area,1
image_22152_2,305,343,337,395,public_area,1
image_22152_2,309,324,272,320,public_area,1
image_22152_2,387,511,251,512,public_area,1
image_22155_0,385,485,0,511,public_area,1
image_22157_1,241,458,39,228,public_area,1
image_22157_2,313,347,183,205,public_area,1
image_22157_2,338,358,302,326,public_area,1
image_22157_2,315,338,209,235,public_area,1
image_22157_2,305,343,337,395,public_area,1
image_22157_2,309,324,272,320,public_area,1
image_22157_2,387,511,255,512,public_area,1
image_22166_0,1,414,99,512,room,1
image_22178_0,140,511,1,512,room,1
image_22179_0,228,360,1,79,room,1
image_22179_0,202,511,64,511,room,1
image_22193_0,324,512,170,324,public_area,1
image_22193_0,312,512,17,129,public_area,1
image_22193_0,315,510,331,511,public_area,1
image_22194_0,292,509,245,511,public_area,1
image_22194_0,299,485,78,193,public_area,1
image_22196_2,281,307,20,65,public_area,1
image_22196_2,281,306,127,192,public_area,1
image_22196_2,285,314,207,252,public_area,1
image_22196_2,289,314,287,330,public_area,1
image_22198_0,225,416,215,440,public_area,1
image_22213_0,254,287,146,197,public_area,1
image_22213_0,253,293,110,154,public_area,1
image_22213_0,247,292,257,380,public_area,1
image_22213_0,241,310,408,511,public_area,1
image_22214_0,293,509,220,511,public_area,1
image_22214_0,1,226,352,512,public_area,1
image_22215_0,175,296,228,303,public_area,1
image_22219_0,0,89,192,278,public_area,1
image_22219_0,0,89,0,152,public_area,1
image_22226_0,298,394,226,336,room,1
image_22226_0,341,511,7,204,room,1
image_22226_0,202,249,438,512,room,1
image_22226_0,295,511,351,512,room,1
image_22226_1,313,382,59,178,room,1
image_22226_1,306,474,179,292,room,1
image_22226_2,279,394,48,250,room,1
image_22226_2,278,512,253,486,room,1
image_22226_3,360,512,362,501,room,1
image_22230_0,11,117,163,512,public_area,1
image_22230_0,367,511,101,498,food,1
image_22230_0,282,478,24,131,food,1
image_22230_1,320,344,141,180,public_area,1
image_22230_1,369,511,449,512,public_area,1
image_22230_1,197,377,329,512,public_area,1
image_22231_0,66,91,347,445,public_area,1
image_22231_0,142,251,45,103,public_area,1
image_22231_0,31,272,96,268,public_area,1
image_22233_1,149,392,239,444,public_area,1
image_22233_1,252,404,414,512,public_area,1
image_22233_2,193,277,89,147,public_area,1
image_22233_2,88,302,234,476,public_area,1
image_22233_5,196,512,1,426,food,1
image_22233_5,0,85,376,501,food,1
image_22233_5,0,208,20,342,food,1
image_22233_5,44,259,384,512,food,1
image_22233_6,51,512,61,391,food,1
image_22234_0,254,391,300,396,public_area,1
image_22234_0,151,321,133,222,public_area,1
image_22234_0,176,352,0,123,public_area,1
image_22235_0,181,231,222,330,public_area,1
image_22235_0,102,254,490,512,public_area,1
image_22237_0,268,322,320,398,public_area,1
image_22237_1,276,377,115,178,public_area,1
image_22237_1,316,511,134,303,public_area,1
image_22237_1,237,301,170,344,public_area,1
image_22237_1,275,373,321,511,public_area,1
image_22238_0,233,254,286,304,public_area,1
image_22239_1,158,281,95,190,public_area,1
image_22239_1,246,429,414,512,public_area,1
image_22239_1,227,350,349,419,public_area,1
image_22239_1,249,332,192,312,public_area,1
image_22239_2,124,166,312,345,public_area,1
image_22239_2,83,157,165,252,public_area,1
image_22239_2,148,209,414,511,public_area,1
image_22240_2,15,299,0,138,public_area,1
image_22240_2,259,320,439,484,public_area,1
image_22240_4,286,354,472,512,public_area,1
image_22240_4,304,345,407,436,public_area,1
image_22240_4,197,366,45,151,public_area,1
image_22262_0,279,510,126,444,room,1
image_22262_1,209,508,0,511,room,1
image_22262_3,466,512,47,231,room,1
image_22295_0,257,355,23,185,public_area,1
image_22295_0,298,364,0,44,public_area,1
image_22295_0,261,328,216,295,public_area,1
image_22298_1,51,96,354,416,public_area,1
image_22298_1,1,87,310,367,public_area,1
image_22298_1,95,278,459,512,public_area,1
image_22298_1,51,91,201,328,public_area,1
image_22298_2,328,511,308,511,room,1
image_22298_5,230,510,1,462,room,1
image_22306_0,312,512,1,432,public_area,1
image_22308_2,276,311,211,251,public_area,1
image_22309_0,98,135,144,173,public_area,1
image_22309_0,97,135,220,251,public_area,1
image_22309_0,100,135,181,209,public_area,1
image_22315_0,235,340,479,512,food,1
image_22315_0,218,512,1,237,food,1
image_22315_0,66,158,211,403,food,1
image_22315_1,150,203,5,28,public_area,1
image_22325_0,360,389,152,169,public_area,1
image_22325_0,359,389,102,121,public_area,1
image_22335_1,261,293,320,425,public_area,1
image_22339_0,238,382,128,399,food,1
image_22339_0,137,299,232,510,food,1
image_22339_0,0,173,351,451,food,1
image_22339_0,40,227,171,282,food,1
image_22354_0,309,325,92,126,public_area,1
image_22354_0,307,323,324,366,public_area,1
image_22354_0,410,493,281,328,public_area,1
image_22354_0,402,492,181,239,public_area,1
image_22357_0,309,325,92,126,public_area,1
image_22357_0,307,323,324,366,public_area,1
image_22357_0,410,493,281,328,public_area,1
image_22357_0,402,492,181,239,public_area,1
image_22364_0,406,441,124,154,public_area,1
image_22364_0,479,512,39,103,public_area,1
image_22364_1,325,348,168,211,public_area,1
image_22364_1,334,360,104,154,public_area,1
image_22364_1,260,308,431,511,public_area,1
image_22364_1,276,315,352,407,public_area,1
image_22365_0,373,454,177,315,public_area,1
image_22365_0,262,325,407,458,public_area,1
image_22365_0,297,340,218,334,public_area,1
image_22365_0,286,408,0,181,public_area,1
image_22365_1,356,512,137,509,public_area,1
image_22365_1,245,267,231,264,public_area,1
image_22365_1,243,267,162,186,public_area,1
image_22365_1,240,268,134,155,public_area,1
image_22365_1,241,268,265,307,public_area,1
image_22365_1,235,281,416,512,public_area,1
image_22365_1,166,256,465,491,public_area,1
image_22365_2,258,294,211,252,public_area,1
image_22365_2,205,261,246,273,public_area,1
image_22365_2,289,317,0,58,public_area,1
image_22389_0,341,511,350,468,public_area,1
image_22389_0,392,505,2,122,public_area,1
image_22400_0,347,438,296,357,public_area,1
image_22400_0,443,512,362,431,public_area,1
image_22400_1,198,264,290,379,public_area,1
image_22400_1,233,270,112,156,public_area,1
image_22401_0,315,342,403,426,public_area,1
image_22401_0,289,343,423,474,public_area,1
image_22402_0,313,374,0,46,public_area,1
image_22403_0,287,322,375,414,public_area,1
image_22403_0,292,320,357,382,public_area,1
image_22404_1,198,382,91,260,public_area,1
image_22405_0,216,247,32,98,public_area,1
image_22406_0,211,407,92,428,room,1
image_22427_2,249,345,485,512,room,1
image_22427_2,258,510,0,426,room,1
image_22445_0,281,407,91,293,room,1
image_22445_1,301,325,73,101,service,1
image_22445_1,296,329,115,133,service,1
image_22445_1,303,329,430,456,service,1
image_22445_1,293,330,493,512,service,1
image_22445_1,434,512,27,174,public_area,1
image_22445_1,294,327,210,246,service,1
image_22445_1,417,510,375,511,public_area,1
image_22449_0,128,170,344,377,room,1
image_22449_0,225,406,0,178,room,1
image_22449_0,180,371,168,446,room,1
image_22463_0,290,441,364,469,room,1
image_22463_0,303,475,101,241,room,1
image_22463_1,425,510,1,511,room,1
image_22463_1,350,444,135,330,room,1
image_22463_1,318,350,209,260,room,1
image_22464_0,353,417,479,512,food,1
image_22464_0,264,324,307,412,food,1
image_22464_0,244,305,422,512,food,1
image_22464_0,259,316,189,286,food,1
image_22464_0,304,363,247,346,food,1
image_22464_0,275,331,49,152,food,1
image_22464_0,347,413,0,106,food,1
image_22464_0,329,393,351,457,food,1
image_22464_0,320,387,136,237,food,1
image_22465_2,119,151,80,126,public_area,1
image_22465_2,125,137,48,87,public_area,1
image_22465_3,377,391,17,44,public_area,1
image_22465_3,347,374,12,21,public_area,1
image_22466_0,366,399,193,224,service,1
image_22466_0,446,512,198,417,public_area,1
image_22466_0,364,427,152,179,service,1
image_22466_0,373,406,310,335,service,1
image_22466_0,370,416,453,491,public_area,1
image_22467_0,235,486,486,512,service,1
image_22467_0,350,512,0,83,public_area,1
image_22467_0,307,408,120,155,service,1
image_22467_0,349,512,315,458,public_area,1
image_22495_0,182,320,52,108,public_area,1
image_22495_0,320,512,0,490,public_area,1
image_22497_0,233,267,314,371,public_area,1
image_22497_0,228,274,417,484,public_area,1
image_22501_0,368,416,407,512,public_area,1
image_22501_0,193,249,117,133,public_area,1
image_22501_0,194,254,383,396,public_area,1
image_22501_0,229,307,398,424,public_area,1
image_22501_0,192,241,368,379,public_area,1
image_22501_0,268,379,422,452,public_area,1
image_22501_0,237,276,29,111,public_area,1
image_22501_1,298,397,142,245,food,1
image_22501_1,371,423,110,168,food,1
image_22501_1,243,344,274,445,food,1
image_22501_1,300,478,192,293,food,1
image_22503_0,246,269,1,56,public_area,1
image_22503_0,286,426,0,123,public_area,1
image_22503_1,307,339,458,512,public_area,1
image_22503_1,291,346,0,140,public_area,1
image_22505_0,209,406,42,106,public_area,1
image_22505_2,346,357,474,495,public_area,1
image_22506_0,215,282,400,479,public_area,1
image_22506_0,230,279,242,260,public_area,1
image_22506_2,366,510,1,498,room,1
image_22506_2,113,206,451,512,room,1
image_22507_0,359,511,1,510,room,1
image_22508_0,174,229,401,427,public_area,1
image_22508_0,156,209,59,89,public_area,1
image_22508_0,211,435,266,412,food,1
image_22509_0,185,294,0,23,public_area,1
image_22509_0,247,512,119,252,public_area,1
image_22510_2,306,434,144,229,room,1
image_22510_2,454,512,1,350,room,1
image_22510_2,364,395,125,143,room,1
image_22510_2,366,482,0,73,room,1
image_22510_3,137,505,0,511,room,1
image_22512_0,236,261,213,229,public_area,1
image_22512_0,211,256,436,452,public_area,1
image_22512_0,381,511,316,511,public_area,1
image_22513_0,251,344,183,247,food,1
image_22513_0,254,332,0,97,food,1
image_22513_0,359,484,97,275,food,1
image_22515_0,485,512,1,220,room,1
image_22515_0,21,157,0,79,room,1
image_22516_0,442,512,26,494,room,1
image_22516_0,316,460,245,339,room,1
image_22516_0,317,460,348,452,room,1
image_22516_1,340,373,138,204,room,1
image_22516_3,288,331,344,362,public_area,1
image_22516_3,289,332,74,94,public_area,1
image_22516_3,309,331,421,492,public_area,1
image_22516_3,403,511,88,442,public_area,1
image_22516_4,304,405,364,452,room,1
image_22516_4,421,512,294,511,room,1
image_22517_0,353,471,260,344,room,1
image_22517_0,301,507,116,272,room,1
image_22517_0,303,474,307,446,room,1
image_22517_1,299,340,267,313,room,1
image_22517_1,184,244,356,460,room,1
image_22517_1,335,511,157,438,room,1
image_22517_1,271,340,306,356,room,1
image_22517_1,300,368,385,466,room,1
image_22517_1,267,340,202,271,room,1
image_22518_0,319,353,331,415,room,1
image_22518_0,297,410,130,200,room,1
image_22521_0,291,367,103,182,room,1
image_22521_0,221,264,91,157,room,1
image_22521_0,275,483,150,511,room,1
image_22521_2,307,375,297,511,public_area,1
image_22522_0,121,165,361,380,public_area,1
image_22522_0,148,205,73,98,public_area,1
image_22522_0,375,426,109,143,food,1
image_22522_0,328,377,353,428,food,1
image_22522_0,360,416,395,428,food,1
image_22522_0,393,463,121,212,food,1
image_22522_0,406,473,283,322,food,1
image_22522_2,267,361,0,112,public_area,1
image_22522_2,265,376,218,261,public_area,1
image_22523_0,228,257,145,160,public_area,1
image_22523_0,194,245,322,394,public_area,1
image_22523_0,211,253,21,90,public_area,1
image_22523_0,348,385,386,443,food,1
image_22523_0,352,387,68,124,food,1
image_22523_0,378,438,235,306,food,1
image_22524_0,295,405,483,512,public_area,1
image_22524_1,450,512,67,145,public_area,1
image_22524_1,314,512,189,511,public_area,1
image_22524_2,329,372,302,317,public_area,1
image_22524_2,349,363,486,511,public_area,1
image_22524_2,333,394,153,174,public_area,1
image_22525_0,256,308,371,493,public_area,1
image_22525_0,206,296,0,18,public_area,1
image_22525_0,212,281,147,171,public_area,1
image_22525_0,271,321,26,230,public_area,1
image_22526_0,335,417,371,483,public_area,1
image_22526_0,379,421,339,357,public_area,1
image_22527_0,298,442,91,164,public_area,1
image_22527_1,272,416,282,349,public_area,1
image_22528_1,112,150,108,132,public_area,1
image_22529_0,245,411,2,188,public_area,1
image_22529_1,346,512,136,488,public_area,1
image_22531_0,306,434,144,229,room,1
image_22531_0,454,512,1,350,room,1
image_22531_0,366,482,0,73,room,1
image_22531_2,331,511,108,351,public_area,1
image_22531_2,314,512,317,421,public_area,1
image_22531_2,312,512,45,150,public_area,1
image_22533_1,51,85,464,512,public_area,1
image_22533_1,60,93,398,455,public_area,1
image_22533_1,348,405,12,93,food,1
image_22533_1,296,335,433,502,food,1
image_22533_1,269,329,60,158,food,1
image_22533_1,286,353,250,349,food,1
image_22533_1,380,468,41,100,food,1
image_22534_0,109,151,21,48,public_area,1
image_22534_0,139,239,249,351,public_area,1
image_22534_0,290,380,43,166,food,1
image_22534_0,345,437,175,248,food,1
image_22534_1,400,512,174,283,public_area,1
image_22558_0,231,511,1,472,room,1
image_22593_0,234,337,399,425,public_area,1
image_22593_0,279,331,61,92,public_area,1
image_22683_6,243,358,417,512,food,1
image_22683_6,183,262,297,404,food,1
image_22685_0,116,344,0,252,food,1
image_22685_0,113,294,299,512,food,1
image_22686_0,297,511,1,255,room,1
image_22688_0,359,368,85,110,public_area,1
image_22688_1,258,318,396,512,public_area,1
image_22689_0,284,512,1,424,public_area,1
image_22690_0,353,365,186,205,public_area,1
image_22690_0,353,367,243,259,public_area,1
image_22690_0,353,367,222,241,public_area,1
image_22691_0,249,512,1,358,room,1
image_22691_1,366,382,218,243,public_area,1
image_22692_0,318,360,297,322,public_area,1
image_22695_0,284,312,306,325,public_area,1
image_22695_1,39,341,0,493,room,1
image_22697_0,294,401,0,72,public_area,1
image_22697_2,354,363,0,33,public_area,1
image_22698_0,406,427,183,223,public_area,1
image_22698_0,299,310,483,512,public_area,1
image_22700_0,401,416,46,63,public_area,1
image_22700_0,426,447,444,471,public_area,1
image_22700_2,325,350,208,309,public_area,1
image_22700_2,291,314,273,288,public_area,1
image_22700_2,312,389,118,156,public_area,1
image_22700_2,312,361,155,187,public_area,1
image_22700_5,324,511,161,512,room,1
image_22700_6,328,386,50,152,room,1
image_22701_1,155,409,1,431,room,1
image_22702_0,192,299,111,256,public_area,1
image_22703_3,100,213,401,501,food,1
image_22703_3,394,512,12,157,food,1
image_22703_3,403,512,155,278,food,1
image_22703_3,29,173,17,164,food,1
image_22714_0,437,466,379,415,public_area,1
image_22714_2,349,512,77,309,public_area,1
image_22714_2,360,512,0,76,public_area,1
image_22714_2,334,512,294,486,public_area,1
image_22716_0,248,512,1,359,room,1
image_22716_1,370,512,162,466,room,1
image_22716_1,258,418,132,240,room,1
image_22717_2,451,512,176,278,food,1
image_22717_2,359,428,57,120,food,1
image_22717_2,286,345,271,306,food,1
image_22717_2,361,429,267,350,food,1
image_22717_2,352,416,376,459,food,1
image_22717_5,361,377,332,352,public_area,1
image_22717_5,337,511,1,223,facilities,1
image_22718_4,374,405,347,373,food,1
image_22718_4,378,400,322,347,food,1
image_22718_4,377,398,148,194,food,1
image_22718_4,356,381,149,210,food,1
image_22718_4,324,380,233,267,food,1
image_22718_4,357,424,214,255,food,1
image_22719_0,184,236,362,421,public_area,1
image_22719_0,208,238,317,350,service,1
image_22719_0,260,478,345,511,public_area,1
image_22719_0,142,243,0,129,public_area,1
image_22721_0,360,511,100,345,public_area,1
image_22721_2,375,512,1,190,food,1
image_22721_2,144,210,201,299,food,1
image_22721_2,235,342,60,200,food,1
image_22724_0,279,365,85,178,room,1
image_22724_0,321,511,152,511,room,1
image_22724_0,270,349,231,305,room,1
image_22724_0,211,250,165,231,room,1
image_22726_4,400,512,279,511,room,1
image_22726_4,420,512,96,291,room,1
image_22726_4,403,512,0,81,room,1
image_22728_0,399,512,37,103,room,1
image_22728_0,302,512,221,433,room,1
image_22728_1,389,512,232,504,room,1
image_22729_2,180,204,104,141,public_area,1
image_22732_1,165,202,389,435,public_area,1
image_22732_1,171,202,261,302,public_area,1
image_22737_0,306,512,1,240,room,1
image_22739_0,236,461,1,153,public_area,1
image_22739_2,500,512,277,357,room,1
image_22739_2,487,512,80,178,room,1
image_22741_1,4,405,1,511,room,1
image_22742_0,273,418,339,407,public_area,1
image_22742_0,322,436,203,357,public_area,1
image_22742_0,292,432,138,207,public_area,1
image_22804_0,239,322,347,410,public_area,1
image_22804_0,231,313,107,177,public_area,1
image_22804_0,248,315,236,252,service,1
image_22805_0,92,512,4,512,room,1
image_22806_0,322,344,414,436,service,1
image_22806_0,320,343,374,397,service,1
image_22807_0,178,335,104,299,food,1
image_22807_0,256,375,279,440,food,1
image_22809_0,121,162,360,412,public_area,1
image_22809_0,118,169,452,510,public_area,1
image_22810_0,143,304,0,105,public_area,1
image_22811_0,20,343,1,512,room,1
image_22812_0,310,362,252,357,public_area,1
image_22815_0,258,310,101,124,public_area,1
image_22815_0,266,330,17,65,public_area,1
image_22818_0,274,300,393,421,public_area,1
image_22818_0,278,304,480,512,public_area,1
image_22818_0,258,283,53,84,public_area,1
image_22819_3,355,385,307,388,food,1
image_22819_3,372,413,315,410,food,1
image_22819_3,363,399,235,317,food,1
image_22819_3,221,486,44,145,service,1
image_22819_4,246,255,84,106,public_area,1
image_22819_4,232,239,140,159,public_area,1
image_22820_0,347,429,0,61,public_area,1
image_22820_0,348,420,114,187,public_area,1
image_22820_3,1,431,0,208,food,1
image_22821_0,360,376,255,316,public_area,1
image_22821_1,373,512,323,393,room,1
image_22822_0,212,435,65,464,public_area,1
image_22831_0,239,410,158,331,food,1
image_22832_1,253,313,430,512,public_area,1
image_22832_1,243,306,286,365,public_area,1
image_22832_1,228,295,6,109,public_area,1
image_22832_3,337,512,0,227,room,1
image_22834_0,258,310,101,124,public_area,1
image_22834_0,266,330,17,65,public_area,1
image_22862_2,314,330,367,416,public_area,1
image_22862_5,284,487,1,145,room,1
image_22862_5,408,512,143,279,room,1
image_22953_0,407,444,170,198,food,1
image_22953_0,399,437,289,316,food,1
image_22953_0,436,483,122,189,food,1
image_22954_0,157,284,0,57,public_area,1
image_22955_0,345,512,165,345,food,1
image_22955_0,0,303,90,428,food,1
image_22956_0,294,511,89,512,room,1
image_22956_1,204,328,454,512,room,1
image_22956_1,321,511,1,485,room,1
image_22957_1,258,353,326,468,room,1
image_22957_1,252,424,0,117,room,1
image_22957_1,335,511,247,511,room,1
image_22958_1,244,354,0,162,room,1
image_22958_1,229,283,243,283,room,1
image_22958_5,242,512,1,512,room,1
image_22959_0,11,91,295,461,food,1
image_22959_0,174,341,0,233,food,1
image_22959_0,275,430,191,389,food,1
image_22959_2,4,470,0,512,food,1
image_23002_0,268,285,308,372,public_area,1
image_23019_2,0,74,123,240,food,1
image_23019_2,237,380,0,137,food,1
image_23019_2,66,122,58,124,food,1
image_23021_0,253,311,116,195,public_area,1
image_23022_4,258,274,477,512,room,1
image_23022_4,338,512,290,436,room,1
image_23022_4,230,493,0,321,room,1
image_23023_0,233,259,402,431,public_area,1
image_23023_0,230,262,429,470,public_area,1
image_23024_1,221,511,125,511,room,1
image_23024_2,410,512,229,511,public_area,1
image_23025_5,65,102,127,158,public_area,1
image_23025_5,70,96,12,41,public_area,1
image_23026_0,0,84,240,377,food,1
image_23026_0,138,362,372,512,food,1
image_23026_0,12,143,316,409,food,1
image_23028_2,469,493,468,506,public_area,1
image_23028_2,390,404,32,64,public_area,1
image_23028_2,405,419,11,44,public_area,1
image_23029_0,221,511,1,381,room,1
image_23029_1,52,510,2,429,room,1
image_23041_2,308,346,107,119,public_area,1
image_23041_2,302,346,84,96,public_area,1
image_23042_0,352,511,372,512,public_area,1
image_23042_0,329,436,0,113,public_area,1
image_23052_1,191,512,51,120,room,1
image_23052_1,390,472,242,425,room,1
image_23053_3,373,512,1,211,room,1
image_23053_4,325,427,416,506,public_area,1
image_23053_4,337,435,235,314,public_area,1
image_23053_4,354,426,330,391,public_area,1
image_23056_1,133,511,102,511,room,1
image_23056_1,38,158,8,178,room,1
image_23058_2,352,510,285,424,room,1
image_23058_2,353,439,33,176,room,1
image_23058_2,253,328,11,91,room,1
image_23059_0,256,383,345,500,room,1
image_23059_0,171,211,301,354,room,1
image_23059_0,250,462,0,169,room,1
image_23059_1,262,426,14,129,room,1
image_23059_1,190,511,163,511,room,1
image_23059_2,204,511,156,511,room,1
image_23059_2,206,512,1,271,room,1
image_23083_0,264,348,435,512,room,1
image_23083_0,258,379,127,367,room,1
image_23085_0,423,466,141,203,food,1
image_23085_0,398,442,411,481,food,1
image_23085_2,346,366,125,149,public_area,1
image_23085_2,344,368,163,187,public_area,1
image_23086_0,250,406,0,206,public_area,1
image_23087_0,280,357,257,362,public_area,1
image_23088_1,170,215,124,177,public_area,1
image_23088_1,167,223,45,112,public_area,1
image_23088_1,242,318,345,466,public_area,1
image_23088_2,338,511,1,453,room,1
image_23092_0,241,308,95,185,public_area,1
image_23092_1,208,258,169,239,public_area,1
image_23092_1,275,337,145,227,public_area,1
image_23092_1,272,333,49,132,public_area,1
image_23096_0,405,511,391,511,room,1
image_23097_0,379,512,436,512,room,1
image_23097_0,301,512,31,266,room,1
image_23098_0,396,428,429,473,public_area,1
image_23099_0,380,435,73,219,public_area,1
image_23099_0,381,512,383,512,public_area,1
image_23099_0,335,433,249,363,public_area,1
image_23100_0,389,502,23,138,public_area,1
image_23100_0,404,512,298,441,public_area,1
image_23101_0,310,348,91,123,service,1
image_23101_0,370,456,329,512,public_area,1
image_23101_0,293,351,0,39,service,1
image_23103_1,187,511,113,511,room,1
image_23104_0,237,511,0,156,room,1
image_23107_0,372,454,0,207,public_area,1
image_23107_0,357,510,287,403,public_area,1
image_23114_5,238,271,177,201,public_area,1
image_23115_0,239,285,236,256,public_area,1
image_23115_0,241,269,376,456,public_area,1
image_23116_4,270,347,427,512,public_area,1
image_23117_1,215,303,254,422,food,1
image_23117_1,369,457,167,259,food,1
image_23117_2,322,453,131,281,public_area,1
image_23121_4,359,386,307,338,room,1
image_23121_4,238,324,0,94,room,1
image_23122_2,249,431,18,99,food,1
image_23122_2,476,512,110,229,food,1
image_23122_2,235,372,288,350,food,1
image_23124_1,291,365,356,395,public_area,1
image_23124_1,289,362,407,448,public_area,1
image_23124_1,339,440,241,302,food,1
image_23124_1,390,512,39,215,food,1
image_23124_3,424,442,152,183,public_area,1
image_23124_3,419,438,183,219,public_area,1
image_23124_3,475,512,380,464,public_area,1
image_23125_1,300,394,299,433,food,1
image_23125_1,140,275,5,74,public_area,1
image_23137_1,259,290,327,370,public_area,1
image_23137_2,133,512,14,496,food,1
image_23138_0,267,488,193,510,food,1
image_23139_0,215,317,210,357,public_area,1
image_23139_0,199,298,0,86,public_area,1
image_23140_0,367,409,336,429,public_area,1
image_23140_0,404,511,302,511,public_area,1
image_23140_0,451,512,154,384,public_area,1
image_23147_0,218,450,14,145,public_area,1
image_23149_0,232,512,403,512,public_area,1
image_23149_0,417,496,189,325,public_area,1
image_23150_0,259,511,71,352,room,1
image_23160_0,458,493,427,467,public_area,1
image_23160_0,426,449,444,473,public_area,1
image_23161_0,415,489,0,137,public_area,1
image_23161_5,291,511,1,359,room,1
image_23165_1,98,121,67,101,public_area,1
image_23166_0,230,506,32,482,room,1
image_23166_1,343,365,109,141,public_area,1
image_23166_1,345,371,309,343,public_area,1
image_23167_0,381,419,298,349,public_area,1
image_23167_0,387,423,373,431,public_area,1
image_23167_0,394,430,449,497,public_area,1
image_23169_5,329,352,358,372,service,1
image_23169_5,360,388,202,225,public_area,1
image_23169_5,360,393,240,265,public_area,1
image_23169_5,330,393,371,386,service,1
image_23169_5,334,364,468,498,service,1
image_23171_1,125,236,62,208,public_area,1
image_23171_1,190,395,43,264,public_area,1
image_23171_1,123,334,349,512,public_area,1
image_23172_0,346,489,0,148,public_area,1
image_23172_0,102,185,208,336,public_area,1
image_23172_0,193,226,254,332,public_area,1
image_23172_1,9,510,2,511,room,1
image_23173_1,314,326,431,454,public_area,1
image_23173_1,312,325,380,408,public_area,1
image_23176_0,96,163,431,512,public_area,1
image_23176_0,87,171,294,379,public_area,1
image_23176_1,265,511,0,472,room,1
image_23177_0,1,509,2,510,room,1
image_23183_0,260,475,194,488,room,1
image_23183_1,278,289,350,407,room,1
image_23183_1,401,512,27,152,room,1
image_23183_2,421,511,7,508,public_area,1
image_23184_1,266,292,174,226,public_area,1
image_23184_1,267,293,36,84,public_area,1
image_23186_0,263,447,141,278,room,1
image_23186_0,404,511,1,284,room,1
image_23186_0,182,323,276,482,room,1
image_23186_1,170,511,1,493,room,1
image_23186_2,379,396,251,291,public_area,1
image_23186_2,378,396,282,315,public_area,1
image_23187_0,298,372,468,512,room,1
image_23187_0,238,395,33,314,room,1
image_23187_0,314,511,9,227,room,1
image_23250_0,303,511,2,510,room,1
image_23251_0,244,511,247,511,room,1
image_23251_0,229,406,86,369,room,1
image_23251_1,276,512,59,447,room,1
image_23252_0,272,466,1,511,room,1
image_23252_1,62,439,1,511,room,1
image_23253_0,227,508,1,511,room,1
image_23254_0,353,504,1,511,room,1
image_23254_0,46,148,43,209,room,1
image_23302_0,210,359,278,387,public_area,1
image_23302_0,212,389,106,253,public_area,1
image_23303_1,357,453,138,296,food,1
image_23303_1,439,512,337,491,food,1
image_23303_2,320,465,106,426,room,1
image_23305_0,412,512,0,130,public_area,1
image_23305_0,391,512,145,252,public_area,1
image_23307_1,305,477,187,383,food,1
image_23308_2,342,484,416,512,public_area,1
image_23308_2,363,476,173,271,public_area,1
image_23309_0,204,320,359,512,food,1
image_23309_0,115,231,253,297,food,1
image_23309_0,321,512,89,340,food,1
image_23309_0,201,358,0,72,food,1
image_23310_0,325,397,261,358,public_area,1
image_23310_0,322,390,54,163,public_area,1
image_23311_2,320,452,135,389,food,1
image_23316_0,249,320,275,349,food,1
image_23316_0,177,268,0,73,food,1
image_23316_3,55,511,56,371,room,1
image_23332_0,434,508,298,428,public_area,1
image_23332_0,234,264,425,492,public_area,1
image_23333_0,245,388,0,116,room,1
image_23333_0,301,502,136,416,room,1
image_23334_0,325,358,143,240,public_area,1
image_23334_0,323,375,294,346,public_area,1
image_23336_0,232,352,169,394,room,1
image_23337_0,387,512,71,280,food,1
image_23337_3,157,509,0,512,room,1
image_23338_0,299,341,145,249,food,1
image_23338_0,237,342,299,351,food,1
image_23338_0,247,365,29,92,food,1
image_23338_1,279,381,66,172,public_area,1
image_23339_0,288,372,60,156,public_area,1
image_23340_2,250,336,311,488,public_area,1
image_23341_0,300,348,0,60,public_area,1
image_23341_0,296,334,93,148,public_area,1
image_23366_0,325,511,1,324,room,1
image_23367_0,184,351,300,470,food,1
image_23367_0,189,397,67,281,food,1
image_23367_0,46,194,79,223,food,1
image_23368_1,355,511,1,385,room,1
image_23369_1,414,511,4,511,room,1
image_23373_2,360,442,115,291,public_area,1
image_23373_3,253,511,0,378,room,1
image_23375_0,357,368,457,470,public_area,1
image_23375_0,356,373,431,452,public_area,1
image_23375_3,391,512,386,512,room,1
image_23375_3,306,410,145,309,room,1
image_23418_4,237,490,175,418,food,1
image_23418_4,167,304,10,174,food,1
image_23420_3,298,437,0,206,public_area,1
image_23421_2,456,506,361,512,public_area,1
image_23421_6,1,131,208,298,food,1
image_23421_6,198,480,2,512,food,1
image_23421_6,2,122,295,399,food,1
image_23422_0,226,510,3,406,public_area,1
image_23424_0,1,511,87,459,room,1
image_23425_0,2,508,2,511,room,1
image_23425_4,196,375,1,204,room,1
image_23425_4,197,381,332,512,room,1
image_23426_0,330,512,119,455,room,1
image_23426_0,197,368,0,331,room,1
image_23443_1,191,382,229,512,room,1
image_23443_1,199,512,1,449,room,1
image_23445_0,329,512,1,432,room,1
image_23445_4,319,471,27,200,public_area,1
image_23445_4,319,441,320,486,public_area,1
image_23446_0,376,511,1,511,public_area,1
image_23477_1,430,512,75,327,room,1
image_23478_0,334,453,159,291,food,1
image_23478_0,300,425,327,475,food,1
image_23478_2,283,512,112,511,room,1
image_23479_2,399,512,57,418,public_area,1
image_23480_1,438,512,0,186,food,1
image_23480_1,365,512,214,511,food,1
image_23480_1,346,396,257,372,food,1
image_23480_1,275,366,464,512,food,1
image_23480_1,305,411,0,50,food,1
image_23483_0,281,473,293,511,public_area,1
image_23484_0,315,360,254,365,food,1
image_23484_0,346,420,233,347,food,1
image_23484_0,266,399,0,149,room,1
image_23486_0,439,512,1,315,room,1
image_23487_1,413,512,166,445,room,1
image_23487_1,398,512,0,125,room,1
image_23488_1,401,512,176,404,food,1
image_23488_1,304,409,240,387,food,1
image_23488_1,240,392,182,240,food,1
image_23489_0,344,511,1,511,room,1
image_23489_1,321,423,52,132,public_area,1
image_23543_0,224,269,84,98,public_area,1
image_23544_0,172,213,299,338,public_area,1
image_23544_0,172,214,207,239,public_area,1
image_23545_1,337,383,230,299,public_area,1
image_23545_1,344,400,387,480,public_area,1
image_23545_1,279,340,293,317,public_area,1
image_23546_0,328,390,0,29,public_area,1
image_23546_0,329,373,59,124,public_area,1
image_23546_0,252,363,20,49,public_area,1
image_23547_0,405,449,231,305,public_area,1
image_23547_0,335,436,235,260,public_area,1
image_23550_0,305,425,224,470,room,1
image_23551_0,153,220,201,367,public_area,1
image_23552_0,293,325,122,167,public_area,1
image_23553_0,203,245,308,416,public_area,1
image_23553_0,155,193,203,297,public_area,1
image_23579_0,296,359,299,373,public_area,1
image_23596_3,20,504,17,512,food,1
image_23608_0,336,512,385,502,room,1
image_23608_3,302,510,161,462,room,1
image_23608_5,237,512,45,469,room,1
image_23610_2,361,399,22,130,room,1
image_23610_2,309,362,215,244,room,1
image_23610_2,280,453,322,512,room,1
image_23622_0,354,511,95,478,room,1
image_23629_1,197,512,68,390,room,1
image_23629_4,272,331,378,501,room,1
image_23629_4,316,512,0,107,room,1
image_23632_0,467,498,158,185,public_area,1
image_23632_2,337,410,332,402,public_area,1
image_23632_2,345,406,234,272,public_area,1
image_23638_0,258,512,228,511,room,1
image_23639_0,126,491,292,509,public_area,1
image_23639_0,167,476,43,219,public_area,1
image_23658_1,409,438,451,511,public_area,1
image_23658_1,370,422,478,496,public_area,1
image_23658_2,312,337,21,75,food,1
image_23658_2,319,343,298,332,food,1
image_23658_2,307,327,164,195,food,1
image_23658_2,217,320,168,209,service,1
image_23658_2,310,332,227,258,food,1
image_23660_0,195,511,1,429,room,1
image_23660_1,308,351,394,499,room,1
image_23660_4,300,352,246,303,public_area,1
image_23660_4,312,365,191,248,public_area,1
image_23661_2,247,342,104,190,room,1
image_23662_0,387,511,1,511,room,1
image_23662_0,220,305,176,296,room,1
image_23663_2,202,320,0,92,room,1
image_23663_2,409,511,261,511,room,1
image_23663_2,283,423,382,512,room,1
image_23664_0,198,384,414,512,public_area,1
image_23674_0,473,512,362,511,public_area,1
image_23676_1,389,475,25,512,room,1
image_23677_0,307,356,286,357,public_area,1
image_23677_1,309,511,225,511,room,1
image_23677_3,270,393,1,137,public_area,1
image_23677_3,414,509,0,126,public_area,1
image_23678_0,304,476,0,78,public_area,1
image_23678_0,296,443,170,276,public_area,1
image_23680_1,302,359,122,169,public_area,1
image_23680_1,323,362,170,212,public_area,1
image_23680_1,257,303,382,426,service,1
image_23681_1,332,473,14,106,public_area,1
image_23681_1,0,282,268,512,public_area,1
image_23681_1,193,296,431,512,public_area,1
image_23681_1,184,302,310,406,public_area,1
image_23681_1,277,315,143,204,public_area,1
image_23681_1,331,444,101,183,food,1
image_23681_1,416,512,275,501,food,1
image_23684_0,180,227,202,263,public_area,1
image_23684_0,178,235,69,134,public_area,1
image_23687_0,169,511,1,510,room,1
image_23693_0,363,401,198,238,public_area,1
image_23693_0,363,398,165,201,public_area,1
image_23694_0,250,511,135,511,room,1
image_23705_0,191,263,147,233,public_area,1
image_23707_0,219,271,270,353,public_area,1
image_23707_0,202,299,44,168,public_area,1
image_23711_0,279,509,324,512,room,1
image_23711_0,321,511,202,336,room,1
image_23723_0,251,334,348,441,public_area,1
image_23723_0,263,313,184,242,public_area,1
image_23724_0,267,512,80,490,room,1
image_23726_1,322,485,430,512,room,1
image_23727_0,352,394,279,306,public_area,1
image_23727_1,239,299,283,355,public_area,1
image_23728_0,259,292,313,363,public_area,1
image_23729_1,322,512,237,407,room,1
image_23732_0,427,512,294,444,public_area,1
image_23733_2,209,511,2,317,public_area,1
image_23738_1,290,381,40,152,public_area,1
image_23739_0,297,403,69,149,public_area,1
image_23739_0,245,442,334,512,public_area,1
image_23740_1,265,336,396,512,public_area,1
image_23740_1,194,293,284,421,public_area,1
image_23741_0,102,511,132,512,room,1
image_23742_1,232,302,351,436,public_area,1
image_23742_4,367,512,103,379,room,1
image_23742_4,301,509,350,499,room,1
image_23753_0,287,332,128,181,public_area,1
image_23766_0,263,431,188,449,room,1
image_23792_0,205,511,143,510,room,1
image_23793_0,209,430,1,336,room,1
image_23793_3,268,322,385,474,public_area,1
image_23794_0,289,371,189,314,public_area,1
image_23795_0,190,273,333,499,public_area,1
image_23796_1,96,240,285,435,public_area,1
image_23796_1,193,262,134,241,public_area,1
image_23798_0,213,273,263,325,public_area,1
image_23798_0,243,300,192,216,public_area,1
image_23799_3,357,512,0,177,public_area,1
image_23799_3,282,512,209,393,public_area,1
image_23800_2,229,511,24,512,room,1
image_23801_0,350,380,236,276,public_area,1
image_23802_0,248,509,148,511,room,1
image_23803_0,248,512,239,512,food,1
image_23843_0,306,365,478,512,public_area,1
image_23843_0,427,511,1,508,room,1
image_23862_1,302,358,96,289,public_area,1
image_23864_2,283,320,457,511,public_area,1
image_23864_3,166,246,134,203,food,1
image_23864_3,192,365,362,512,food,1
image_23865_3,383,455,424,512,public_area,1
image_23866_1,182,512,6,509,food,1
image_23866_1,30,201,72,222,food,1
image_23867_0,233,261,457,512,public_area,1
image_23867_0,364,384,472,512,public_area,1
image_23894_0,69,127,434,512,public_area,1
image_23894_0,0,111,1,262,public_area,1
image_23898_1,375,512,180,393,public_area,1
image_23900_1,2,501,1,509,room,1
image_23902_0,386,423,293,326,public_area,1
image_23904_0,328,401,169,233,public_area,1
image_23904_0,346,450,42,132,public_area,1
image_23904_0,321,359,284,333,public_area,1
image_23904_3,339,467,218,343,food,1
image_23904_3,122,185,293,360,food,1
image_23904_3,53,131,49,110,food,1
image_23925_1,74,511,148,496,room,1
image_23926_0,437,512,1,511,room,1
image_23928_0,300,511,1,348,room,1
image_23932_0,275,509,1,511,room,1
image_23933_0,474,512,309,407,room,1
image_23934_0,235,512,31,511,public_area,1
image_23962_1,420,488,215,297,food,1
image_23962_1,341,412,282,381,food,1
image_23962_1,339,411,145,244,food,1
image_23962_2,373,512,1,143,room,1
image_23962_2,387,512,193,511,room,1
image_23964_0,243,359,328,490,food,1
image_23964_0,217,430,31,354,food,1
image_23965_0,359,512,45,512,room,1
image_23966_1,315,491,239,363,public_area,1
image_23966_1,302,395,118,227,public_area,1
image_23966_1,353,511,25,173,public_area,1
image_23980_1,420,512,1,183,room,1
image_23980_2,231,340,483,512,room,1
image_23980_2,271,362,376,414,room,1
image_23980_2,246,510,0,237,room,1
image_23981_0,222,510,1,512,room,1
image_23981_1,260,402,1,512,room,1
image_23981_2,269,319,81,103,room,1
image_23981_2,268,316,120,141,room,1
image_23990_0,336,508,0,475,room,1
image_23993_1,0,498,171,511,food,1
image_23995_0,369,387,370,406,food,1
image_23995_0,346,361,338,367,food,1
image_23995_0,328,364,167,191,food,1
image_23995_0,397,419,271,310,food,1
image_23995_0,414,438,309,349,food,1
image_24002_0,150,227,174,197,room,1
image_24012_2,300,390,158,389,public_area,1
image_24012_2,277,335,395,504,public_area,1
image_24021_0,341,512,245,319,room,1
image_24022_2,381,510,100,360,public_area,1
image_24023_0,314,335,333,384,public_area,1
image_24023_0,320,348,441,508,public_area,1
image_24024_1,323,348,81,109,public_area,1
image_24038_0,264,463,0,438,room,1
image_24040_0,277,297,320,337,public_area,1
image_24040_0,280,298,291,309,public_area,1
image_24040_0,275,297,342,372,public_area,1
image_24043_0,257,425,363,431,public_area,1
image_24043_0,318,438,129,214,service,1
image_24060_0,327,391,0,49,public_area,1
image_24072_0,245,512,293,512,public_area,1
image_24084_2,372,511,138,312,room,1
image_24084_2,366,511,0,80,room,1
image_24088_0,151,486,31,494,room,1
image_24089_0,419,434,89,108,public_area,1
image_24118_0,343,369,32,103,public_area,1
image_24120_0,149,176,154,195,public_area,1
image_24120_0,149,179,106,130,public_area,1
image_24120_1,292,512,2,385,room,1
image_24123_0,273,422,12,262,public_area,1
image_24126_0,155,496,2,510,room,1
image_24127_0,298,326,107,140,public_area,1
image_24128_0,404,512,330,440,room,1
image_24129_0,427,512,268,486,public_area,1
image_24130_0,2,322,2,228,room,1
image_24142_0,178,300,149,217,public_area,1
image_24143_6,135,201,226,310,public_area,1
image_24143_6,135,210,324,419,public_area,1
image_24145_0,255,303,207,357,public_area,1
image_24146_1,357,510,22,226,public_area,1
image_24147_0,226,329,0,63,room,1
image_24147_0,248,511,34,512,room,1
image_24147_0,221,292,115,210,room,1
image_24149_0,76,103,8,75,room,1
image_24172_0,7,29,470,512,public_area,1
image_24186_0,1,290,4,511,room,1
image_24186_1,200,506,0,475,room,1
image_24191_0,373,470,286,471,public_area,1
image_24192_0,78,323,130,444,room,1
image_24192_0,459,512,1,420,room,1
image_24213_0,340,512,1,510,room,1
image_24226_0,304,329,54,118,public_area,1
image_24226_0,335,372,17,111,public_area,1
image_24229_1,370,394,272,303,public_area,1
image_24229_1,383,404,170,199,public_area,1
image_24230_1,81,174,258,375,food,1
image_24230_1,234,430,379,512,food,1
image_24230_1,267,512,0,178,food,1
image_24230_2,410,512,474,512,room,1
image_24230_2,344,512,55,236,room,1
image_24233_0,353,457,349,511,public_area,1
image_24233_0,152,369,0,251,public_area,1
image_24233_0,324,409,1,190,public_area,1
image_24246_0,308,474,1,172,public_area,1
image_24248_0,45,507,1,511,room,1
image_24268_0,175,342,0,115,public_area,1
image_24268_0,233,290,306,372,public_area,1
image_24270_2,316,482,276,450,public_area,1
image_24270_2,282,512,408,512,public_area,1
image_24271_1,210,408,302,511,room,1
image_24284_0,259,310,186,303,room,1
image_24284_0,313,388,273,361,room,1
image_24284_1,328,511,2,419,room,1
image_24284_1,99,196,66,224,room,1
image_24298_0,9,207,395,512,public_area,1
image_24299_0,47,84,328,351,public_area,1
image_24300_2,258,510,0,511,room,1
image_24310_3,277,512,44,484,room,1
image_24311_0,310,372,241,271,public_area,1
image_24311_0,308,372,277,307,public_area,1
image_24312_0,217,242,65,80,public_area,1
image_24312_0,199,237,7,31,public_area,1
image_24338_0,224,401,22,362,room,1
image_24339_0,259,356,70,257,room,1
image_24339_1,498,512,337,511,room,1
image_24340_0,1,118,35,510,room,1
image_24366_0,361,432,290,346,public_area,1
image_24366_0,370,477,176,231,public_area,1
image_24367_0,258,466,331,461,public_area,1
image_24367_0,257,460,66,212,public_area,1
image_24381_2,170,446,396,512,room,1
image_24381_2,159,511,1,352,room,1
image_24383_0,234,512,3,490,room,1
image_24403_0,207,289,0,13,room,1
image_24403_0,273,512,188,485,room,1
image_24403_0,306,415,93,157,room,1
image_24405_0,207,447,29,318,room,1
image_24406_2,400,512,205,299,room,1
image_24407_0,455,512,246,401,room,1
image_24407_0,266,353,0,134,room,1
image_24407_1,371,511,1,88,room,1
image_24408_0,396,512,171,493,room,1
image_24408_0,218,356,30,262,room,1
image_24431_1,308,487,387,512,public_area,1
image_24432_0,151,388,112,471,food,1
image_24433_0,286,512,350,512,public_area,1
image_24434_0,346,375,144,179,public_area,1
image_24434_0,371,482,304,394,public_area,1
image_24436_1,210,494,0,153,room,1
image_24439_0,345,511,437,512,room,1
image_24439_0,224,437,120,431,room,1
image_24478_0,348,477,398,486,public_area,1
image_24478_0,344,481,135,210,public_area,1
image_24479_0,312,423,479,512,room,1
image_24479_0,221,307,101,184,room,1
image_24479_0,270,394,317,394,room,1
image_24480_1,284,511,1,359,room,1
image_24498_0,321,424,64,126,public_area,1
image_24505_0,485,512,216,512,room,1
image_24505_0,359,434,200,315,room,1
image_24506_0,151,512,13,453,food,1
image_24508_0,364,511,479,512,room,1
image_24509_2,498,512,16,200,room,1
image_24510_0,238,493,0,231,room,1
image_24531_0,420,456,336,375,public_area,1
image_24535_0,264,512,48,420,food,1
image_24535_2,261,509,1,510,room,1
image_24535_4,341,387,391,407,public_area,1
image_24535_4,378,410,412,436,public_area,1
image_24547_0,254,511,1,360,room,1
image_24548_0,185,258,380,431,public_area,1
image_24548_0,117,313,75,244,public_area,1
image_24549_0,288,371,456,487,public_area,1
image_24575_0,252,512,339,511,public_area,1
image_24576_2,335,360,467,492,public_area,1
image_24576_4,267,511,187,511,room,1
image_24576_5,336,512,158,333,room,1
image_24576_5,385,512,309,512,room,1
image_24579_0,132,155,227,250,public_area,1
image_24579_0,132,158,258,283,public_area,1
image_24579_0,126,152,196,220,public_area,1
image_24580_1,0,66,386,427,public_area,1
image_24607_1,294,512,0,161,public_area,1
image_24607_2,398,512,2,510,room,1
image_24608_0,464,512,215,510,room,1
image_24608_0,314,336,401,448,room,1
image_24612_0,229,280,151,180,public_area,1
image_24612_0,229,278,106,136,public_area,1
image_24614_6,474,512,0,95,room,1
image_24614_6,308,333,278,334,room,1
image_24616_0,413,511,278,451,public_area,1
image_24619_0,312,410,156,198,room,1
image_24620_0,6,508,1,485,public_area,1
image_24625_0,237,512,114,436,food,1
image_24651_1,290,387,186,218,room,1
image_24651_1,306,511,233,503,room,1
image_24657_0,426,510,25,124,room,1
image_24658_0,411,512,278,408,room,1
image_24658_0,361,512,70,245,room,1
image_24658_1,190,509,0,512,room,1
image_24659_0,140,490,0,154,public_area,1
image_24659_0,397,487,353,390,public_area,1
image_24660_1,402,482,128,228,public_area,1
image_24696_0,435,512,484,512,public_area,1
image_24701_0,350,508,254,329,public_area,1
image_24701_0,345,512,387,476,public_area,1
image_24702_0,265,304,504,512,public_area,1
image_24702_0,408,512,173,511,public_area,1
image_24702_1,267,454,197,510,food,1
image_24715_1,216,341,0,37,room,1
image_24715_1,358,449,3,112,room,1
image_24715_1,309,446,174,458,room,1
image_24723_0,373,512,290,511,public_area,1
image_24723_0,110,512,0,149,public_area,1
image_24735_4,398,441,1,47,public_area,1
image_24740_2,333,503,367,512,public_area,1
image_24740_2,98,286,400,512,public_area,1
image_24744_0,174,297,105,249,public_area,1
image_24744_0,259,327,305,400,public_area,1
image_24755_2,219,317,443,503,room,1
image_24755_2,250,511,0,277,room,1
image_24769_0,406,512,1,365,room,1
image_24778_0,152,233,93,199,public_area,1
image_24778_0,93,285,179,372,public_area,1
image_24779_0,393,460,43,76,public_area,1
image_24780_0,348,512,1,511,room,1
image_24784_1,299,426,38,104,room,1
image_24784_1,280,512,90,444,room,1
image_24784_2,468,512,428,512,room,1
image_24785_0,233,300,318,361,public_area,1
image_24785_0,203,292,446,512,public_area,1
image_24786_0,348,511,485,512,room,1
image_24786_0,288,512,0,358,room,1
image_24786_1,33,510,192,512,public_area,1
image_24787_2,165,281,213,266,public_area,1
image_24787_2,441,511,3,511,room,1
image_24788_0,98,144,362,399,public_area,1
image_24788_0,148,196,390,421,public_area,1
image_24789_0,248,307,152,194,public_area,1
image_24789_0,352,414,163,209,public_area,1
image_24812_0,332,401,197,376,public_area,1
image_24813_0,0,508,1,421,room,1
image_24816_4,55,208,165,345,food,1
image_24816_4,244,512,18,387,food,1
image_24818_0,160,458,15,485,room,1
image_24819_0,263,366,465,512,room,1
image_24819_0,320,511,1,329,room,1
image_24821_1,1,509,1,511,room,1
image_24825_0,0,70,9,122,room,1
image_24846_2,208,511,321,511,room,1
image_24850_1,228,437,132,496,room,1
image_24850_1,323,512,1,312,room,1
image_24852_0,277,511,337,511,room,1
image_24852_0,291,511,1,329,room,1
image_24853_0,231,483,0,141,room,1
image_24855_2,229,512,16,511,room,1
image_24858_1,278,301,195,260,room,1
image_24858_1,285,331,272,329,room,1
image_24858_1,312,511,1,434,room,1
image_24859_1,286,405,417,512,room,1
image_24859_1,253,401,141,396,room,1
image_24859_1,266,511,1,250,room,1
image_24860_0,348,360,45,190,room,1
image_24860_0,418,512,345,512,room,1
image_24860_0,358,511,158,263,room,1
image_24862_0,306,512,0,512,room,1
image_24905_2,480,512,186,511,room,1
image_24905_2,287,312,370,452,room,1
image_24906_0,250,511,225,511,room,1
image_24906_0,245,511,1,247,room,1
image_24907_1,239,495,118,410,room,1
image_24907_1,264,341,436,500,room,1
image_24908_2,108,122,418,477,room,1
image_24908_2,109,511,1,511,room,1
image_24909_0,234,294,374,461,room,1
image_24909_0,300,511,0,429,room,1
image_24910_0,338,512,1,313,room,1
image_24912_1,126,267,433,512,room,1
image_24912_1,281,512,1,458,room,1
image_24913_0,370,512,151,424,room,1
image_24913_0,368,425,177,219,room,1
image_24914_0,30,381,1,485,room,1
image_24918_0,162,183,387,436,public_area,1
image_24938_0,399,509,198,302,public_area,1
image_24947_0,185,511,3,511,room,1
image_24949_0,245,269,431,445,public_area,1
image_24950_0,347,511,40,284,public_area,1
image_24951_0,164,361,1,470,room,1
image_24951_1,208,316,0,83,public_area,1
image_24951_1,274,314,274,311,service,1
image_24953_1,262,509,283,507,public_area,1
image_24954_4,211,236,0,91,public_area,1
image_24975_1,398,462,3,94,public_area,1
image_24981_0,0,115,256,507,room,1
image_24981_0,179,420,6,204,food,1
image_24981_0,76,419,201,477,food,1
image_24990_0,292,379,203,322,room,1
image_24990_1,314,486,138,212,room,1
image_24990_2,195,262,292,371,room,1
image_24990_2,312,389,252,309,room,1
image_24990_2,335,511,1,327,room,1
image_24991_0,303,500,419,512,room,1
image_24994_0,149,256,349,512,room,1
image_24994_0,439,512,79,419,room,1
image_24994_0,389,497,308,413,room,1
image_24996_2,290,383,125,316,room,1
image_24997_0,313,512,121,427,room,1
image_25056_0,360,388,0,88,room,1
image_25057_2,148,301,432,512,room,1
image_25077_0,182,440,356,512,public_area,1
image_25078_0,276,511,180,511,public_area,1
image_25078_0,311,424,81,141,public_area,1
image_25109_0,223,438,0,282,room,1
image_25117_0,308,366,341,511,room,1
image_25117_0,288,317,59,147,room,1
image_25117_0,451,512,104,502,room,1
image_25117_0,353,510,369,511,room,1
image_25136_0,240,512,1,447,room,1
image_25137_0,279,512,91,482,room,1
image_25139_0,234,323,398,459,room,1
image_25139_0,198,345,0,272,room,1
image_25141_5,309,511,2,509,room,1
image_25142_2,387,446,30,89,public_area,1
image_25143_1,293,511,48,360,room,1
image_25144_0,270,509,155,512,room,1
image_25145_0,310,512,8,509,room,1
image_25146_1,326,511,64,437,public_area,1
image_25147_0,419,511,178,511,room,1
image_25212_1,252,512,0,269,room,1
image_25213_0,304,511,274,511,room,1
image_25213_0,255,376,144,421,room,1
image_25214_3,179,349,72,345,room,1
image_25214_3,257,512,265,511,room,1
image_25216_6,192,330,0,321,room,1
image_25216_6,292,511,1,266,room,1
image_25216_6,197,507,201,511,room,1
image_25243_0,349,461,0,43,room,1
image_25243_0,252,376,303,512,room,1
image_25243_1,93,234,182,343,room,1
image_25243_1,344,476,158,259,room,1
image_25243_1,238,434,0,134,room,1
image_25244_0,377,488,306,359,public_area,1
image_25244_0,374,493,348,409,public_area,1
image_25245_1,326,371,229,334,room,1
image_25245_1,368,494,339,512,room,1
image_25246_1,177,512,1,455,room,1
image_25248_0,343,477,1,137,public_area,1
image_25248_0,287,352,0,91,public_area,1
image_25250_0,327,469,255,512,room,1
image_25259_0,234,435,1,290,room,1
image_25260_0,366,470,287,339,public_area,1
image_25260_0,348,428,175,251,public_area,1
image_25262_0,255,335,0,126,public_area,1
image_25263_0,302,468,290,385,public_area,1
image_25264_2,362,512,374,511,room,1
image_25275_0,262,374,428,512,room,1
image_25275_0,221,511,73,395,room,1
image_25324_0,280,407,308,511,room,1
image_25324_0,288,512,127,327,room,1
image_25325_1,382,512,220,511,room,1
image_25326_0,411,512,0,167,room,1
image_25327_0,280,407,308,511,room,1
image_25327_0,288,512,127,327,room,1
image_25327_1,177,511,2,511,room,1
image_25361_0,385,512,9,509,room,1
image_25373_3,235,511,231,511,room,1
image_25374_2,2,509,2,507,room,1
image_25374_4,2,509,1,511,room,1
image_25374_5,0,66,369,500,room,1
image_25374_5,205,490,363,512,room,1
image_25382_0,57,509,1,511,room,1
image_25397_5,191,224,367,458,public_area,1
image_25400_0,1,52,2,511,public_area,1
image_25415_0,248,512,102,458,room,1
image_25415_3,229,299,147,189,public_area,1
image_25415_3,360,512,328,512,public_area,1
image_25424_0,271,314,117,204,public_area,1
image_25425_0,239,512,10,408,room,1
image_25425_1,207,251,57,112,public_area,1
image_25425_1,204,249,108,157,public_area,1
image_25445_0,225,326,127,181,room,1
image_25445_0,249,512,302,512,room,1
image_25446_0,395,512,243,312,room,1
image_25455_1,291,423,163,464,room,1
image_25456_1,150,400,1,220,room,1
image_25456_1,127,470,239,511,room,1
image_25462_0,342,412,59,157,room,1
image_25462_0,464,512,93,373,room,1
image_25463_3,296,473,1,417,room,1
image_25463_3,342,512,204,511,room,1
image_25510_2,449,511,1,416,room,1
image_25511_0,349,511,308,511,room,1
image_25513_3,166,266,66,94,room,1
image_25513_3,287,448,324,512,room,1
image_25514_3,323,397,458,512,public_area,1
image_25531_0,339,512,1,510,room,1
image_25533_0,414,512,285,512,room,1
image_25534_5,286,512,150,512,room,1
image_25543_0,440,512,53,235,room,1
image_25550_0,365,512,306,511,public_area,1
image_25556_1,143,512,121,511,room,1
image_25574_1,302,497,238,512,room,1
image_25574_1,305,511,1,293,room,1
image_25578_0,269,512,2,400,public_area,1
image_25589_1,67,237,96,195,public_area,1
image_25589_1,118,153,317,346,public_area,1
image_25606_0,266,511,171,466,room,1
image_25607_0,390,456,243,317,room,1
image_25608_2,326,512,167,328,public_area,1
image_25609_0,428,512,2,370,room,1
image_25610_1,242,414,80,321,room,1
image_25611_0,433,512,49,201,room,1
image_25621_3,259,296,1,122,public_area,1
image_25622_0,265,512,1,466,room,1
image_25622_0,228,317,289,360,room,1
image_25622_0,235,358,429,512,room,1
image_25631_1,333,511,1,511,room,1
image_25631_1,264,312,196,276,room,1
image_25635_2,440,512,147,510,room,1
image_25638_0,463,512,81,302,room,1
image_25638_0,197,298,194,335,room,1
image_25639_1,438,511,1,511,room,1
image_25639_1,275,367,151,305,room,1
image_25667_0,254,512,206,508,public_area,1
image_25676_0,468,512,438,512,room,1
image_25676_0,369,512,273,451,room,1
image_25698_0,290,512,137,509,room,1
image_25699_0,220,444,122,400,room,1
image_25700_0,285,510,1,511,room,1
image_25701_0,92,460,61,448,room,1
image_25729_0,273,436,160,267,room,1
image_25729_0,243,430,262,334,room,1
image_25749_1,322,415,216,394,room,1
image_25754_0,170,308,367,490,public_area,1
image_25802_0,252,307,142,273,room,1
image_25807_0,393,433,158,193,public_area,1
image_25807_0,394,433,119,153,public_area,1
image_25808_1,343,360,43,61,public_area,1
image_25809_0,168,248,307,324,public_area,1
image_25809_1,430,512,201,388,food,1
image_25817_0,339,511,54,512,public_area,1
image_25826_0,207,512,92,498,room,1
image_25827_0,313,485,150,382,room,1
image_25834_0,318,511,127,511,room,1
image_25839_0,246,511,3,512,room,1
image_25840_1,188,220,102,228,room,1
image_25840_1,275,511,306,512,room,1
image_25840_2,425,441,378,410,public_area,1
image_25856_0,291,511,1,508,room,1
image_25904_0,293,374,273,422,room,1
image_25904_0,201,511,395,512,room,1
image_25906_0,280,350,0,149,room,1
image_25906_0,270,356,157,321,room,1
image_25906_0,310,512,1,265,room,1
image_25916_2,213,511,0,209,public_area,1
image_25918_0,431,512,10,156,public_area,1
image_25918_0,406,483,360,432,public_area,1
image_25931_2,278,511,177,443,room,1
image_25944_0,0,390,233,480,public_area,1
image_25955_0,201,305,118,219,public_area,1
image_25956_2,240,491,85,507,room,1
image_26003_1,495,512,40,65,public_area,1
image_26026_0,207,512,1,512,room,1
image_26026_0,25,132,407,512,room,1
image_26051_0,195,466,0,317,public_area,1
image_26052_3,384,512,258,457,room,1
image_26052_3,444,512,439,512,room,1
image_26052_4,250,511,1,500,room,1
image_26064_0,327,511,1,511,room,1
image_26069_0,336,451,398,512,room,1
image_26069_0,251,512,0,268,room,1
image_26070_0,360,512,162,400,room,1
image_26072_5,1,308,231,399,public_area,1
image_26075_0,290,512,236,511,room,1
image_26076_0,223,512,1,462,room,1
image_26078_0,427,512,322,512,room,1
image_26082_0,486,512,405,512,room,1
image_26082_0,376,511,245,352,room,1
image_26083_0,388,512,304,511,room,1
image_26088_0,377,471,111,258,public_area,1
image_26088_0,244,278,256,282,service,1
image_26088_0,255,280,219,238,service,1
image_26089_0,353,511,61,510,room,1
image_26093_0,83,509,119,511,room,1
image_26094_1,189,467,342,512,room,1
image_26098_4,231,511,162,490,room,1
image_26100_2,209,512,18,511,room,1
image_26102_0,177,511,30,512,room,1
image_26103_1,231,286,192,230,public_area,1
image_26103_1,238,346,0,52,public_area,1
image_26105_0,336,437,80,138,public_area,1
image_26107_0,449,512,1,393,room,1
image_26110_4,310,435,2,511,room,1
image_26111_0,220,511,188,511,room,1
image_26112_2,397,511,174,511,room,1
image_26112_3,253,512,123,511,room,1
image_26113_0,409,511,67,511,room,1
image_26113_3,243,347,399,512,room,1
image_26113_3,419,512,1,306,room,1
image_26116_3,167,273,477,512,room,1
image_26116_3,382,511,2,460,room,1
image_26116_6,266,430,213,357,food,1
image_26116_6,233,361,370,502,food,1
image_26116_6,74,226,256,413,food,1
image_26116_6,239,423,74,254,food,1
image_26116_6,58,244,97,256,food,1
image_26117_2,325,509,1,511,room,1
image_26117_2,265,381,101,257,room,1
image_26117_2,140,248,0,116,room,1
image_26123_1,278,485,304,511,public_area,1
image_26125_0,370,496,0,61,room,1
image_26125_0,263,511,177,511,room,1
image_26128_1,84,510,122,511,room,1
image_26130_0,25,506,1,511,room,1
image_26154_2,300,511,0,300,room,1
image_26299_0,236,288,365,481,public_area,1
image_26300_0,243,418,314,487,room,1
image_26302_0,174,477,194,487,room,1
image_26307_1,288,349,196,213,room,1
image_26307_1,339,488,325,512,room,1
image_26308_0,178,511,61,481,room,1
image_26311_3,214,511,1,512,room,1
image_26312_0,1,250,1,324,room,1
image_26313_1,281,338,158,202,room,1
image_26313_1,293,388,7,102,room,1
image_26313_1,298,396,273,368,room,1
image_26314_0,411,469,143,239,public_area,1
image_26315_0,219,272,21,177,public_area,1
image_26315_2,343,511,369,511,room,1
image_26315_2,297,512,260,399,room,1
image_26315_2,223,388,173,361,room,1
image_26319_0,311,406,241,481,room,1
image_26319_0,264,321,124,145,room,1
image_26320_0,254,380,268,401,room,1
image_26321_3,244,462,0,202,room,1
image_26321_3,272,354,195,248,room,1
image_26323_0,202,511,106,512,room,1
image_26324_0,293,472,2,350,public_area,1
image_26325_0,154,333,0,255,public_area,1
image_26327_0,489,512,46,176,room,1
image_26327_0,307,480,0,24,room,1
image_26330_0,115,209,284,359,public_area,1
image_26332_0,160,511,204,511,room,1
image_26334_0,363,510,246,452,room,1
image_26334_0,239,320,217,331,room,1
image_26335_1,348,478,263,389,room,1
image_26338_2,354,417,282,384,public_area,1
image_26340_0,178,511,61,481,room,1
image_26340_2,309,512,183,404,room,1
image_26340_2,364,512,352,467,room,1
image_26341_0,0,104,330,511,room,1
image_26341_0,201,372,386,512,food,1
image_26343_0,273,500,1,501,room,1
image_26346_1,249,511,153,429,room,1
image_26348_1,75,127,291,352,public_area,1
image_26348_1,80,129,248,309,public_area,1
image_26349_0,372,434,406,475,public_area,1
image_26349_0,317,409,182,242,public_area,1
image_26352_1,305,424,374,512,room,1
image_26352_1,443,512,200,510,room,1
image_26353_1,311,512,1,415,room,1
image_26354_0,2,508,2,509,room,1
image_26355_1,236,323,457,482,room,1
image_26355_1,266,386,177,321,room,1
image_26355_1,346,512,42,228,room,1
image_26356_0,293,502,253,507,room,1
image_26357_0,263,511,199,510,room,1
image_26361_1,275,350,191,289,public_area,1
image_26361_1,291,352,289,364,public_area,1
image_26364_0,238,512,134,512,room,1
image_26365_4,221,411,440,512,room,1
image_26365_4,224,511,1,348,room,1
image_26366_0,5,100,21,70,public_area,1
image_26366_4,393,511,425,512,room,1
image_26366_4,273,511,1,388,room,1
image_26368_0,231,512,181,511,room,1
image_26641_1,333,361,341,364,public_area,1
image_26641_1,324,347,289,308,public_area,1
image_26641_1,330,384,373,502,public_area,1
image_26641_1,346,396,29,129,public_area,1
image_26641_1,329,356,314,337,public_area,1
image_26642_5,351,401,0,58,public_area,1
image_26644_1,396,436,0,15,public_area,1
image_26649_3,260,283,317,347,public_area,1
image_26649_3,255,279,341,372,public_area,1
image_26650_0,315,422,195,390,public_area,1
image_26651_0,137,468,1,394,public_area,1
image_26653_0,2,511,344,498,room,1
image_26655_0,74,508,3,510,room,1
image_26657_0,335,511,0,332,room,1
image_26657_0,172,231,288,376,room,1
image_26660_0,226,352,0,152,room,1
image_26661_0,47,118,167,244,food,1
image_26661_0,336,497,116,267,food,1
image_26661_0,367,512,247,473,food,1
image_26662_0,181,221,378,420,public_area,1
image_26662_0,192,228,299,327,service,1
image_26663_4,483,512,178,375,room,1
image_26663_6,156,191,460,499,public_area,1
image_26664_0,141,488,4,468,room,1
image_26664_1,221,295,258,362,room,1
image_26664_1,182,322,0,104,room,1
image_26665_5,255,358,0,118,public_area,1
image_26666_0,213,325,198,377,room,1
image_26666_0,264,377,370,512,room,1
image_26666_1,258,285,219,230,room,1
image_26667_0,332,380,102,214,public_area,1
image_26668_0,360,512,31,244,room,1
image_26668_0,244,402,45,261,room,1
image_26668_1,338,399,365,427,public_area,1
image_26668_1,256,359,103,127,public_area,1
image_26670_1,156,414,158,512,room,1
image_26670_1,164,343,0,219,room,1
image_26783_1,325,399,444,512,public_area,1
image_26783_2,209,234,114,179,food,1
image_26783_2,353,399,273,507,food,1
image_26785_3,197,218,344,377,public_area,1
image_26785_3,197,230,381,412,public_area,1
image_26788_1,356,431,120,209,public_area,1
image_26788_1,333,416,0,111,public_area,1
image_26792_2,68,342,215,511,public_area,1
image_26794_0,234,371,300,423,food,1
image_26795_0,285,315,344,363,public_area,1
image_26795_0,295,350,101,136,public_area,1
image_26796_1,396,452,399,431,public_area,1
image_26796_1,393,448,107,138,public_area,1
image_26800_1,356,431,120,209,public_area,1
image_26801_0,0,258,1,208,public_area,1
image_26802_0,248,338,123,260,public_area,1
image_26802_0,207,273,0,98,public_area,1
image_26802_2,244,511,153,511,room,1
image_26803_1,371,442,38,102,public_area,1
image_26805_1,333,457,151,219,room,1
image_26860_2,295,361,413,512,public_area,1
image_26865_0,321,381,213,340,food,1
image_26865_0,118,227,430,507,room,1
image_26865_0,412,505,151,287,food,1
image_26865_0,342,434,84,243,food,1
image_26865_0,0,218,100,457,room,1
image_26865_0,350,431,323,472,food,1
image_26866_0,224,509,1,511,room,1
image_26867_0,310,511,471,512,room,1
image_26867_0,233,512,2,160,room,1
image_26869_3,251,512,1,374,room,1
image_26870_0,286,512,130,368,food,1
image_26870_0,136,273,296,477,food,1
image_26870_0,96,201,41,170,food,1
image_26870_1,405,483,191,342,public_area,1
image_26871_0,368,512,228,488,food,1
image_26871_0,158,380,169,499,food,1
image_26872_0,429,512,80,284,room,1
image_26873_0,141,511,0,203,room,1
image_26874_0,409,512,199,311,room,1
image_26874_0,404,512,321,470,room,1
image_26876_0,347,512,332,512,room,1
image_26876_0,238,437,8,319,room,1
image_26881_0,416,512,389,511,room,1
image_26881_0,228,393,150,305,room,1
image_26882_0,337,477,97,219,room,1
image_26882_0,297,482,175,321,room,1
image_26882_3,268,511,1,319,room,1
image_26883_1,205,351,0,94,room,1
image_26883_1,244,511,276,512,room,1
image_26884_0,229,511,344,511,room,1
image_26884_0,216,427,0,64,room,1
image_26885_3,219,270,331,450,public_area,1
image_26885_5,200,511,1,501,room,1
image_26885_5,14,183,334,512,room,1
image_26984_0,277,379,4,97,room,1
image_26984_0,255,512,111,511,room,1
image_26985_0,236,412,117,384,room,1
image_26986_1,174,216,309,363,public_area,1
image_26986_1,159,272,389,497,public_area,1
image_26987_0,121,182,132,237,room,1
image_26987_0,328,511,1,498,room,1
image_26987_1,180,511,106,511,room,1
image_26987_2,279,310,414,472,room,1
image_26987_2,341,511,1,393,room,1
image_26988_2,264,512,87,489,room,1
image_26989_0,228,333,137,321,food,1
image_26990_0,411,512,2,421,room,1
image_26990_0,207,299,0,112,room,1
image_26991_0,210,385,20,316,room,1
image_26991_0,221,296,336,398,room,1
image_26993_0,367,416,9,74,public_area,1
image_26994_0,239,352,316,477,food,1
image_26994_0,0,160,383,492,food,1
image_26994_0,129,230,442,512,food,1
image_26997_1,165,494,0,307,room,1
image_27000_2,270,418,0,72,room,1
image_27000_2,208,512,97,511,room,1
image_27075_0,451,511,4,510,room,1
image_27075_2,129,194,317,459,food,1
image_27075_2,0,133,329,498,food,1
image_27075_5,194,389,42,159,public_area,1
image_27077_3,420,444,45,98,public_area,1
image_27077_3,429,460,176,233,public_area,1
image_27077_3,434,465,224,280,public_area,1
image_27085_0,462,512,340,511,room,1
image_27085_0,260,310,323,404,room,1
image_27085_0,358,511,1,263,room,1
image_27086_0,128,306,308,512,room,1
image_27088_0,283,511,0,281,room,1
image_27091_0,304,511,115,511,room,1
image_27091_0,271,483,0,314,room,1
image_27092_0,214,512,10,407,room,1
image_27093_0,1,148,420,511,room,1
image_27093_0,246,324,138,348,room,1
image_27094_0,199,511,1,339,room,1
image_27096_0,171,206,171,184,room,1
image_27096_0,254,335,266,337,room,1
image_27098_2,196,489,382,512,public_area,1
image_27099_0,225,295,274,336,public_area,1
image_27099_0,284,511,298,511,public_area,1
image_27104_0,250,512,92,511,room,1
image_27105_0,421,511,408,512,room,1
image_27107_0,171,511,15,511,room,1
image_27108_0,405,512,458,512,public_area,1
image_27108_4,183,300,153,295,food,1
image_27108_4,173,290,294,440,food,1
image_27109_1,434,512,19,265,room,1
image_27110_0,299,447,271,511,public_area,1
image_27110_0,302,386,1,193,public_area,1
image_27112_2,238,276,297,349,room,1
image_27112_2,287,391,74,184,room,1
image_27112_3,258,310,156,219,room,1
image_27112_3,290,512,188,511,room,1
image_27157_0,99,428,1,510,room,1
image_27160_2,286,511,195,512,room,1
image_27161_0,448,512,0,213,public_area,1
image_27162_0,191,316,445,512,public_area,1
image_27162_2,218,311,55,212,room,1
image_27165_6,279,511,1,248,room,1
image_27165_6,210,287,315,427,room,1
image_27166_0,314,374,188,221,food,1
image_27166_0,303,360,246,276,food,1
image_27166_0,305,367,289,367,food,1
image_27169_4,316,386,67,131,public_area,1
image_27170_0,251,511,187,327,food,1
image_27171_0,449,512,131,459,room,1
image_27171_0,271,351,0,54,room,1
image_27174_0,99,428,1,510,room,1
image_27178_2,235,511,331,512,room,1
image_27179_2,179,353,107,397,room,1
image_27179_2,298,511,289,482,room,1
image_27181_0,320,395,414,483,food,1
image_27182_1,319,488,0,512,public_area,1
image_27183_1,457,511,3,511,room,1
image_27183_1,254,390,472,512,room,1
image_27183_2,411,452,102,130,public_area,1
image_27183_3,37,438,19,510,food,1
image_27183_5,430,504,415,512,public_area,1
image_27185_0,266,505,1,511,public_area,1
image_27187_0,86,404,0,369,room,1
image_27187_1,282,348,194,228,room,1
image_27187_1,276,349,239,276,room,1
image_27269_0,159,413,22,448,room,1
image_27270_0,360,410,492,512,public_area,1
image_27271_2,60,117,207,276,room,1
image_27271_2,232,382,312,444,room,1
image_27272_0,277,300,87,146,room,1
image_27272_0,273,438,6,72,room,1
image_27272_3,149,329,64,224,public_area,1
image_27274_0,392,512,436,512,room,1
image_27276_0,174,255,247,319,public_area,1
image_27276_1,297,511,103,511,room,1
image_27277_1,257,511,20,511,room,1
image_27304_0,239,426,217,511,room,1
image_27305_0,248,511,0,183,room,1
image_27305_1,305,337,188,312,room,1
image_27305_1,119,269,124,166,room,1
image_27305_1,282,455,112,168,room,1
image_27306_0,138,326,92,430,room,1
image_27307_0,210,511,0,192,room,1
image_27308_2,419,512,164,511,room,1
image_27309_1,207,511,95,510,room,1
image_27312_1,236,328,321,406,room,1
image_27312_1,230,369,95,323,room,1
image_27312_4,223,511,0,308,room,1
image_27313_0,291,345,330,376,room,1
image_27313_0,273,401,252,347,room,1
image_27313_3,247,512,108,403,room,1
image_27314_0,369,459,272,385,room,1
image_27316_1,243,404,237,466,room,1
image_27317_0,270,487,240,512,room,1
image_27317_2,33,179,147,361,food,1
image_27317_2,228,385,33,372,food,1
image_27319_1,330,511,10,510,room,1
image_27320_0,243,383,84,157,public_area,1
image_27325_0,186,307,222,324,room,1
image_27369_3,309,328,440,511,public_area,1
image_27371_0,314,431,325,436,public_area,1
image_27371_0,232,422,0,70,public_area,1
image_27373_1,287,421,428,493,food,1
image_27373_1,417,462,403,475,food,1
image_27373_1,422,470,339,410,food,1
image_27373_3,320,512,0,230,room,1
image_27375_0,193,480,171,511,room,1
image_27375_2,272,511,132,511,room,1
image_27375_3,238,253,408,477,room,1
image_27375_3,258,456,158,277,room,1
image_27375_4,344,406,336,508,room,1
image_27376_0,0,51,170,255,food,1
image_27376_0,60,122,235,312,food,1
image_27376_0,1,63,74,160,food,1
image_27376_0,51,123,134,226,food,1
image_27378_1,225,355,342,512,public_area,1
image_27378_1,301,467,106,382,food,1
image_27379_0,229,480,0,130,public_area,1
image_27380_2,429,512,203,290,public_area,1
image_27381_2,370,512,256,471,room,1
image_27382_0,389,510,375,512,public_area,1
image_27458_1,434,511,272,511,room,1
image_27458_2,312,511,41,509,room,1
image_27459_1,375,511,0,202,room,1
image_27459_1,307,512,209,403,room,1
image_27459_1,222,425,382,512,room,1
image_27459_2,22,227,0,138,room,1
image_27459_2,437,512,345,511,room,1
image_27459_2,348,510,107,310,room,1
image_27460_0,387,511,0,244,room,1
image_27462_2,428,512,51,167,room,1
image_27462_3,312,448,425,512,room,1
image_27462_3,259,511,1,361,room,1
image_27463_0,230,327,356,443,room,1
image_27463_0,177,511,1,340,room,1
image_27464_0,302,433,266,371,room,1
image_27464_0,417,512,1,360,room,1
image_27464_0,341,432,0,140,room,1
image_27465_0,242,340,0,89,room,1
image_27465_0,167,512,97,511,room,1
image_27465_1,362,487,91,312,room,1
image_27465_1,343,512,303,495,room,1
image_27467_0,441,512,0,210,room,1
image_27469_0,431,512,415,512,room,1
image_27469_0,491,512,1,199,room,1
image_27469_0,382,512,279,433,room,1
image_27469_0,104,235,109,280,room,1
image_27470_0,257,509,0,510,room,1
image_27470_4,150,283,257,386,food,1
image_27470_4,11,161,87,212,food,1
image_27470_4,268,512,298,512,food,1
image_27476_1,415,512,0,159,room,1
image_27476_1,444,512,135,304,room,1
image_27476_1,422,512,293,461,room,1
image_27480_0,407,512,153,319,public_area,1
image_27481_0,219,301,293,337,public_area,1
image_27481_1,315,332,357,387,public_area,1
image_27481_1,315,333,329,360,public_area,1
image_27488_0,272,288,77,137,room,1
image_27488_0,177,256,328,429,room,1
image_27488_0,328,501,0,455,room,1
image_27490_1,115,511,54,486,food,1
image_27491_1,198,511,100,510,room,1
image_27491_2,347,509,1,511,room,1
image_27491_2,256,278,131,201,room,1
image_27491_2,288,351,245,273,room,1
image_27491_3,317,433,292,390,room,1
image_27491_3,400,512,119,511,room,1
image_27492_1,253,499,0,492,room,1
image_27493_0,316,425,424,512,public_area,1
image_27493_1,324,512,77,466,room,1
image_27494_0,210,237,334,350,public_area,1
image_27495_1,198,285,165,225,service,1
image_27495_1,310,512,380,511,public_area,1
image_27496_0,99,510,80,510,room,1
image_27497_1,270,337,131,283,room,1
image_27497_1,245,406,405,512,room,1
image_27497_2,244,272,337,355,public_area,1
image_27497_2,343,512,228,511,public_area,1
image_27497_3,154,511,0,435,room,1
image_27497_4,370,397,48,69,public_area,1
image_27497_4,306,348,127,152,public_area,1
image_27497_4,315,347,307,321,public_area,1
image_27499_1,302,443,70,183,public_area,1
image_27499_1,287,433,291,446,public_area,1
image_27528_0,276,511,0,368,room,1
image_27528_0,237,481,129,471,room,1
image_27528_1,272,512,15,426,room,1
image_27528_2,279,489,268,511,room,1
image_27528_2,272,491,1,220,room,1
image_27528_3,365,510,0,512,room,1
image_27528_4,256,312,476,512,public_area,1
image_27532_0,87,236,441,512,room,1
image_27532_0,355,512,0,153,room,1
image_27532_1,468,512,175,511,room,1
image_27532_2,445,512,1,399,room,1
image_27533_0,113,390,1,382,food,1
image_27533_1,6,90,115,243,food,1
image_27534_0,51,491,0,129,public_area,1
image_27535_1,340,512,0,328,public_area,1
image_27537_4,132,265,426,503,food,1
image_27537_4,94,255,391,470,food,1
image_27537_4,158,462,86,386,food,1
image_27538_1,56,176,266,401,public_area,1
image_27538_1,245,376,149,246,food,1
image_27538_1,354,512,264,474,food,1
image_27538_2,241,265,409,457,public_area,1
image_27538_3,116,197,326,377,room,1
image_27538_3,131,233,100,158,room,1
image_27538_3,133,235,41,108,room,1
image_27538_3,110,192,376,432,room,1
image_27539_0,45,370,82,293,public_area,1
image_27608_0,379,503,0,229,food,1
image_27608_2,335,392,374,512,public_area,1
image_27610_0,211,331,350,372,public_area,1
image_27610_1,398,424,161,191,public_area,1
image_27611_1,413,511,47,510,room,1
image_27611_1,237,304,255,369,room,1
image_27611_1,321,437,5,92,room,1
image_27611_2,302,308,212,234,public_area,1
image_27611_4,282,405,127,319,food,1
image_27611_4,87,238,185,312,food,1
image_27612_1,177,511,347,512,public_area,1
image_27612_1,79,299,14,202,public_area,1
image_27613_0,235,295,445,512,public_area,1
image_27613_3,290,512,315,511,room,1
image_27614_0,340,478,280,457,public_area,1
image_27616_1,240,387,279,479,food,1
image_27616_1,132,272,276,384,food,1
image_27616_4,338,434,284,470,room,1
image_27619_0,174,234,373,431,public_area,1
image_27636_0,289,339,103,163,public_area,1
image_27636_0,283,338,16,66,public_area,1
image_27637_0,69,510,2,511,room,1
image_27638_0,353,359,238,251,public_area,1
image_27639_0,231,453,0,178,room,1
image_27640_0,6,509,1,511,room,1
image_27640_1,457,512,105,239,room,1
image_27641_0,1,310,312,512,public_area,1
image_27641_1,302,326,98,119,service,1
image_27641_1,361,462,481,512,public_area,1
image_27642_0,201,430,227,348,public_area,1
image_27643_0,414,421,18,34,public_area,1
image_27643_1,312,511,0,395,room,1
image_27644_0,383,393,272,294,public_area,1
image_27646_0,191,219,286,312,public_area,1
image_27646_0,205,271,94,136,public_area,1
image_27647_0,267,510,5,511,room,1
image_27648_0,321,510,0,152,room,1
image_27648_1,476,512,28,169,room,1
image_27651_0,339,488,394,512,room,1
image_27651_0,279,511,1,442,room,1
image_27653_2,222,432,85,185,room,1
image_27653_2,256,376,294,478,room,1
image_27653_3,380,512,219,365,room,1
image_27653_3,345,511,365,511,room,1
image_27653_3,280,421,103,217,room,1
image_27653_4,221,511,180,510,room,1
image_27653_5,70,255,319,511,room,1
image_27654_0,400,512,296,512,room,1
image_27654_0,196,281,398,512,room,1
image_27655_1,89,232,353,512,food,1
image_27655_1,240,442,0,230,food,1
image_27655_1,249,458,296,512,food,1
image_27655_1,83,220,0,193,food,1
image_27655_2,201,263,161,272,food,1
image_27656_2,258,510,3,512,room,1
image_27656_2,67,169,262,408,room,1
image_27657_0,158,415,244,512,food,1
image_27657_1,95,232,200,247,public_area,1
image_27657_1,167,187,241,309,public_area,1
image_27657_1,184,311,320,384,public_area,1
image_27657_2,42,512,1,512,food,1
image_27658_0,370,377,239,253,public_area,1
image_27752_1,137,224,173,231,public_area,1
image_27752_1,157,209,414,445,public_area,1
image_27752_2,364,511,1,444,room,1
image_27753_1,246,270,290,311,public_area,1
image_27753_2,272,298,249,280,food,1
image_27753_3,200,323,0,71,public_area,1
image_27756_0,237,273,428,512,public_area,1
image_27756_0,273,309,457,512,public_area,1
image_27757_0,345,475,37,303,room,1
image_27757_0,414,512,1,263,room,1
image_27757_2,194,464,0,278,room,1
image_27758_0,85,362,162,508,food,1
image_27758_1,1,509,1,511,food,1
image_27759_0,452,461,483,498,public_area,1
image_27760_0,122,149,392,409,public_area,1
image_27766_0,250,321,344,392,public_area,1
image_27766_1,41,510,2,512,room,1
image_27772_0,100,414,71,503,food,1
image_27772_0,104,425,0,136,food,1
image_27773_0,104,277,0,179,room,1
image_27773_0,384,512,253,511,room,1
image_27870_0,399,505,423,512,public_area,1
image_27872_0,57,266,71,238,food,1
image_27872_1,68,135,284,321,public_area,1
image_27872_1,220,305,82,269,food,1
image_27872_1,217,288,394,512,food,1
image_27872_1,71,126,455,489,public_area,1
image_27872_1,96,168,319,370,public_area,1
image_27872_6,458,512,1,166,public_area,1
image_27873_0,178,417,376,512,room,1
image_27873_0,329,511,430,512,room,1
image_27873_0,153,321,241,354,room,1
image_27873_1,175,387,0,278,room,1
image_27873_1,483,512,427,511,room,1
image_27874_0,196,266,32,198,public_area,1
image_27876_0,304,467,370,512,public_area,1
image_27878_1,253,328,249,271,service,1
image_27880_0,322,511,165,511,public_area,1
image_27887_0,348,512,59,485,room,1
image_27889_0,267,512,1,383,room,1
image_27894_0,359,437,298,486,room,1
image_27894_0,358,454,132,330,room,1
image_27980_0,74,136,153,204,public_area,1
image_27980_3,213,359,0,162,room,1
image_27985_0,355,506,1,511,room,1
image_27986_0,336,426,298,474,room,1
image_27986_0,238,473,0,181,room,1
image_27986_1,252,512,54,430,room,1
image_27986_2,278,325,205,282,room,1
image_27988_0,477,512,2,499,room,1
image_27988_1,420,512,87,234,room,1
image_27989_0,248,512,21,409,room,1
image_28002_0,235,298,328,392,service,1
image_28003_0,339,458,154,239,public_area,1
image_28007_0,319,511,362,511,room,1
image_28007_0,320,512,1,180,room,1
image_28007_1,400,511,2,511,room,1
image_28009_0,204,371,157,366,room,1
image_28009_0,211,512,399,512,room,1
image_28010_0,460,512,0,183,room,1
image_28010_0,463,512,268,457,room,1
image_28119_1,116,290,189,221,room,1
image_28119_1,199,357,396,491,room,1
image_28119_2,198,330,401,512,room,1
image_28119_3,300,512,152,247,room,1
image_28119_3,316,512,269,379,room,1
image_28119_4,186,452,106,511,room,1
image_28120_2,254,511,1,289,room,1
image_28120_3,261,511,85,460,room,1
image_28120_4,288,511,17,511,room,1
image_28121_0,294,358,363,389,room,1
image_28121_0,327,447,0,189,room,1
image_28121_0,255,324,299,324,room,1
image_28121_1,310,511,1,374,room,1
image_28121_2,316,333,348,448,room,1
image_28121_2,399,511,213,511,room,1
image_28122_0,62,321,1,215,room,1
image_28123_0,260,512,4,367,room,1
image_28124_0,214,308,251,350,room,1
image_28125_0,286,445,452,512,room,1
image_28127_0,120,281,220,505,room,1
image_28128_0,224,433,0,186,room,1
image_28128_2,120,245,58,240,public_area,1
image_28132_0,0,279,234,501,room,1
image_28133_0,246,440,62,282,room,1
image_28133_1,389,512,28,161,room,1
image_28133_2,398,462,0,200,room,1
image_28135_1,378,420,403,466,public_area,1
image_28135_1,361,402,319,388,public_area,1
image_28136_0,74,440,66,501,room,1
image_28223_0,268,359,0,67,public_area,1
image_28223_0,290,372,250,428,public_area,1
image_28226_0,284,380,370,397,public_area,1
image_28226_0,280,308,290,317,public_area,1
image_28226_0,317,495,395,512,public_area,1
image_28227_0,1,184,454,512,room,1
image_28227_0,245,511,36,224,room,1
image_28227_1,373,512,17,203,room,1
image_28227_2,239,478,128,329,room,1
image_28227_2,308,421,55,174,room,1
image_28227_3,373,442,21,81,room,1
image_28227_4,267,511,2,511,room,1
image_28228_1,299,512,290,512,public_area,1
image_28228_1,99,324,344,451,public_area,1
image_28230_0,284,511,1,410,room,1
image_28230_1,114,288,251,512,room,1
image_28230_2,335,438,36,184,room,1
image_28230_2,302,454,187,319,room,1
image_28231_0,182,480,116,410,room,1
image_28232_0,253,465,234,371,public_area,1
image_28240_0,319,512,1,275,room,1
image_28240_1,225,511,106,477,room,1
image_28240_5,257,511,393,512,room,1
image_28240_5,201,431,0,237,room,1
image_28243_0,244,325,368,469,public_area,1
image_28243_1,353,508,30,408,room,1
image_28243_2,363,512,301,512,room,1
image_28243_2,192,353,187,512,room,1
image_28243_3,251,512,167,511,room,1
image_28261_0,365,507,18,85,public_area,1
image_28273_0,332,512,260,429,public_area,1
image_28273_5,41,75,0,58,public_area,1
image_28273_6,243,295,315,383,public_area,1
image_28274_3,182,239,274,482,room,1
image_28274_3,328,432,121,379,food,1
image_28276_3,301,346,438,500,public_area,1
image_28276_5,233,282,79,181,room,1
image_28277_2,324,371,119,291,public_area,1
image_28277_2,205,319,137,200,public_area,1
image_28277_2,187,288,59,101,service,1
image_28279_0,287,311,249,292,public_area,1
image_28279_0,285,314,207,249,public_area,1
image_28279_2,271,282,462,488,public_area,1
image_28279_2,260,282,489,512,public_area,1
image_28281_0,183,511,0,170,public_area,1
image_28282_0,133,276,414,512,public_area,1
image_28283_0,287,328,311,348,public_area,1
image_28283_0,337,414,232,306,public_area,1
image_28284_0,214,252,225,314,public_area,1
image_28306_0,140,228,0,101,public_area,1
image_28306_0,190,239,424,449,public_area,1
image_28306_0,234,510,1,418,public_area,1
image_28307_0,140,256,312,473,food,1
image_28307_1,201,312,39,186,food,1
image_28308_0,312,438,234,291,public_area,1
image_28311_4,452,512,183,511,public_area,1
image_28312_3,104,261,0,27,room,1
image_28312_3,285,509,218,391,room,1
image_28314_0,190,512,67,352,room,1
image_28315_0,248,332,268,506,room,1
image_28315_0,248,340,59,235,room,1
image_28341_1,260,512,1,330,room,1
image_28342_0,314,372,74,144,public_area,1
image_28342_0,315,372,0,63,public_area,1
image_28357_0,243,281,251,289,public_area,1
image_28359_2,70,512,86,380,room,1
image_28360_0,0,448,83,357,room,1
image_28360_1,358,511,470,512,room,1
image_28385_0,279,511,79,381,room,1
image_28386_0,214,283,412,458,public_area,1
image_28386_0,209,266,239,276,public_area,1
image_28387_0,381,512,275,356,public_area,1
image_28388_0,350,433,427,512,public_area,1
image_28388_0,214,296,466,512,public_area,1
image_28389_0,181,512,0,405,food,1
image_28390_0,195,229,243,270,service,1
image_28390_0,355,512,0,234,public_area,1
image_28391_0,278,305,176,248,room,1
image_28391_0,335,437,0,154,room,1
image_28406_0,1,490,4,509,public_area,1
image_28407_1,149,294,4,153,public_area,1
image_28407_2,204,430,278,512,public_area,1
image_28408_2,95,444,275,511,public_area,1
image_28408_2,110,284,154,303,public_area,1
image_28409_1,365,454,9,88,public_area,1
image_28411_2,156,361,31,280,public_area,1
image_28412_0,199,512,2,490,room,1
image_28412_1,364,512,9,137,public_area,1
image_28413_0,68,512,223,428,public_area,1
image_28414_0,84,512,327,511,public_area,1
image_28432_4,276,378,380,512,public_area,1
image_28433_0,275,366,237,362,room,1
image_28433_0,410,512,314,511,room,1
image_28443_0,333,439,101,182,room,1
image_28443_0,330,453,51,310,room,1
image_28443_2,378,512,121,485,room,1
image_28443_3,416,512,1,306,public_area,1
image_28444_0,264,351,369,511,room,1
image_28444_0,131,324,100,221,room,1
image_28444_1,321,464,302,512,room,1
image_28444_4,384,485,0,150,public_area,1
image_28444_5,51,369,56,380,food,1
image_28445_0,388,512,324,512,room,1
image_28445_2,235,419,0,90,room,1
image_28445_4,210,323,75,231,room,1
image_28445_4,186,294,226,344,room,1
image_28447_0,271,511,0,221,room,1
image_28447_1,48,156,251,416,room,1
image_28450_1,375,512,297,480,room,1
image_28457_2,340,512,149,444,room,1
image_28457_5,459,512,271,511,room,1
image_28458_0,332,512,392,512,public_area,1
image_28458_1,233,347,244,282,public_area,1
image_28458_1,288,458,0,119,public_area,1
image_28459_3,284,444,0,43,public_area,1
image_28459_3,291,422,296,499,public_area,1
image_28460_2,274,511,2,510,room,1
image_28461_4,312,449,18,337,food,1
image_28462_0,315,444,259,510,public_area,1
image_28465_1,381,482,48,139,room,1
image_28465_1,204,282,299,408,room,1
image_28465_1,421,512,213,511,room,1
image_28468_1,160,368,310,482,room,1
image_28469_0,352,382,40,137,public_area,1
image_28469_3,155,344,203,509,food,1
image_28469_3,184,396,1,301,food,1
image_28469_4,203,367,4,302,food,1
image_28469_4,209,367,266,512,food,1
image_28469_6,279,395,134,273,food,1
image_28469_6,280,379,273,412,food,1
image_28471_0,166,511,1,298,room,1
image_28471_1,265,511,1,500,room,1
image_28472_0,429,487,81,114,public_area,1
image_28500_0,112,168,190,259,public_area,1
image_28500_0,105,173,302,393,public_area,1
image_28502_0,227,511,14,403,food,1
image_28502_0,7,225,62,281,food,1
image_28502_2,0,105,205,416,public_area,1
image_28517_0,409,484,439,508,public_area,1
image_28517_1,269,426,189,393,room,1
image_28517_1,287,511,1,287,room,1
image_28519_2,216,511,0,479,room,1
image_28523_0,395,512,309,435,room,1
image_28523_0,387,511,1,119,room,1
image_28524_0,27,278,123,292,food,1
image_28555_3,385,512,411,508,room,1
image_28563_0,339,512,293,413,room,1
image_28563_0,229,280,10,81,room,1
image_28563_1,145,509,1,510,room,1
image_28565_0,457,512,0,128,room,1
image_28565_0,486,512,158,334,room,1
image_28565_0,453,512,383,512,room,1
image_28581_0,176,344,294,511,public_area,1
image_28583_0,308,474,234,511,public_area,1
image_28583_0,272,391,0,43,public_area,1
image_28583_2,287,348,131,297,public_area,1
image_28592_0,262,501,0,46,public_area,1
image_28592_0,252,372,200,256,public_area,1
image_28592_1,202,310,59,237,food,1
image_28592_1,116,204,151,289,food,1
image_28592_2,206,357,53,241,public_area,1
image_28593_2,339,433,129,167,public_area,1
image_28593_2,296,512,244,319,public_area,1
image_28593_4,197,285,36,100,public_area,1
image_28594_2,291,413,85,427,food,1
image_28595_1,436,512,36,154,public_area,1
image_28595_2,368,475,426,512,room,1
image_28597_2,180,512,0,497,food,1
image_28598_0,181,284,437,494,public_area,1
image_28606_0,185,511,1,511,room,1
image_28607_0,218,236,336,405,room,1
image_28607_0,203,511,388,512,room,1
image_28607_5,283,396,34,238,room,1
image_28607_5,241,500,214,413,room,1
image_28607_6,145,478,145,413,room,1
image_28608_2,192,511,270,511,room,1
image_28608_3,398,512,0,150,room,1
image_28608_3,407,512,132,385,room,1
image_28636_0,298,511,12,511,room,1
image_28636_0,96,204,179,363,room,1
image_28654_0,184,281,147,295,room,1
image_28654_1,409,511,147,511,room,1
image_28657_0,300,511,396,512,room,1
image_28658_0,374,485,446,512,room,1
image_28683_0,488,512,375,511,room,1
image_28684_0,276,320,387,435,public_area,1
image_28718_0,273,503,0,341,room,1
image_28719_0,443,511,4,510,room,1
image_28719_0,8,175,153,425,room,1
image_28719_1,240,512,281,511,room,1
image_28719_2,141,511,332,512,room,1
image_28719_2,153,511,1,293,room,1
image_28720_0,5,171,69,356,room,1
image_28721_0,221,512,37,511,room,1
image_28722_0,462,512,105,380,room,1
image_28768_0,358,512,374,431,public_area,1
image_28792_0,183,511,1,463,room,1
image_28792_1,33,511,2,397,room,1
image_28795_0,224,511,2,512,room,1
image_28797_0,91,507,1,505,room,1
image_28803_0,179,240,53,256,public_area,1
image_28804_0,46,223,0,162,public_area,1
image_28804_0,142,208,188,213,public_area,1
image_28805_0,0,68,346,378,public_area,1
image_28805_0,5,82,147,306,public_area,1
image_28806_0,100,183,0,74,public_area,1
image_28807_0,333,388,38,80,public_area,1
image_28807_0,250,292,0,74,public_area,1
image_28808_0,339,480,459,510,public_area,1
image_28809_0,257,511,171,511,room,1
image_28809_0,255,482,0,275,room,1
image_28809_1,109,212,0,56,room,1
image_28809_1,272,477,358,512,room,1
image_28809_3,55,202,113,328,public_area,1
image_28810_0,189,334,81,247,public_area,1
image_28810_1,276,511,84,511,room,1
image_28811_0,238,361,218,351,room,1
image_28812_2,162,307,57,330,public_area,1
image_28830_0,325,427,85,178,room,1
image_28830_0,355,512,396,511,room,1
image_28830_0,283,367,178,211,room,1
image_28833_0,390,511,359,511,room,1
image_28833_0,317,512,3,288,room,1
image_28834_3,223,374,368,507,public_area,1
image_28835_2,481,511,93,377,room,1
image_28837_1,290,511,2,370,room,1
image_28837_2,275,512,402,512,public_area,1
image_28837_2,280,345,282,341,service,1
image_28838_1,238,510,3,510,room,1
image_28839_0,243,502,123,512,room,1
image_28839_1,327,511,38,510,room,1
image_28841_0,481,512,420,511,room,1
image_28842_0,155,504,2,511,room,1
image_28843_0,138,258,219,396,room,1
image_28843_0,321,490,249,340,room,1
image_28843_1,351,490,1,138,room,1
image_28843_1,253,511,219,511,room,1
image_28904_0,58,279,0,255,room,1
image_28904_0,183,435,284,438,room,1
image_28904_1,301,336,207,308,room,1
image_28905_0,290,320,245,371,room,1
image_28905_1,193,511,156,511,room,1
image_28909_0,324,511,1,308,room,1
image_28909_1,70,174,38,199,room,1
image_28909_1,353,490,94,210,room,1
image_28910_0,191,303,158,259,public_area,1
image_28910_0,138,382,425,512,public_area,1
image_28910_4,184,511,1,511,room,1
image_28911_0,204,337,81,185,public_area,1
image_28912_0,108,195,245,377,room,1
image_28916_1,480,512,170,511,room,1
image_28916_1,198,286,163,306,room,1
image_28917_0,1,126,472,512,room,1
image_28917_0,236,512,80,364,room,1
image_28960_2,299,342,293,348,public_area,1
image_28960_2,328,427,0,122,public_area,1
image_28961_0,346,444,225,303,public_area,1
image_28966_1,416,436,412,431,public_area,1
image_28973_0,255,460,1,287,room,1
image_28973_1,150,245,21,47,room,1
image_28973_1,266,443,239,511,room,1
image_28974_0,195,511,71,484,room,1
image_28975_0,18,37,7,76,public_area,1
image_28977_0,234,271,264,318,room,1
image_28977_0,352,512,1,364,room,1
image_28993_0,226,398,148,404,room,1
image_28994_2,381,512,129,362,room,1
image_28995_0,245,304,19,104,public_area,1
image_28995_0,291,424,56,165,food,1
image_29011_0,218,350,252,346,room,1
image_29011_0,297,506,36,113,room,1
image_29011_2,176,512,0,339,room,1
image_29018_0,259,511,213,512,room,1
image_29020_0,325,512,170,372,room,1
image_29020_0,345,467,328,394,room,1
image_29020_1,260,511,1,511,room,1
image_29021_0,239,512,17,365,room,1
image_29023_1,310,405,181,342,room,1
image_29024_0,225,511,23,511,room,1
image_29025_0,37,365,451,512,public_area,1
image_29025_0,321,512,191,322,public_area,1
image_29026_0,377,511,359,511,room,1
image_29027_0,425,512,200,511,room,1
image_29027_0,224,381,62,264,room,1
image_29028_0,317,512,153,386,room,1
image_29028_0,374,512,365,512,room,1
image_29140_0,178,252,101,204,room,1
image_29140_0,297,511,151,511,room,1
image_29140_1,169,280,460,497,room,1
image_29140_1,239,463,81,354,room,1
image_29140_1,347,512,364,512,room,1
image_29140_2,212,296,185,242,public_area,1
image_29140_2,189,316,350,430,public_area,1
image_29141_0,403,511,202,321,room,1
image_29141_0,377,435,44,176,room,1
image_29141_1,202,297,23,167,room,1
image_29141_1,308,433,395,509,room,1
image_29141_2,257,487,232,512,room,1
image_29142_0,384,511,2,511,room,1
image_29142_0,103,246,200,416,room,1
image_29143_0,294,411,291,384,public_area,1
image_29143_0,309,447,212,322,public_area,1
image_29145_0,178,353,88,201,room,1
image_29146_0,0,130,76,303,room,1
image_29147_0,193,512,0,491,room,1
image_29149_0,3,510,1,428,room,1
image_29150_0,373,436,334,393,room,1
image_29151_1,51,211,495,512,room,1
image_29151_2,268,419,426,512,room,1
image_29301_0,225,270,130,184,public_area,1
image_29301_0,328,512,0,139,public_area,1
image_29302_0,4,137,192,273,public_area,1
image_29302_0,120,279,336,511,public_area,1
image_29302_1,206,480,86,374,room,1
image_29303_0,151,511,49,503,room,1
image_29303_1,290,494,201,464,room,1
image_29303_1,231,312,78,102,room,1
image_29304_2,272,351,76,175,public_area,1
image_29304_2,291,420,54,128,public_area,1
image_29305_0,322,406,350,512,room,1
image_29305_0,302,511,84,185,room,1
image_29305_1,368,512,338,462,room,1
image_29305_2,379,499,149,379,room,1
image_29305_3,156,225,84,112,room,1
image_29305_3,260,381,243,410,room,1
image_29306_0,148,511,106,511,room,1
image_29307_0,202,245,131,191,room,1
image_29307_0,281,511,59,511,room,1
image_29321_0,0,509,1,510,room,1
image_29358_0,259,281,86,208,room,1
image_29359_0,238,512,20,512,room,1
image_29360_0,182,245,311,429,public_area,1
image_29361_0,126,511,1,388,room,1
image_29362_0,311,447,23,140,room,1
image_29362_0,136,269,242,347,room,1
image_29362_1,259,478,97,512,room,1
image_29363_0,250,300,353,429,room,1
image_29363_0,316,512,1,328,room,1
image_29363_1,271,511,160,455,room,1
image_29400_0,330,499,372,512,public_area,1
image_29401_0,225,320,16,134,public_area,1
image_29401_0,121,167,213,264,public_area,1
image_29402_0,334,374,340,378,public_area,1
image_29402_0,358,458,0,66,public_area,1
image_29402_0,262,305,151,206,public_area,1
image_29403_0,303,354,465,512,public_area,1
image_29403_0,364,512,308,457,public_area,1
image_29404_0,408,493,284,373,public_area,1
image_29404_0,323,393,279,349,public_area,1
image_29404_0,320,420,399,500,public_area,1
image_29406_0,369,490,465,512,public_area,1
image_29406_0,212,250,162,209,public_area,1
image_29407_0,153,316,371,512,public_area,1
image_29407_0,171,317,146,285,public_area,1
image_29408_0,37,493,16,506,public_area,1
image_29409_0,289,512,70,328,public_area,1
image_29411_0,337,438,0,161,room,1
image_29411_0,369,512,181,378,room,1
image_29411_1,125,184,291,359,room,1
image_29411_1,249,511,1,385,room,1
image_29411_2,204,510,110,482,room,1
image_29412_0,191,255,344,388,public_area,1
image_29412_0,137,252,131,174,public_area,1
image_29413_0,204,512,3,425,public_area,1
image_29414_0,229,428,20,419,public_area,1
image_29415_0,456,512,253,287,public_area,1
image_29415_0,491,512,482,512,public_area,1
image_29415_0,366,403,350,409,public_area,1
image_29416_0,378,511,289,511,room,1
image_29417_0,279,356,102,146,public_area,1
image_29417_0,302,410,251,427,public_area,1
image_29417_0,277,358,137,189,public_area,1
image_29417_1,317,436,0,111,public_area,1
image_29417_1,353,511,166,278,public_area,1
image_29418_0,414,511,1,241,room,1
image_29419_0,300,486,109,441,public_area,1
image_29420_0,225,319,13,135,public_area,1
image_29420_0,121,167,213,264,public_area,1
image_29421_0,283,466,0,170,room,1
image_29421_0,221,426,178,430,room,1
image_29422_0,326,408,180,274,public_area,1
image_29422_0,318,451,324,388,public_area,1
image_29422_0,97,205,398,512,public_area,1
image_29423_0,245,303,333,373,public_area,1
image_29423_0,250,328,86,186,public_area,1
image_29423_0,173,206,218,270,public_area,1
image_29424_0,300,412,259,330,public_area,1
image_29424_0,366,512,299,455,public_area,1
image_29425_0,345,464,455,512,room,1
image_29425_0,231,512,1,377,room,1
image_29426_0,343,407,210,324,public_area,1
image_29426_0,298,365,192,239,public_area,1
image_29427_0,229,356,92,180,public_area,1
image_29427_0,301,512,165,500,public_area,1
image_29428_0,208,504,243,472,public_area,1
image_29428_0,224,353,94,221,public_area,1
image_29429_0,325,486,340,412,public_area,1
image_29430_0,203,324,162,244,public_area,1
image_29430_0,277,511,209,511,public_area,1
image_29431_0,267,512,64,261,public_area,1
image_29431_0,354,506,345,473,public_area,1
image_29432_0,100,233,167,319,public_area,1
image_29432_0,189,433,333,512,public_area,1
image_29434_0,238,295,415,462,service,1
image_29434_0,287,488,0,110,public_area,1
image_29434_0,320,483,64,195,public_area,1
image_29435_0,424,507,1,505,room,1
image_29435_0,365,470,411,483,room,1
image_29435_1,203,510,1,511,room,1
image_29435_2,186,510,2,511,room,1
image_29436_0,228,280,71,97,public_area,1
image_29436_0,340,511,0,48,public_area,1
image_29436_0,183,264,350,417,service,1
image_29436_1,363,511,163,231,public_area,1
image_29437_0,219,415,394,512,public_area,1
image_29437_0,229,467,0,371,public_area,1
image_29438_0,308,376,111,223,public_area,1
image_29438_0,333,466,237,439,public_area,1
image_29438_0,328,431,19,144,public_area,1
image_29439_0,311,467,371,512,public_area,1
image_29439_0,261,306,101,149,service,1
image_29439_0,308,379,237,304,public_area,1
image_29440_0,202,367,118,188,public_area,1
image_29440_0,273,511,161,497,public_area,1
image_29441_0,256,371,402,481,public_area,1
image_29441_0,276,445,145,262,public_area,1
image_29441_0,363,512,260,425,public_area,1
image_29442_0,434,512,217,355,public_area,1
image_29442_0,299,466,0,163,public_area,1
image_29443_0,300,415,135,368,public_area,1
image_29443_0,363,511,300,419,public_area,1
image_29443_0,302,444,1,147,public_area,1
image_29444_0,243,512,18,239,public_area,1
image_29444_0,190,432,0,474,public_area,1
image_29445_0,199,268,13,70,public_area,1
image_29445_0,176,363,373,511,public_area,1
image_29447_0,492,512,12,355,room,1
image_29448_0,397,511,205,370,room,1
image_29449_0,214,512,2,398,room,1
image_29450_0,305,509,0,473,public_area,1
image_29451_0,291,512,157,411,service,1
image_29452_0,309,336,105,147,room,1
image_29452_0,303,511,215,512,room,1
image_29452_1,202,300,46,205,room,1
image_29452_2,208,511,1,285,room,1
image_29453_0,233,320,141,242,public_area,1
image_29453_0,139,183,330,391,public_area,1
image_29455_0,375,512,194,464,public_area,1
image_29455_0,199,304,195,286,public_area,1
image_29456_1,212,302,468,512,public_area,1
image_29456_1,154,255,65,123,public_area,1
image_29457_0,342,469,410,511,public_area,1
image_29457_0,268,511,150,387,public_area,1
image_29457_0,176,218,11,65,public_area,1
image_29458_0,0,503,28,449,public_area,1
image_29459_0,295,392,191,258,public_area,1
image_29459_0,255,357,407,449,public_area,1
image_29459_0,343,496,257,381,public_area,1
image_29461_0,487,512,148,356,room,1
image_29463_0,329,378,239,271,public_area,1
image_29464_0,255,395,443,512,public_area,1
image_29465_0,322,433,273,461,public_area,1
image_29465_0,327,442,59,165,public_area,1
image_29467_0,232,414,96,383,room,1
image_29470_0,297,424,329,394,public_area,1
image_29470_0,373,511,388,512,public_area,1
image_29471_0,222,263,335,357,public_area,1
image_29471_0,292,454,459,512,public_area,1
image_29471_0,118,168,74,135,public_area,1
image_29472_0,296,400,412,479,public_area,1
image_29472_0,224,355,436,505,public_area,1
image_29472_0,206,366,378,428,service,1
image_29473_0,207,232,435,448,public_area,1
image_29473_0,183,285,0,57,public_area,1
image_29473_0,72,127,149,210,public_area,1
image_29474_0,353,491,219,347,public_area,1
image_29474_0,344,512,338,431,public_area,1
image_29475_0,230,284,230,252,public_area,1
image_29475_0,232,305,187,236,public_area,1
image_29476_0,44,109,30,124,public_area,1
image_29477_0,417,512,187,432,public_area,1
image_29477_0,272,373,234,306,public_area,1
image_29477_0,342,512,310,511,public_area,1
image_29478_0,305,422,345,426,public_area,1
image_29478_0,385,512,424,512,public_area,1
image_29479_0,241,502,281,512,public_area,1
image_29479_0,257,390,57,184,public_area,1
image_29480_0,356,512,2,409,public_area,1
image_29480_1,390,487,331,410,room,1
image_29480_1,246,314,221,325,room,1
image_29480_2,305,355,300,393,room,1
image_29481_0,368,512,27,402,public_area,1
image_29482_0,263,400,135,206,public_area,1
image_29482_0,343,512,184,511,public_area,1
image_29483_0,304,388,327,405,public_area,1
image_29484_0,240,329,54,108,public_area,1
image_29484_0,243,372,452,512,public_area,1
image_29485_0,231,273,362,393,service,1
image_29485_0,329,438,456,512,public_area,1
image_29485_0,226,269,323,352,service,1
image_29485_0,191,213,307,342,public_area,1
image_29486_0,269,430,311,441,public_area,1
image_29487_0,288,415,419,486,public_area,1
image_29487_0,384,506,454,512,public_area,1
image_29488_0,2,410,0,269,public_area,1
image_29489_0,302,449,272,375,public_area,1
image_29489_0,289,454,375,512,public_area,1
image_29490_0,291,422,108,259,public_area,1
image_29490_0,135,284,216,283,public_area,1
image_29491_0,147,510,52,275,public_area,1
image_29491_0,351,484,312,433,public_area,1
image_29493_0,1,349,3,245,public_area,1
image_29493_0,223,481,312,512,public_area,1
image_29493_0,188,256,332,460,public_area,1
image_29494_0,133,279,0,67,public_area,1
image_29494_0,192,512,265,512,public_area,1
image_29494_0,126,299,73,393,public_area,1
image_29495_0,278,373,187,266,public_area,1
image_29495_0,256,378,133,213,public_area,1
image_29496_0,457,512,0,46,room,1
image_29496_0,295,512,323,491,room,1
image_29497_0,195,390,179,366,public_area,1
image_29497_0,321,512,383,512,public_area,1
image_29498_0,256,325,315,367,public_area,1
image_29498_0,272,342,51,135,public_area,1
image_29498_0,268,435,376,512,public_area,1
image_29499_0,288,398,133,235,public_area,1
image_29499_0,287,476,192,429,public_area,1
image_29500_0,280,332,0,95,public_area,1
image_29500_0,220,364,467,512,public_area,1
image_29501_0,352,487,267,361,public_area,1
image_29501_0,343,489,369,512,public_area,1
image_29501_0,344,488,118,259,public_area,1
image_29502_0,149,201,458,512,public_area,1
image_29503_0,279,512,130,402,room,1
image_29504_0,316,512,169,237,public_area,1
image_29506_0,238,469,297,480,public_area,1
image_29506_0,272,374,204,304,public_area,1
image_29507_0,396,510,407,512,public_area,1
image_29507_0,267,397,472,512,public_area,1
image_29508_0,383,512,59,511,public_area,1
image_29509_0,244,311,209,296,public_area,1
image_29509_0,120,168,306,381,public_area,1
image_29511_0,338,511,1,381,public_area,1
image_29511_0,228,354,0,325,public_area,1
image_29512_0,146,433,38,212,public_area,1
image_29512_0,238,510,118,511,public_area,1
image_29513_0,34,511,179,511,public_area,1
image_29513_0,172,220,40,100,public_area,1
image_29514_0,230,330,255,372,public_area,1
image_29514_0,209,298,414,437,public_area,1
image_29515_0,421,512,401,512,public_area,1
image_29515_0,402,512,1,97,public_area,1
image_29517_1,222,512,169,511,room,1
image_29517_2,373,497,123,297,room,1
image_29517_4,161,372,148,426,food,1
image_29518_3,348,512,333,431,public_area,1
image_29519_0,257,359,29,97,public_area,1
image_29519_0,236,348,0,46,public_area,1
image_29520_0,382,512,468,512,public_area,1
image_29520_0,264,299,398,432,service,1
image_29520_0,190,215,350,393,public_area,1
image_29521_0,304,366,278,322,public_area,1
image_29522_0,96,509,1,512,room,1
image_29523_0,378,511,225,316,public_area,1
image_29523_0,362,512,320,465,public_area,1
image_29523_0,369,512,69,209,public_area,1
image_29524_0,287,423,428,499,public_area,1
image_29526_0,281,507,113,353,room,1
image_29526_0,237,269,0,56,room,1
image_29526_0,275,482,356,512,room,1
image_29527_0,209,329,286,370,public_area,1
image_29527_0,320,463,359,469,public_area,1
image_29527_0,258,335,373,477,public_area,1
image_29528_0,388,498,348,442,room,1
image_29528_0,176,274,228,379,room,1
image_29529_0,165,228,384,489,room,1
image_29529_0,284,511,1,449,room,1
image_29529_1,213,367,464,512,room,1
image_29529_1,273,500,46,327,room,1
image_29529_2,163,319,13,420,public_area,1
image_29529_2,292,464,6,398,food,1
image_29530_0,199,383,0,176,public_area,1
image_29530_0,204,413,325,512,public_area,1
